INSERT INTO instance(nom) VALUES ('P-n021-k02');

INSERT INTO point(pointtype, x, y, ninstance) VALUES (1, 30, 40, (SELECT id FROM instance WHERE nom = 'P-n021-k02'));
INSERT INTO depot(id) VALUES (SELECT id FROM point WHERE x=30 AND y=40 AND ninstance = (SELECT id FROM instance WHERE nom = 'P-n021-k02'));

INSERT INTO point(pointtype, x, y, ninstance) VALUES (2, 37, 52, (SELECT id FROM instance WHERE nom = 'P-n021-k02'));
INSERT INTO client(demand, id) VALUES (7, (SELECT id FROM point WHERE x=37 AND y=52 AND ninstance = (SELECT id FROM instance WHERE nom = 'P-n021-k02')));
INSERT INTO point(pointtype, x, y, ninstance) VALUES (2, 49, 49, (SELECT id FROM instance WHERE nom = 'P-n021-k02'));
INSERT INTO client(demand, id) VALUES (30, (SELECT id FROM point WHERE x=49 AND y=49 AND ninstance = (SELECT id FROM instance WHERE nom = 'P-n021-k02')));
INSERT INTO point(pointtype, x, y, ninstance) VALUES (2, 52, 64, (SELECT id FROM instance WHERE nom = 'P-n021-k02'));
INSERT INTO client(demand, id) VALUES (16, (SELECT id FROM point WHERE x=52 AND y=64 AND ninstance = (SELECT id FROM instance WHERE nom = 'P-n021-k02')));
INSERT INTO point(pointtype, x, y, ninstance) VALUES (2, 31, 62, (SELECT id FROM instance WHERE nom = 'P-n021-k02'));
INSERT INTO client(demand, id) VALUES (23, (SELECT id FROM point WHERE x=31 AND y=62 AND ninstance = (SELECT id FROM instance WHERE nom = 'P-n021-k02')));
INSERT INTO point(pointtype, x, y, ninstance) VALUES (2, 52, 33, (SELECT id FROM instance WHERE nom = 'P-n021-k02'));
INSERT INTO client(demand, id) VALUES (11, (SELECT id FROM point WHERE x=52 AND y=33 AND ninstance = (SELECT id FROM instance WHERE nom = 'P-n021-k02')));
INSERT INTO point(pointtype, x, y, ninstance) VALUES (2, 42, 41, (SELECT id FROM instance WHERE nom = 'P-n021-k02'));
INSERT INTO client(demand, id) VALUES (19, (SELECT id FROM point WHERE x=42 AND y=41 AND ninstance = (SELECT id FROM instance WHERE nom = 'P-n021-k02')));
INSERT INTO point(pointtype, x, y, ninstance) VALUES (2, 52, 41, (SELECT id FROM instance WHERE nom = 'P-n021-k02'));
INSERT INTO client(demand, id) VALUES (15, (SELECT id FROM point WHERE x=52 AND y=41 AND ninstance = (SELECT id FROM instance WHERE nom = 'P-n021-k02')));
INSERT INTO point(pointtype, x, y, ninstance) VALUES (2, 57, 58, (SELECT id FROM instance WHERE nom = 'P-n021-k02'));
INSERT INTO client(demand, id) VALUES (28, (SELECT id FROM point WHERE x=57 AND y=58 AND ninstance = (SELECT id FROM instance WHERE nom = 'P-n021-k02')));
INSERT INTO point(pointtype, x, y, ninstance) VALUES (2, 62, 42, (SELECT id FROM instance WHERE nom = 'P-n021-k02'));
INSERT INTO client(demand, id) VALUES (8, (SELECT id FROM point WHERE x=62 AND y=42 AND ninstance = (SELECT id FROM instance WHERE nom = 'P-n021-k02')));
INSERT INTO point(pointtype, x, y, ninstance) VALUES (2, 42, 57, (SELECT id FROM instance WHERE nom = 'P-n021-k02'));
INSERT INTO client(demand, id) VALUES (8, (SELECT id FROM point WHERE x=42 AND y=57 AND ninstance = (SELECT id FROM instance WHERE nom = 'P-n021-k02')));
INSERT INTO point(pointtype, x, y, ninstance) VALUES (2, 27, 68, (SELECT id FROM instance WHERE nom = 'P-n021-k02'));
INSERT INTO client(demand, id) VALUES (7, (SELECT id FROM point WHERE x=27 AND y=68 AND ninstance = (SELECT id FROM instance WHERE nom = 'P-n021-k02')));
INSERT INTO point(pointtype, x, y, ninstance) VALUES (2, 43, 67, (SELECT id FROM instance WHERE nom = 'P-n021-k02'));
INSERT INTO client(demand, id) VALUES (14, (SELECT id FROM point WHERE x=43 AND y=67 AND ninstance = (SELECT id FROM instance WHERE nom = 'P-n021-k02')));
INSERT INTO point(pointtype, x, y, ninstance) VALUES (2, 58, 48, (SELECT id FROM instance WHERE nom = 'P-n021-k02'));
INSERT INTO client(demand, id) VALUES (6, (SELECT id FROM point WHERE x=58 AND y=48 AND ninstance = (SELECT id FROM instance WHERE nom = 'P-n021-k02')));
INSERT INTO point(pointtype, x, y, ninstance) VALUES (2, 58, 27, (SELECT id FROM instance WHERE nom = 'P-n021-k02'));
INSERT INTO client(demand, id) VALUES (19, (SELECT id FROM point WHERE x=58 AND y=27 AND ninstance = (SELECT id FROM instance WHERE nom = 'P-n021-k02')));
INSERT INTO point(pointtype, x, y, ninstance) VALUES (2, 37, 69, (SELECT id FROM instance WHERE nom = 'P-n021-k02'));
INSERT INTO client(demand, id) VALUES (11, (SELECT id FROM point WHERE x=37 AND y=69 AND ninstance = (SELECT id FROM instance WHERE nom = 'P-n021-k02')));
INSERT INTO point(pointtype, x, y, ninstance) VALUES (2, 38, 46, (SELECT id FROM instance WHERE nom = 'P-n021-k02'));
INSERT INTO client(demand, id) VALUES (12, (SELECT id FROM point WHERE x=38 AND y=46 AND ninstance = (SELECT id FROM instance WHERE nom = 'P-n021-k02')));
INSERT INTO point(pointtype, x, y, ninstance) VALUES (2, 61, 33, (SELECT id FROM instance WHERE nom = 'P-n021-k02'));
INSERT INTO client(demand, id) VALUES (26, (SELECT id FROM point WHERE x=61 AND y=33 AND ninstance = (SELECT id FROM instance WHERE nom = 'P-n021-k02')));
INSERT INTO point(pointtype, x, y, ninstance) VALUES (2, 62, 63, (SELECT id FROM instance WHERE nom = 'P-n021-k02'));
INSERT INTO client(demand, id) VALUES (17, (SELECT id FROM point WHERE x=62 AND y=63 AND ninstance = (SELECT id FROM instance WHERE nom = 'P-n021-k02')));
INSERT INTO point(pointtype, x, y, ninstance) VALUES (2, 63, 69, (SELECT id FROM instance WHERE nom = 'P-n021-k02'));
INSERT INTO client(demand, id) VALUES (6, (SELECT id FROM point WHERE x=63 AND y=69 AND ninstance = (SELECT id FROM instance WHERE nom = 'P-n021-k02')));
INSERT INTO point(pointtype, x, y, ninstance) VALUES (2, 45, 35, (SELECT id FROM instance WHERE nom = 'P-n021-k02'));
INSERT INTO client(demand, id) VALUES (15, (SELECT id FROM point WHERE x=45 AND y=35 AND ninstance = (SELECT id FROM instance WHERE nom = 'P-n021-k02')));

INSERT INTO route(ndepart, narrivee, distance) VALUES ( (SELECT id FROM point WHERE x=30 AND y=40 AND ninstance = (SELECT id FROM instance WHERE nom = 'P-n021-k02')), (SELECT id FROM point WHERE x=37 AND y=52 AND ninstance = (SELECT id FROM instance WHERE nom = 'P-n021-k02')), 13.89);
INSERT INTO route(ndepart, narrivee, distance) VALUES ( (SELECT id FROM point WHERE x=30 AND y=40 AND ninstance = (SELECT id FROM instance WHERE nom = 'P-n021-k02')), (SELECT id FROM point WHERE x=49 AND y=49 AND ninstance = (SELECT id FROM instance WHERE nom = 'P-n021-k02')), 21.02);
INSERT INTO route(ndepart, narrivee, distance) VALUES ( (SELECT id FROM point WHERE x=30 AND y=40 AND ninstance = (SELECT id FROM instance WHERE nom = 'P-n021-k02')), (SELECT id FROM point WHERE x=52 AND y=64 AND ninstance = (SELECT id FROM instance WHERE nom = 'P-n021-k02')), 32.55);
INSERT INTO route(ndepart, narrivee, distance) VALUES ( (SELECT id FROM point WHERE x=30 AND y=40 AND ninstance = (SELECT id FROM instance WHERE nom = 'P-n021-k02')), (SELECT id FROM point WHERE x=31 AND y=62 AND ninstance = (SELECT id FROM instance WHERE nom = 'P-n021-k02')), 22.02);
INSERT INTO route(ndepart, narrivee, distance) VALUES ( (SELECT id FROM point WHERE x=30 AND y=40 AND ninstance = (SELECT id FROM instance WHERE nom = 'P-n021-k02')), (SELECT id FROM point WHERE x=52 AND y=33 AND ninstance = (SELECT id FROM instance WHERE nom = 'P-n021-k02')), 23.08);
INSERT INTO route(ndepart, narrivee, distance) VALUES ( (SELECT id FROM point WHERE x=30 AND y=40 AND ninstance = (SELECT id FROM instance WHERE nom = 'P-n021-k02')), (SELECT id FROM point WHERE x=42 AND y=41 AND ninstance = (SELECT id FROM instance WHERE nom = 'P-n021-k02')), 12.04);
INSERT INTO route(ndepart, narrivee, distance) VALUES ( (SELECT id FROM point WHERE x=30 AND y=40 AND ninstance = (SELECT id FROM instance WHERE nom = 'P-n021-k02')), (SELECT id FROM point WHERE x=52 AND y=41 AND ninstance = (SELECT id FROM instance WHERE nom = 'P-n021-k02')), 22.02);
INSERT INTO route(ndepart, narrivee, distance) VALUES ( (SELECT id FROM point WHERE x=30 AND y=40 AND ninstance = (SELECT id FROM instance WHERE nom = 'P-n021-k02')), (SELECT id FROM point WHERE x=57 AND y=58 AND ninstance = (SELECT id FROM instance WHERE nom = 'P-n021-k02')), 32.44);
INSERT INTO route(ndepart, narrivee, distance) VALUES ( (SELECT id FROM point WHERE x=30 AND y=40 AND ninstance = (SELECT id FROM instance WHERE nom = 'P-n021-k02')), (SELECT id FROM point WHERE x=62 AND y=42 AND ninstance = (SELECT id FROM instance WHERE nom = 'P-n021-k02')), 32.06);
INSERT INTO route(ndepart, narrivee, distance) VALUES ( (SELECT id FROM point WHERE x=30 AND y=40 AND ninstance = (SELECT id FROM instance WHERE nom = 'P-n021-k02')), (SELECT id FROM point WHERE x=42 AND y=57 AND ninstance = (SELECT id FROM instance WHERE nom = 'P-n021-k02')), 20.8);
INSERT INTO route(ndepart, narrivee, distance) VALUES ( (SELECT id FROM point WHERE x=30 AND y=40 AND ninstance = (SELECT id FROM instance WHERE nom = 'P-n021-k02')), (SELECT id FROM point WHERE x=27 AND y=68 AND ninstance = (SELECT id FROM instance WHERE nom = 'P-n021-k02')), 28.16);
INSERT INTO route(ndepart, narrivee, distance) VALUES ( (SELECT id FROM point WHERE x=30 AND y=40 AND ninstance = (SELECT id FROM instance WHERE nom = 'P-n021-k02')), (SELECT id FROM point WHERE x=43 AND y=67 AND ninstance = (SELECT id FROM instance WHERE nom = 'P-n021-k02')), 29.96);
INSERT INTO route(ndepart, narrivee, distance) VALUES ( (SELECT id FROM point WHERE x=30 AND y=40 AND ninstance = (SELECT id FROM instance WHERE nom = 'P-n021-k02')), (SELECT id FROM point WHERE x=58 AND y=48 AND ninstance = (SELECT id FROM instance WHERE nom = 'P-n021-k02')), 29.12);
INSERT INTO route(ndepart, narrivee, distance) VALUES ( (SELECT id FROM point WHERE x=30 AND y=40 AND ninstance = (SELECT id FROM instance WHERE nom = 'P-n021-k02')), (SELECT id FROM point WHERE x=58 AND y=27 AND ninstance = (SELECT id FROM instance WHERE nom = 'P-n021-k02')), 30.87);
INSERT INTO route(ndepart, narrivee, distance) VALUES ( (SELECT id FROM point WHERE x=30 AND y=40 AND ninstance = (SELECT id FROM instance WHERE nom = 'P-n021-k02')), (SELECT id FROM point WHERE x=37 AND y=69 AND ninstance = (SELECT id FROM instance WHERE nom = 'P-n021-k02')), 29.83);
INSERT INTO route(ndepart, narrivee, distance) VALUES ( (SELECT id FROM point WHERE x=30 AND y=40 AND ninstance = (SELECT id FROM instance WHERE nom = 'P-n021-k02')), (SELECT id FROM point WHERE x=38 AND y=46 AND ninstance = (SELECT id FROM instance WHERE nom = 'P-n021-k02')), 10.0);
INSERT INTO route(ndepart, narrivee, distance) VALUES ( (SELECT id FROM point WHERE x=30 AND y=40 AND ninstance = (SELECT id FROM instance WHERE nom = 'P-n021-k02')), (SELECT id FROM point WHERE x=61 AND y=33 AND ninstance = (SELECT id FROM instance WHERE nom = 'P-n021-k02')), 31.78);
INSERT INTO route(ndepart, narrivee, distance) VALUES ( (SELECT id FROM point WHERE x=30 AND y=40 AND ninstance = (SELECT id FROM instance WHERE nom = 'P-n021-k02')), (SELECT id FROM point WHERE x=62 AND y=63 AND ninstance = (SELECT id FROM instance WHERE nom = 'P-n021-k02')), 39.4);
INSERT INTO route(ndepart, narrivee, distance) VALUES ( (SELECT id FROM point WHERE x=30 AND y=40 AND ninstance = (SELECT id FROM instance WHERE nom = 'P-n021-k02')), (SELECT id FROM point WHERE x=63 AND y=69 AND ninstance = (SELECT id FROM instance WHERE nom = 'P-n021-k02')), 43.93);
INSERT INTO route(ndepart, narrivee, distance) VALUES ( (SELECT id FROM point WHERE x=30 AND y=40 AND ninstance = (SELECT id FROM instance WHERE nom = 'P-n021-k02')), (SELECT id FROM point WHERE x=45 AND y=35 AND ninstance = (SELECT id FROM instance WHERE nom = 'P-n021-k02')), 15.81);
INSERT INTO route(ndepart, narrivee, distance) VALUES ( (SELECT id FROM point WHERE x=37 AND y=52 AND ninstance = (SELECT id FROM instance WHERE nom = 'P-n021-k02')), (SELECT id FROM point WHERE x=30 AND y=40 AND ninstance = (SELECT id FROM instance WHERE nom = 'P-n021-k02')), 13.89);
INSERT INTO route(ndepart, narrivee, distance) VALUES ( (SELECT id FROM point WHERE x=37 AND y=52 AND ninstance = (SELECT id FROM instance WHERE nom = 'P-n021-k02')), (SELECT id FROM point WHERE x=49 AND y=49 AND ninstance = (SELECT id FROM instance WHERE nom = 'P-n021-k02')), 12.36);
INSERT INTO route(ndepart, narrivee, distance) VALUES ( (SELECT id FROM point WHERE x=37 AND y=52 AND ninstance = (SELECT id FROM instance WHERE nom = 'P-n021-k02')), (SELECT id FROM point WHERE x=52 AND y=64 AND ninstance = (SELECT id FROM instance WHERE nom = 'P-n021-k02')), 19.2);
INSERT INTO route(ndepart, narrivee, distance) VALUES ( (SELECT id FROM point WHERE x=37 AND y=52 AND ninstance = (SELECT id FROM instance WHERE nom = 'P-n021-k02')), (SELECT id FROM point WHERE x=31 AND y=62 AND ninstance = (SELECT id FROM instance WHERE nom = 'P-n021-k02')), 11.66);
INSERT INTO route(ndepart, narrivee, distance) VALUES ( (SELECT id FROM point WHERE x=37 AND y=52 AND ninstance = (SELECT id FROM instance WHERE nom = 'P-n021-k02')), (SELECT id FROM point WHERE x=52 AND y=33 AND ninstance = (SELECT id FROM instance WHERE nom = 'P-n021-k02')), 24.2);
INSERT INTO route(ndepart, narrivee, distance) VALUES ( (SELECT id FROM point WHERE x=37 AND y=52 AND ninstance = (SELECT id FROM instance WHERE nom = 'P-n021-k02')), (SELECT id FROM point WHERE x=42 AND y=41 AND ninstance = (SELECT id FROM instance WHERE nom = 'P-n021-k02')), 12.08);
INSERT INTO route(ndepart, narrivee, distance) VALUES ( (SELECT id FROM point WHERE x=37 AND y=52 AND ninstance = (SELECT id FROM instance WHERE nom = 'P-n021-k02')), (SELECT id FROM point WHERE x=52 AND y=41 AND ninstance = (SELECT id FROM instance WHERE nom = 'P-n021-k02')), 18.6);
INSERT INTO route(ndepart, narrivee, distance) VALUES ( (SELECT id FROM point WHERE x=37 AND y=52 AND ninstance = (SELECT id FROM instance WHERE nom = 'P-n021-k02')), (SELECT id FROM point WHERE x=57 AND y=58 AND ninstance = (SELECT id FROM instance WHERE nom = 'P-n021-k02')), 20.88);
INSERT INTO route(ndepart, narrivee, distance) VALUES ( (SELECT id FROM point WHERE x=37 AND y=52 AND ninstance = (SELECT id FROM instance WHERE nom = 'P-n021-k02')), (SELECT id FROM point WHERE x=62 AND y=42 AND ninstance = (SELECT id FROM instance WHERE nom = 'P-n021-k02')), 26.92);
INSERT INTO route(ndepart, narrivee, distance) VALUES ( (SELECT id FROM point WHERE x=37 AND y=52 AND ninstance = (SELECT id FROM instance WHERE nom = 'P-n021-k02')), (SELECT id FROM point WHERE x=42 AND y=57 AND ninstance = (SELECT id FROM instance WHERE nom = 'P-n021-k02')), 7.07);
INSERT INTO route(ndepart, narrivee, distance) VALUES ( (SELECT id FROM point WHERE x=37 AND y=52 AND ninstance = (SELECT id FROM instance WHERE nom = 'P-n021-k02')), (SELECT id FROM point WHERE x=27 AND y=68 AND ninstance = (SELECT id FROM instance WHERE nom = 'P-n021-k02')), 18.86);
INSERT INTO route(ndepart, narrivee, distance) VALUES ( (SELECT id FROM point WHERE x=37 AND y=52 AND ninstance = (SELECT id FROM instance WHERE nom = 'P-n021-k02')), (SELECT id FROM point WHERE x=43 AND y=67 AND ninstance = (SELECT id FROM instance WHERE nom = 'P-n021-k02')), 16.15);
INSERT INTO route(ndepart, narrivee, distance) VALUES ( (SELECT id FROM point WHERE x=37 AND y=52 AND ninstance = (SELECT id FROM instance WHERE nom = 'P-n021-k02')), (SELECT id FROM point WHERE x=58 AND y=48 AND ninstance = (SELECT id FROM instance WHERE nom = 'P-n021-k02')), 21.37);
INSERT INTO route(ndepart, narrivee, distance) VALUES ( (SELECT id FROM point WHERE x=37 AND y=52 AND ninstance = (SELECT id FROM instance WHERE nom = 'P-n021-k02')), (SELECT id FROM point WHERE x=58 AND y=27 AND ninstance = (SELECT id FROM instance WHERE nom = 'P-n021-k02')), 32.64);
INSERT INTO route(ndepart, narrivee, distance) VALUES ( (SELECT id FROM point WHERE x=37 AND y=52 AND ninstance = (SELECT id FROM instance WHERE nom = 'P-n021-k02')), (SELECT id FROM point WHERE x=37 AND y=69 AND ninstance = (SELECT id FROM instance WHERE nom = 'P-n021-k02')), 17.0);
INSERT INTO route(ndepart, narrivee, distance) VALUES ( (SELECT id FROM point WHERE x=37 AND y=52 AND ninstance = (SELECT id FROM instance WHERE nom = 'P-n021-k02')), (SELECT id FROM point WHERE x=38 AND y=46 AND ninstance = (SELECT id FROM instance WHERE nom = 'P-n021-k02')), 6.08);
INSERT INTO route(ndepart, narrivee, distance) VALUES ( (SELECT id FROM point WHERE x=37 AND y=52 AND ninstance = (SELECT id FROM instance WHERE nom = 'P-n021-k02')), (SELECT id FROM point WHERE x=61 AND y=33 AND ninstance = (SELECT id FROM instance WHERE nom = 'P-n021-k02')), 30.61);
INSERT INTO route(ndepart, narrivee, distance) VALUES ( (SELECT id FROM point WHERE x=37 AND y=52 AND ninstance = (SELECT id FROM instance WHERE nom = 'P-n021-k02')), (SELECT id FROM point WHERE x=62 AND y=63 AND ninstance = (SELECT id FROM instance WHERE nom = 'P-n021-k02')), 27.31);
INSERT INTO route(ndepart, narrivee, distance) VALUES ( (SELECT id FROM point WHERE x=37 AND y=52 AND ninstance = (SELECT id FROM instance WHERE nom = 'P-n021-k02')), (SELECT id FROM point WHERE x=63 AND y=69 AND ninstance = (SELECT id FROM instance WHERE nom = 'P-n021-k02')), 31.06);
INSERT INTO route(ndepart, narrivee, distance) VALUES ( (SELECT id FROM point WHERE x=37 AND y=52 AND ninstance = (SELECT id FROM instance WHERE nom = 'P-n021-k02')), (SELECT id FROM point WHERE x=45 AND y=35 AND ninstance = (SELECT id FROM instance WHERE nom = 'P-n021-k02')), 18.78);
INSERT INTO route(ndepart, narrivee, distance) VALUES ( (SELECT id FROM point WHERE x=49 AND y=49 AND ninstance = (SELECT id FROM instance WHERE nom = 'P-n021-k02')), (SELECT id FROM point WHERE x=30 AND y=40 AND ninstance = (SELECT id FROM instance WHERE nom = 'P-n021-k02')), 21.02);
INSERT INTO route(ndepart, narrivee, distance) VALUES ( (SELECT id FROM point WHERE x=49 AND y=49 AND ninstance = (SELECT id FROM instance WHERE nom = 'P-n021-k02')), (SELECT id FROM point WHERE x=37 AND y=52 AND ninstance = (SELECT id FROM instance WHERE nom = 'P-n021-k02')), 12.36);
INSERT INTO route(ndepart, narrivee, distance) VALUES ( (SELECT id FROM point WHERE x=49 AND y=49 AND ninstance = (SELECT id FROM instance WHERE nom = 'P-n021-k02')), (SELECT id FROM point WHERE x=52 AND y=64 AND ninstance = (SELECT id FROM instance WHERE nom = 'P-n021-k02')), 15.29);
INSERT INTO route(ndepart, narrivee, distance) VALUES ( (SELECT id FROM point WHERE x=49 AND y=49 AND ninstance = (SELECT id FROM instance WHERE nom = 'P-n021-k02')), (SELECT id FROM point WHERE x=31 AND y=62 AND ninstance = (SELECT id FROM instance WHERE nom = 'P-n021-k02')), 22.2);
INSERT INTO route(ndepart, narrivee, distance) VALUES ( (SELECT id FROM point WHERE x=49 AND y=49 AND ninstance = (SELECT id FROM instance WHERE nom = 'P-n021-k02')), (SELECT id FROM point WHERE x=52 AND y=33 AND ninstance = (SELECT id FROM instance WHERE nom = 'P-n021-k02')), 16.27);
INSERT INTO route(ndepart, narrivee, distance) VALUES ( (SELECT id FROM point WHERE x=49 AND y=49 AND ninstance = (SELECT id FROM instance WHERE nom = 'P-n021-k02')), (SELECT id FROM point WHERE x=42 AND y=41 AND ninstance = (SELECT id FROM instance WHERE nom = 'P-n021-k02')), 10.63);
INSERT INTO route(ndepart, narrivee, distance) VALUES ( (SELECT id FROM point WHERE x=49 AND y=49 AND ninstance = (SELECT id FROM instance WHERE nom = 'P-n021-k02')), (SELECT id FROM point WHERE x=52 AND y=41 AND ninstance = (SELECT id FROM instance WHERE nom = 'P-n021-k02')), 8.54);
INSERT INTO route(ndepart, narrivee, distance) VALUES ( (SELECT id FROM point WHERE x=49 AND y=49 AND ninstance = (SELECT id FROM instance WHERE nom = 'P-n021-k02')), (SELECT id FROM point WHERE x=57 AND y=58 AND ninstance = (SELECT id FROM instance WHERE nom = 'P-n021-k02')), 12.04);
INSERT INTO route(ndepart, narrivee, distance) VALUES ( (SELECT id FROM point WHERE x=49 AND y=49 AND ninstance = (SELECT id FROM instance WHERE nom = 'P-n021-k02')), (SELECT id FROM point WHERE x=62 AND y=42 AND ninstance = (SELECT id FROM instance WHERE nom = 'P-n021-k02')), 14.76);
INSERT INTO route(ndepart, narrivee, distance) VALUES ( (SELECT id FROM point WHERE x=49 AND y=49 AND ninstance = (SELECT id FROM instance WHERE nom = 'P-n021-k02')), (SELECT id FROM point WHERE x=42 AND y=57 AND ninstance = (SELECT id FROM instance WHERE nom = 'P-n021-k02')), 10.63);
INSERT INTO route(ndepart, narrivee, distance) VALUES ( (SELECT id FROM point WHERE x=49 AND y=49 AND ninstance = (SELECT id FROM instance WHERE nom = 'P-n021-k02')), (SELECT id FROM point WHERE x=27 AND y=68 AND ninstance = (SELECT id FROM instance WHERE nom = 'P-n021-k02')), 29.06);
INSERT INTO route(ndepart, narrivee, distance) VALUES ( (SELECT id FROM point WHERE x=49 AND y=49 AND ninstance = (SELECT id FROM instance WHERE nom = 'P-n021-k02')), (SELECT id FROM point WHERE x=43 AND y=67 AND ninstance = (SELECT id FROM instance WHERE nom = 'P-n021-k02')), 18.97);
INSERT INTO route(ndepart, narrivee, distance) VALUES ( (SELECT id FROM point WHERE x=49 AND y=49 AND ninstance = (SELECT id FROM instance WHERE nom = 'P-n021-k02')), (SELECT id FROM point WHERE x=58 AND y=48 AND ninstance = (SELECT id FROM instance WHERE nom = 'P-n021-k02')), 9.05);
INSERT INTO route(ndepart, narrivee, distance) VALUES ( (SELECT id FROM point WHERE x=49 AND y=49 AND ninstance = (SELECT id FROM instance WHERE nom = 'P-n021-k02')), (SELECT id FROM point WHERE x=58 AND y=27 AND ninstance = (SELECT id FROM instance WHERE nom = 'P-n021-k02')), 23.76);
INSERT INTO route(ndepart, narrivee, distance) VALUES ( (SELECT id FROM point WHERE x=49 AND y=49 AND ninstance = (SELECT id FROM instance WHERE nom = 'P-n021-k02')), (SELECT id FROM point WHERE x=37 AND y=69 AND ninstance = (SELECT id FROM instance WHERE nom = 'P-n021-k02')), 23.32);
INSERT INTO route(ndepart, narrivee, distance) VALUES ( (SELECT id FROM point WHERE x=49 AND y=49 AND ninstance = (SELECT id FROM instance WHERE nom = 'P-n021-k02')), (SELECT id FROM point WHERE x=38 AND y=46 AND ninstance = (SELECT id FROM instance WHERE nom = 'P-n021-k02')), 11.4);
INSERT INTO route(ndepart, narrivee, distance) VALUES ( (SELECT id FROM point WHERE x=49 AND y=49 AND ninstance = (SELECT id FROM instance WHERE nom = 'P-n021-k02')), (SELECT id FROM point WHERE x=61 AND y=33 AND ninstance = (SELECT id FROM instance WHERE nom = 'P-n021-k02')), 20.0);
INSERT INTO route(ndepart, narrivee, distance) VALUES ( (SELECT id FROM point WHERE x=49 AND y=49 AND ninstance = (SELECT id FROM instance WHERE nom = 'P-n021-k02')), (SELECT id FROM point WHERE x=62 AND y=63 AND ninstance = (SELECT id FROM instance WHERE nom = 'P-n021-k02')), 19.1);
INSERT INTO route(ndepart, narrivee, distance) VALUES ( (SELECT id FROM point WHERE x=49 AND y=49 AND ninstance = (SELECT id FROM instance WHERE nom = 'P-n021-k02')), (SELECT id FROM point WHERE x=63 AND y=69 AND ninstance = (SELECT id FROM instance WHERE nom = 'P-n021-k02')), 24.41);
INSERT INTO route(ndepart, narrivee, distance) VALUES ( (SELECT id FROM point WHERE x=49 AND y=49 AND ninstance = (SELECT id FROM instance WHERE nom = 'P-n021-k02')), (SELECT id FROM point WHERE x=45 AND y=35 AND ninstance = (SELECT id FROM instance WHERE nom = 'P-n021-k02')), 14.56);
INSERT INTO route(ndepart, narrivee, distance) VALUES ( (SELECT id FROM point WHERE x=52 AND y=64 AND ninstance = (SELECT id FROM instance WHERE nom = 'P-n021-k02')), (SELECT id FROM point WHERE x=30 AND y=40 AND ninstance = (SELECT id FROM instance WHERE nom = 'P-n021-k02')), 32.55);
INSERT INTO route(ndepart, narrivee, distance) VALUES ( (SELECT id FROM point WHERE x=52 AND y=64 AND ninstance = (SELECT id FROM instance WHERE nom = 'P-n021-k02')), (SELECT id FROM point WHERE x=37 AND y=52 AND ninstance = (SELECT id FROM instance WHERE nom = 'P-n021-k02')), 19.2);
INSERT INTO route(ndepart, narrivee, distance) VALUES ( (SELECT id FROM point WHERE x=52 AND y=64 AND ninstance = (SELECT id FROM instance WHERE nom = 'P-n021-k02')), (SELECT id FROM point WHERE x=49 AND y=49 AND ninstance = (SELECT id FROM instance WHERE nom = 'P-n021-k02')), 15.29);
INSERT INTO route(ndepart, narrivee, distance) VALUES ( (SELECT id FROM point WHERE x=52 AND y=64 AND ninstance = (SELECT id FROM instance WHERE nom = 'P-n021-k02')), (SELECT id FROM point WHERE x=31 AND y=62 AND ninstance = (SELECT id FROM instance WHERE nom = 'P-n021-k02')), 21.09);
INSERT INTO route(ndepart, narrivee, distance) VALUES ( (SELECT id FROM point WHERE x=52 AND y=64 AND ninstance = (SELECT id FROM instance WHERE nom = 'P-n021-k02')), (SELECT id FROM point WHERE x=52 AND y=33 AND ninstance = (SELECT id FROM instance WHERE nom = 'P-n021-k02')), 31.0);
INSERT INTO route(ndepart, narrivee, distance) VALUES ( (SELECT id FROM point WHERE x=52 AND y=64 AND ninstance = (SELECT id FROM instance WHERE nom = 'P-n021-k02')), (SELECT id FROM point WHERE x=42 AND y=41 AND ninstance = (SELECT id FROM instance WHERE nom = 'P-n021-k02')), 25.07);
INSERT INTO route(ndepart, narrivee, distance) VALUES ( (SELECT id FROM point WHERE x=52 AND y=64 AND ninstance = (SELECT id FROM instance WHERE nom = 'P-n021-k02')), (SELECT id FROM point WHERE x=52 AND y=41 AND ninstance = (SELECT id FROM instance WHERE nom = 'P-n021-k02')), 23.0);
INSERT INTO route(ndepart, narrivee, distance) VALUES ( (SELECT id FROM point WHERE x=52 AND y=64 AND ninstance = (SELECT id FROM instance WHERE nom = 'P-n021-k02')), (SELECT id FROM point WHERE x=57 AND y=58 AND ninstance = (SELECT id FROM instance WHERE nom = 'P-n021-k02')), 7.81);
INSERT INTO route(ndepart, narrivee, distance) VALUES ( (SELECT id FROM point WHERE x=52 AND y=64 AND ninstance = (SELECT id FROM instance WHERE nom = 'P-n021-k02')), (SELECT id FROM point WHERE x=62 AND y=42 AND ninstance = (SELECT id FROM instance WHERE nom = 'P-n021-k02')), 24.16);
INSERT INTO route(ndepart, narrivee, distance) VALUES ( (SELECT id FROM point WHERE x=52 AND y=64 AND ninstance = (SELECT id FROM instance WHERE nom = 'P-n021-k02')), (SELECT id FROM point WHERE x=42 AND y=57 AND ninstance = (SELECT id FROM instance WHERE nom = 'P-n021-k02')), 12.2);
INSERT INTO route(ndepart, narrivee, distance) VALUES ( (SELECT id FROM point WHERE x=52 AND y=64 AND ninstance = (SELECT id FROM instance WHERE nom = 'P-n021-k02')), (SELECT id FROM point WHERE x=27 AND y=68 AND ninstance = (SELECT id FROM instance WHERE nom = 'P-n021-k02')), 25.31);
INSERT INTO route(ndepart, narrivee, distance) VALUES ( (SELECT id FROM point WHERE x=52 AND y=64 AND ninstance = (SELECT id FROM instance WHERE nom = 'P-n021-k02')), (SELECT id FROM point WHERE x=43 AND y=67 AND ninstance = (SELECT id FROM instance WHERE nom = 'P-n021-k02')), 9.48);
INSERT INTO route(ndepart, narrivee, distance) VALUES ( (SELECT id FROM point WHERE x=52 AND y=64 AND ninstance = (SELECT id FROM instance WHERE nom = 'P-n021-k02')), (SELECT id FROM point WHERE x=58 AND y=48 AND ninstance = (SELECT id FROM instance WHERE nom = 'P-n021-k02')), 17.08);
INSERT INTO route(ndepart, narrivee, distance) VALUES ( (SELECT id FROM point WHERE x=52 AND y=64 AND ninstance = (SELECT id FROM instance WHERE nom = 'P-n021-k02')), (SELECT id FROM point WHERE x=58 AND y=27 AND ninstance = (SELECT id FROM instance WHERE nom = 'P-n021-k02')), 37.48);
INSERT INTO route(ndepart, narrivee, distance) VALUES ( (SELECT id FROM point WHERE x=52 AND y=64 AND ninstance = (SELECT id FROM instance WHERE nom = 'P-n021-k02')), (SELECT id FROM point WHERE x=37 AND y=69 AND ninstance = (SELECT id FROM instance WHERE nom = 'P-n021-k02')), 15.81);
INSERT INTO route(ndepart, narrivee, distance) VALUES ( (SELECT id FROM point WHERE x=52 AND y=64 AND ninstance = (SELECT id FROM instance WHERE nom = 'P-n021-k02')), (SELECT id FROM point WHERE x=38 AND y=46 AND ninstance = (SELECT id FROM instance WHERE nom = 'P-n021-k02')), 22.8);
INSERT INTO route(ndepart, narrivee, distance) VALUES ( (SELECT id FROM point WHERE x=52 AND y=64 AND ninstance = (SELECT id FROM instance WHERE nom = 'P-n021-k02')), (SELECT id FROM point WHERE x=61 AND y=33 AND ninstance = (SELECT id FROM instance WHERE nom = 'P-n021-k02')), 32.28);
INSERT INTO route(ndepart, narrivee, distance) VALUES ( (SELECT id FROM point WHERE x=52 AND y=64 AND ninstance = (SELECT id FROM instance WHERE nom = 'P-n021-k02')), (SELECT id FROM point WHERE x=62 AND y=63 AND ninstance = (SELECT id FROM instance WHERE nom = 'P-n021-k02')), 10.04);
INSERT INTO route(ndepart, narrivee, distance) VALUES ( (SELECT id FROM point WHERE x=52 AND y=64 AND ninstance = (SELECT id FROM instance WHERE nom = 'P-n021-k02')), (SELECT id FROM point WHERE x=63 AND y=69 AND ninstance = (SELECT id FROM instance WHERE nom = 'P-n021-k02')), 12.08);
INSERT INTO route(ndepart, narrivee, distance) VALUES ( (SELECT id FROM point WHERE x=52 AND y=64 AND ninstance = (SELECT id FROM instance WHERE nom = 'P-n021-k02')), (SELECT id FROM point WHERE x=45 AND y=35 AND ninstance = (SELECT id FROM instance WHERE nom = 'P-n021-k02')), 29.83);
INSERT INTO route(ndepart, narrivee, distance) VALUES ( (SELECT id FROM point WHERE x=31 AND y=62 AND ninstance = (SELECT id FROM instance WHERE nom = 'P-n021-k02')), (SELECT id FROM point WHERE x=30 AND y=40 AND ninstance = (SELECT id FROM instance WHERE nom = 'P-n021-k02')), 22.02);
INSERT INTO route(ndepart, narrivee, distance) VALUES ( (SELECT id FROM point WHERE x=31 AND y=62 AND ninstance = (SELECT id FROM instance WHERE nom = 'P-n021-k02')), (SELECT id FROM point WHERE x=37 AND y=52 AND ninstance = (SELECT id FROM instance WHERE nom = 'P-n021-k02')), 11.66);
INSERT INTO route(ndepart, narrivee, distance) VALUES ( (SELECT id FROM point WHERE x=31 AND y=62 AND ninstance = (SELECT id FROM instance WHERE nom = 'P-n021-k02')), (SELECT id FROM point WHERE x=49 AND y=49 AND ninstance = (SELECT id FROM instance WHERE nom = 'P-n021-k02')), 22.2);
INSERT INTO route(ndepart, narrivee, distance) VALUES ( (SELECT id FROM point WHERE x=31 AND y=62 AND ninstance = (SELECT id FROM instance WHERE nom = 'P-n021-k02')), (SELECT id FROM point WHERE x=52 AND y=64 AND ninstance = (SELECT id FROM instance WHERE nom = 'P-n021-k02')), 21.09);
INSERT INTO route(ndepart, narrivee, distance) VALUES ( (SELECT id FROM point WHERE x=31 AND y=62 AND ninstance = (SELECT id FROM instance WHERE nom = 'P-n021-k02')), (SELECT id FROM point WHERE x=52 AND y=33 AND ninstance = (SELECT id FROM instance WHERE nom = 'P-n021-k02')), 35.8);
INSERT INTO route(ndepart, narrivee, distance) VALUES ( (SELECT id FROM point WHERE x=31 AND y=62 AND ninstance = (SELECT id FROM instance WHERE nom = 'P-n021-k02')), (SELECT id FROM point WHERE x=42 AND y=41 AND ninstance = (SELECT id FROM instance WHERE nom = 'P-n021-k02')), 23.7);
INSERT INTO route(ndepart, narrivee, distance) VALUES ( (SELECT id FROM point WHERE x=31 AND y=62 AND ninstance = (SELECT id FROM instance WHERE nom = 'P-n021-k02')), (SELECT id FROM point WHERE x=52 AND y=41 AND ninstance = (SELECT id FROM instance WHERE nom = 'P-n021-k02')), 29.69);
INSERT INTO route(ndepart, narrivee, distance) VALUES ( (SELECT id FROM point WHERE x=31 AND y=62 AND ninstance = (SELECT id FROM instance WHERE nom = 'P-n021-k02')), (SELECT id FROM point WHERE x=57 AND y=58 AND ninstance = (SELECT id FROM instance WHERE nom = 'P-n021-k02')), 26.3);
INSERT INTO route(ndepart, narrivee, distance) VALUES ( (SELECT id FROM point WHERE x=31 AND y=62 AND ninstance = (SELECT id FROM instance WHERE nom = 'P-n021-k02')), (SELECT id FROM point WHERE x=62 AND y=42 AND ninstance = (SELECT id FROM instance WHERE nom = 'P-n021-k02')), 36.89);
INSERT INTO route(ndepart, narrivee, distance) VALUES ( (SELECT id FROM point WHERE x=31 AND y=62 AND ninstance = (SELECT id FROM instance WHERE nom = 'P-n021-k02')), (SELECT id FROM point WHERE x=42 AND y=57 AND ninstance = (SELECT id FROM instance WHERE nom = 'P-n021-k02')), 12.08);
INSERT INTO route(ndepart, narrivee, distance) VALUES ( (SELECT id FROM point WHERE x=31 AND y=62 AND ninstance = (SELECT id FROM instance WHERE nom = 'P-n021-k02')), (SELECT id FROM point WHERE x=27 AND y=68 AND ninstance = (SELECT id FROM instance WHERE nom = 'P-n021-k02')), 7.21);
INSERT INTO route(ndepart, narrivee, distance) VALUES ( (SELECT id FROM point WHERE x=31 AND y=62 AND ninstance = (SELECT id FROM instance WHERE nom = 'P-n021-k02')), (SELECT id FROM point WHERE x=43 AND y=67 AND ninstance = (SELECT id FROM instance WHERE nom = 'P-n021-k02')), 13.0);
INSERT INTO route(ndepart, narrivee, distance) VALUES ( (SELECT id FROM point WHERE x=31 AND y=62 AND ninstance = (SELECT id FROM instance WHERE nom = 'P-n021-k02')), (SELECT id FROM point WHERE x=58 AND y=48 AND ninstance = (SELECT id FROM instance WHERE nom = 'P-n021-k02')), 30.41);
INSERT INTO route(ndepart, narrivee, distance) VALUES ( (SELECT id FROM point WHERE x=31 AND y=62 AND ninstance = (SELECT id FROM instance WHERE nom = 'P-n021-k02')), (SELECT id FROM point WHERE x=58 AND y=27 AND ninstance = (SELECT id FROM instance WHERE nom = 'P-n021-k02')), 44.2);
INSERT INTO route(ndepart, narrivee, distance) VALUES ( (SELECT id FROM point WHERE x=31 AND y=62 AND ninstance = (SELECT id FROM instance WHERE nom = 'P-n021-k02')), (SELECT id FROM point WHERE x=37 AND y=69 AND ninstance = (SELECT id FROM instance WHERE nom = 'P-n021-k02')), 9.21);
INSERT INTO route(ndepart, narrivee, distance) VALUES ( (SELECT id FROM point WHERE x=31 AND y=62 AND ninstance = (SELECT id FROM instance WHERE nom = 'P-n021-k02')), (SELECT id FROM point WHERE x=38 AND y=46 AND ninstance = (SELECT id FROM instance WHERE nom = 'P-n021-k02')), 17.46);
INSERT INTO route(ndepart, narrivee, distance) VALUES ( (SELECT id FROM point WHERE x=31 AND y=62 AND ninstance = (SELECT id FROM instance WHERE nom = 'P-n021-k02')), (SELECT id FROM point WHERE x=61 AND y=33 AND ninstance = (SELECT id FROM instance WHERE nom = 'P-n021-k02')), 41.72);
INSERT INTO route(ndepart, narrivee, distance) VALUES ( (SELECT id FROM point WHERE x=31 AND y=62 AND ninstance = (SELECT id FROM instance WHERE nom = 'P-n021-k02')), (SELECT id FROM point WHERE x=62 AND y=63 AND ninstance = (SELECT id FROM instance WHERE nom = 'P-n021-k02')), 31.01);
INSERT INTO route(ndepart, narrivee, distance) VALUES ( (SELECT id FROM point WHERE x=31 AND y=62 AND ninstance = (SELECT id FROM instance WHERE nom = 'P-n021-k02')), (SELECT id FROM point WHERE x=63 AND y=69 AND ninstance = (SELECT id FROM instance WHERE nom = 'P-n021-k02')), 32.75);
INSERT INTO route(ndepart, narrivee, distance) VALUES ( (SELECT id FROM point WHERE x=31 AND y=62 AND ninstance = (SELECT id FROM instance WHERE nom = 'P-n021-k02')), (SELECT id FROM point WHERE x=45 AND y=35 AND ninstance = (SELECT id FROM instance WHERE nom = 'P-n021-k02')), 30.41);
INSERT INTO route(ndepart, narrivee, distance) VALUES ( (SELECT id FROM point WHERE x=52 AND y=33 AND ninstance = (SELECT id FROM instance WHERE nom = 'P-n021-k02')), (SELECT id FROM point WHERE x=30 AND y=40 AND ninstance = (SELECT id FROM instance WHERE nom = 'P-n021-k02')), 23.08);
INSERT INTO route(ndepart, narrivee, distance) VALUES ( (SELECT id FROM point WHERE x=52 AND y=33 AND ninstance = (SELECT id FROM instance WHERE nom = 'P-n021-k02')), (SELECT id FROM point WHERE x=37 AND y=52 AND ninstance = (SELECT id FROM instance WHERE nom = 'P-n021-k02')), 24.2);
INSERT INTO route(ndepart, narrivee, distance) VALUES ( (SELECT id FROM point WHERE x=52 AND y=33 AND ninstance = (SELECT id FROM instance WHERE nom = 'P-n021-k02')), (SELECT id FROM point WHERE x=49 AND y=49 AND ninstance = (SELECT id FROM instance WHERE nom = 'P-n021-k02')), 16.27);
INSERT INTO route(ndepart, narrivee, distance) VALUES ( (SELECT id FROM point WHERE x=52 AND y=33 AND ninstance = (SELECT id FROM instance WHERE nom = 'P-n021-k02')), (SELECT id FROM point WHERE x=52 AND y=64 AND ninstance = (SELECT id FROM instance WHERE nom = 'P-n021-k02')), 31.0);
INSERT INTO route(ndepart, narrivee, distance) VALUES ( (SELECT id FROM point WHERE x=52 AND y=33 AND ninstance = (SELECT id FROM instance WHERE nom = 'P-n021-k02')), (SELECT id FROM point WHERE x=31 AND y=62 AND ninstance = (SELECT id FROM instance WHERE nom = 'P-n021-k02')), 35.8);
INSERT INTO route(ndepart, narrivee, distance) VALUES ( (SELECT id FROM point WHERE x=52 AND y=33 AND ninstance = (SELECT id FROM instance WHERE nom = 'P-n021-k02')), (SELECT id FROM point WHERE x=42 AND y=41 AND ninstance = (SELECT id FROM instance WHERE nom = 'P-n021-k02')), 12.8);
INSERT INTO route(ndepart, narrivee, distance) VALUES ( (SELECT id FROM point WHERE x=52 AND y=33 AND ninstance = (SELECT id FROM instance WHERE nom = 'P-n021-k02')), (SELECT id FROM point WHERE x=52 AND y=41 AND ninstance = (SELECT id FROM instance WHERE nom = 'P-n021-k02')), 8.0);
INSERT INTO route(ndepart, narrivee, distance) VALUES ( (SELECT id FROM point WHERE x=52 AND y=33 AND ninstance = (SELECT id FROM instance WHERE nom = 'P-n021-k02')), (SELECT id FROM point WHERE x=57 AND y=58 AND ninstance = (SELECT id FROM instance WHERE nom = 'P-n021-k02')), 25.49);
INSERT INTO route(ndepart, narrivee, distance) VALUES ( (SELECT id FROM point WHERE x=52 AND y=33 AND ninstance = (SELECT id FROM instance WHERE nom = 'P-n021-k02')), (SELECT id FROM point WHERE x=62 AND y=42 AND ninstance = (SELECT id FROM instance WHERE nom = 'P-n021-k02')), 13.45);
INSERT INTO route(ndepart, narrivee, distance) VALUES ( (SELECT id FROM point WHERE x=52 AND y=33 AND ninstance = (SELECT id FROM instance WHERE nom = 'P-n021-k02')), (SELECT id FROM point WHERE x=42 AND y=57 AND ninstance = (SELECT id FROM instance WHERE nom = 'P-n021-k02')), 26.0);
INSERT INTO route(ndepart, narrivee, distance) VALUES ( (SELECT id FROM point WHERE x=52 AND y=33 AND ninstance = (SELECT id FROM instance WHERE nom = 'P-n021-k02')), (SELECT id FROM point WHERE x=27 AND y=68 AND ninstance = (SELECT id FROM instance WHERE nom = 'P-n021-k02')), 43.01);
INSERT INTO route(ndepart, narrivee, distance) VALUES ( (SELECT id FROM point WHERE x=52 AND y=33 AND ninstance = (SELECT id FROM instance WHERE nom = 'P-n021-k02')), (SELECT id FROM point WHERE x=43 AND y=67 AND ninstance = (SELECT id FROM instance WHERE nom = 'P-n021-k02')), 35.17);
INSERT INTO route(ndepart, narrivee, distance) VALUES ( (SELECT id FROM point WHERE x=52 AND y=33 AND ninstance = (SELECT id FROM instance WHERE nom = 'P-n021-k02')), (SELECT id FROM point WHERE x=58 AND y=48 AND ninstance = (SELECT id FROM instance WHERE nom = 'P-n021-k02')), 16.15);
INSERT INTO route(ndepart, narrivee, distance) VALUES ( (SELECT id FROM point WHERE x=52 AND y=33 AND ninstance = (SELECT id FROM instance WHERE nom = 'P-n021-k02')), (SELECT id FROM point WHERE x=58 AND y=27 AND ninstance = (SELECT id FROM instance WHERE nom = 'P-n021-k02')), 8.48);
INSERT INTO route(ndepart, narrivee, distance) VALUES ( (SELECT id FROM point WHERE x=52 AND y=33 AND ninstance = (SELECT id FROM instance WHERE nom = 'P-n021-k02')), (SELECT id FROM point WHERE x=37 AND y=69 AND ninstance = (SELECT id FROM instance WHERE nom = 'P-n021-k02')), 39.0);
INSERT INTO route(ndepart, narrivee, distance) VALUES ( (SELECT id FROM point WHERE x=52 AND y=33 AND ninstance = (SELECT id FROM instance WHERE nom = 'P-n021-k02')), (SELECT id FROM point WHERE x=38 AND y=46 AND ninstance = (SELECT id FROM instance WHERE nom = 'P-n021-k02')), 19.1);
INSERT INTO route(ndepart, narrivee, distance) VALUES ( (SELECT id FROM point WHERE x=52 AND y=33 AND ninstance = (SELECT id FROM instance WHERE nom = 'P-n021-k02')), (SELECT id FROM point WHERE x=61 AND y=33 AND ninstance = (SELECT id FROM instance WHERE nom = 'P-n021-k02')), 9.0);
INSERT INTO route(ndepart, narrivee, distance) VALUES ( (SELECT id FROM point WHERE x=52 AND y=33 AND ninstance = (SELECT id FROM instance WHERE nom = 'P-n021-k02')), (SELECT id FROM point WHERE x=62 AND y=63 AND ninstance = (SELECT id FROM instance WHERE nom = 'P-n021-k02')), 31.62);
INSERT INTO route(ndepart, narrivee, distance) VALUES ( (SELECT id FROM point WHERE x=52 AND y=33 AND ninstance = (SELECT id FROM instance WHERE nom = 'P-n021-k02')), (SELECT id FROM point WHERE x=63 AND y=69 AND ninstance = (SELECT id FROM instance WHERE nom = 'P-n021-k02')), 37.64);
INSERT INTO route(ndepart, narrivee, distance) VALUES ( (SELECT id FROM point WHERE x=52 AND y=33 AND ninstance = (SELECT id FROM instance WHERE nom = 'P-n021-k02')), (SELECT id FROM point WHERE x=45 AND y=35 AND ninstance = (SELECT id FROM instance WHERE nom = 'P-n021-k02')), 7.28);
INSERT INTO route(ndepart, narrivee, distance) VALUES ( (SELECT id FROM point WHERE x=42 AND y=41 AND ninstance = (SELECT id FROM instance WHERE nom = 'P-n021-k02')), (SELECT id FROM point WHERE x=30 AND y=40 AND ninstance = (SELECT id FROM instance WHERE nom = 'P-n021-k02')), 12.04);
INSERT INTO route(ndepart, narrivee, distance) VALUES ( (SELECT id FROM point WHERE x=42 AND y=41 AND ninstance = (SELECT id FROM instance WHERE nom = 'P-n021-k02')), (SELECT id FROM point WHERE x=37 AND y=52 AND ninstance = (SELECT id FROM instance WHERE nom = 'P-n021-k02')), 12.08);
INSERT INTO route(ndepart, narrivee, distance) VALUES ( (SELECT id FROM point WHERE x=42 AND y=41 AND ninstance = (SELECT id FROM instance WHERE nom = 'P-n021-k02')), (SELECT id FROM point WHERE x=49 AND y=49 AND ninstance = (SELECT id FROM instance WHERE nom = 'P-n021-k02')), 10.63);
INSERT INTO route(ndepart, narrivee, distance) VALUES ( (SELECT id FROM point WHERE x=42 AND y=41 AND ninstance = (SELECT id FROM instance WHERE nom = 'P-n021-k02')), (SELECT id FROM point WHERE x=52 AND y=64 AND ninstance = (SELECT id FROM instance WHERE nom = 'P-n021-k02')), 25.07);
INSERT INTO route(ndepart, narrivee, distance) VALUES ( (SELECT id FROM point WHERE x=42 AND y=41 AND ninstance = (SELECT id FROM instance WHERE nom = 'P-n021-k02')), (SELECT id FROM point WHERE x=31 AND y=62 AND ninstance = (SELECT id FROM instance WHERE nom = 'P-n021-k02')), 23.7);
INSERT INTO route(ndepart, narrivee, distance) VALUES ( (SELECT id FROM point WHERE x=42 AND y=41 AND ninstance = (SELECT id FROM instance WHERE nom = 'P-n021-k02')), (SELECT id FROM point WHERE x=52 AND y=33 AND ninstance = (SELECT id FROM instance WHERE nom = 'P-n021-k02')), 12.8);
INSERT INTO route(ndepart, narrivee, distance) VALUES ( (SELECT id FROM point WHERE x=42 AND y=41 AND ninstance = (SELECT id FROM instance WHERE nom = 'P-n021-k02')), (SELECT id FROM point WHERE x=52 AND y=41 AND ninstance = (SELECT id FROM instance WHERE nom = 'P-n021-k02')), 10.0);
INSERT INTO route(ndepart, narrivee, distance) VALUES ( (SELECT id FROM point WHERE x=42 AND y=41 AND ninstance = (SELECT id FROM instance WHERE nom = 'P-n021-k02')), (SELECT id FROM point WHERE x=57 AND y=58 AND ninstance = (SELECT id FROM instance WHERE nom = 'P-n021-k02')), 22.67);
INSERT INTO route(ndepart, narrivee, distance) VALUES ( (SELECT id FROM point WHERE x=42 AND y=41 AND ninstance = (SELECT id FROM instance WHERE nom = 'P-n021-k02')), (SELECT id FROM point WHERE x=62 AND y=42 AND ninstance = (SELECT id FROM instance WHERE nom = 'P-n021-k02')), 20.02);
INSERT INTO route(ndepart, narrivee, distance) VALUES ( (SELECT id FROM point WHERE x=42 AND y=41 AND ninstance = (SELECT id FROM instance WHERE nom = 'P-n021-k02')), (SELECT id FROM point WHERE x=42 AND y=57 AND ninstance = (SELECT id FROM instance WHERE nom = 'P-n021-k02')), 16.0);
INSERT INTO route(ndepart, narrivee, distance) VALUES ( (SELECT id FROM point WHERE x=42 AND y=41 AND ninstance = (SELECT id FROM instance WHERE nom = 'P-n021-k02')), (SELECT id FROM point WHERE x=27 AND y=68 AND ninstance = (SELECT id FROM instance WHERE nom = 'P-n021-k02')), 30.88);
INSERT INTO route(ndepart, narrivee, distance) VALUES ( (SELECT id FROM point WHERE x=42 AND y=41 AND ninstance = (SELECT id FROM instance WHERE nom = 'P-n021-k02')), (SELECT id FROM point WHERE x=43 AND y=67 AND ninstance = (SELECT id FROM instance WHERE nom = 'P-n021-k02')), 26.01);
INSERT INTO route(ndepart, narrivee, distance) VALUES ( (SELECT id FROM point WHERE x=42 AND y=41 AND ninstance = (SELECT id FROM instance WHERE nom = 'P-n021-k02')), (SELECT id FROM point WHERE x=58 AND y=48 AND ninstance = (SELECT id FROM instance WHERE nom = 'P-n021-k02')), 17.46);
INSERT INTO route(ndepart, narrivee, distance) VALUES ( (SELECT id FROM point WHERE x=42 AND y=41 AND ninstance = (SELECT id FROM instance WHERE nom = 'P-n021-k02')), (SELECT id FROM point WHERE x=58 AND y=27 AND ninstance = (SELECT id FROM instance WHERE nom = 'P-n021-k02')), 21.26);
INSERT INTO route(ndepart, narrivee, distance) VALUES ( (SELECT id FROM point WHERE x=42 AND y=41 AND ninstance = (SELECT id FROM instance WHERE nom = 'P-n021-k02')), (SELECT id FROM point WHERE x=37 AND y=69 AND ninstance = (SELECT id FROM instance WHERE nom = 'P-n021-k02')), 28.44);
INSERT INTO route(ndepart, narrivee, distance) VALUES ( (SELECT id FROM point WHERE x=42 AND y=41 AND ninstance = (SELECT id FROM instance WHERE nom = 'P-n021-k02')), (SELECT id FROM point WHERE x=38 AND y=46 AND ninstance = (SELECT id FROM instance WHERE nom = 'P-n021-k02')), 6.4);
INSERT INTO route(ndepart, narrivee, distance) VALUES ( (SELECT id FROM point WHERE x=42 AND y=41 AND ninstance = (SELECT id FROM instance WHERE nom = 'P-n021-k02')), (SELECT id FROM point WHERE x=61 AND y=33 AND ninstance = (SELECT id FROM instance WHERE nom = 'P-n021-k02')), 20.61);
INSERT INTO route(ndepart, narrivee, distance) VALUES ( (SELECT id FROM point WHERE x=42 AND y=41 AND ninstance = (SELECT id FROM instance WHERE nom = 'P-n021-k02')), (SELECT id FROM point WHERE x=62 AND y=63 AND ninstance = (SELECT id FROM instance WHERE nom = 'P-n021-k02')), 29.73);
INSERT INTO route(ndepart, narrivee, distance) VALUES ( (SELECT id FROM point WHERE x=42 AND y=41 AND ninstance = (SELECT id FROM instance WHERE nom = 'P-n021-k02')), (SELECT id FROM point WHERE x=63 AND y=69 AND ninstance = (SELECT id FROM instance WHERE nom = 'P-n021-k02')), 35.0);
INSERT INTO route(ndepart, narrivee, distance) VALUES ( (SELECT id FROM point WHERE x=42 AND y=41 AND ninstance = (SELECT id FROM instance WHERE nom = 'P-n021-k02')), (SELECT id FROM point WHERE x=45 AND y=35 AND ninstance = (SELECT id FROM instance WHERE nom = 'P-n021-k02')), 6.7);
INSERT INTO route(ndepart, narrivee, distance) VALUES ( (SELECT id FROM point WHERE x=52 AND y=41 AND ninstance = (SELECT id FROM instance WHERE nom = 'P-n021-k02')), (SELECT id FROM point WHERE x=30 AND y=40 AND ninstance = (SELECT id FROM instance WHERE nom = 'P-n021-k02')), 22.02);
INSERT INTO route(ndepart, narrivee, distance) VALUES ( (SELECT id FROM point WHERE x=52 AND y=41 AND ninstance = (SELECT id FROM instance WHERE nom = 'P-n021-k02')), (SELECT id FROM point WHERE x=37 AND y=52 AND ninstance = (SELECT id FROM instance WHERE nom = 'P-n021-k02')), 18.6);
INSERT INTO route(ndepart, narrivee, distance) VALUES ( (SELECT id FROM point WHERE x=52 AND y=41 AND ninstance = (SELECT id FROM instance WHERE nom = 'P-n021-k02')), (SELECT id FROM point WHERE x=49 AND y=49 AND ninstance = (SELECT id FROM instance WHERE nom = 'P-n021-k02')), 8.54);
INSERT INTO route(ndepart, narrivee, distance) VALUES ( (SELECT id FROM point WHERE x=52 AND y=41 AND ninstance = (SELECT id FROM instance WHERE nom = 'P-n021-k02')), (SELECT id FROM point WHERE x=52 AND y=64 AND ninstance = (SELECT id FROM instance WHERE nom = 'P-n021-k02')), 23.0);
INSERT INTO route(ndepart, narrivee, distance) VALUES ( (SELECT id FROM point WHERE x=52 AND y=41 AND ninstance = (SELECT id FROM instance WHERE nom = 'P-n021-k02')), (SELECT id FROM point WHERE x=31 AND y=62 AND ninstance = (SELECT id FROM instance WHERE nom = 'P-n021-k02')), 29.69);
INSERT INTO route(ndepart, narrivee, distance) VALUES ( (SELECT id FROM point WHERE x=52 AND y=41 AND ninstance = (SELECT id FROM instance WHERE nom = 'P-n021-k02')), (SELECT id FROM point WHERE x=52 AND y=33 AND ninstance = (SELECT id FROM instance WHERE nom = 'P-n021-k02')), 8.0);
INSERT INTO route(ndepart, narrivee, distance) VALUES ( (SELECT id FROM point WHERE x=52 AND y=41 AND ninstance = (SELECT id FROM instance WHERE nom = 'P-n021-k02')), (SELECT id FROM point WHERE x=42 AND y=41 AND ninstance = (SELECT id FROM instance WHERE nom = 'P-n021-k02')), 10.0);
INSERT INTO route(ndepart, narrivee, distance) VALUES ( (SELECT id FROM point WHERE x=52 AND y=41 AND ninstance = (SELECT id FROM instance WHERE nom = 'P-n021-k02')), (SELECT id FROM point WHERE x=57 AND y=58 AND ninstance = (SELECT id FROM instance WHERE nom = 'P-n021-k02')), 17.72);
INSERT INTO route(ndepart, narrivee, distance) VALUES ( (SELECT id FROM point WHERE x=52 AND y=41 AND ninstance = (SELECT id FROM instance WHERE nom = 'P-n021-k02')), (SELECT id FROM point WHERE x=62 AND y=42 AND ninstance = (SELECT id FROM instance WHERE nom = 'P-n021-k02')), 10.04);
INSERT INTO route(ndepart, narrivee, distance) VALUES ( (SELECT id FROM point WHERE x=52 AND y=41 AND ninstance = (SELECT id FROM instance WHERE nom = 'P-n021-k02')), (SELECT id FROM point WHERE x=42 AND y=57 AND ninstance = (SELECT id FROM instance WHERE nom = 'P-n021-k02')), 18.86);
INSERT INTO route(ndepart, narrivee, distance) VALUES ( (SELECT id FROM point WHERE x=52 AND y=41 AND ninstance = (SELECT id FROM instance WHERE nom = 'P-n021-k02')), (SELECT id FROM point WHERE x=27 AND y=68 AND ninstance = (SELECT id FROM instance WHERE nom = 'P-n021-k02')), 36.79);
INSERT INTO route(ndepart, narrivee, distance) VALUES ( (SELECT id FROM point WHERE x=52 AND y=41 AND ninstance = (SELECT id FROM instance WHERE nom = 'P-n021-k02')), (SELECT id FROM point WHERE x=43 AND y=67 AND ninstance = (SELECT id FROM instance WHERE nom = 'P-n021-k02')), 27.51);
INSERT INTO route(ndepart, narrivee, distance) VALUES ( (SELECT id FROM point WHERE x=52 AND y=41 AND ninstance = (SELECT id FROM instance WHERE nom = 'P-n021-k02')), (SELECT id FROM point WHERE x=58 AND y=48 AND ninstance = (SELECT id FROM instance WHERE nom = 'P-n021-k02')), 9.21);
INSERT INTO route(ndepart, narrivee, distance) VALUES ( (SELECT id FROM point WHERE x=52 AND y=41 AND ninstance = (SELECT id FROM instance WHERE nom = 'P-n021-k02')), (SELECT id FROM point WHERE x=58 AND y=27 AND ninstance = (SELECT id FROM instance WHERE nom = 'P-n021-k02')), 15.23);
INSERT INTO route(ndepart, narrivee, distance) VALUES ( (SELECT id FROM point WHERE x=52 AND y=41 AND ninstance = (SELECT id FROM instance WHERE nom = 'P-n021-k02')), (SELECT id FROM point WHERE x=37 AND y=69 AND ninstance = (SELECT id FROM instance WHERE nom = 'P-n021-k02')), 31.76);
INSERT INTO route(ndepart, narrivee, distance) VALUES ( (SELECT id FROM point WHERE x=52 AND y=41 AND ninstance = (SELECT id FROM instance WHERE nom = 'P-n021-k02')), (SELECT id FROM point WHERE x=38 AND y=46 AND ninstance = (SELECT id FROM instance WHERE nom = 'P-n021-k02')), 14.86);
INSERT INTO route(ndepart, narrivee, distance) VALUES ( (SELECT id FROM point WHERE x=52 AND y=41 AND ninstance = (SELECT id FROM instance WHERE nom = 'P-n021-k02')), (SELECT id FROM point WHERE x=61 AND y=33 AND ninstance = (SELECT id FROM instance WHERE nom = 'P-n021-k02')), 12.04);
INSERT INTO route(ndepart, narrivee, distance) VALUES ( (SELECT id FROM point WHERE x=52 AND y=41 AND ninstance = (SELECT id FROM instance WHERE nom = 'P-n021-k02')), (SELECT id FROM point WHERE x=62 AND y=63 AND ninstance = (SELECT id FROM instance WHERE nom = 'P-n021-k02')), 24.16);
INSERT INTO route(ndepart, narrivee, distance) VALUES ( (SELECT id FROM point WHERE x=52 AND y=41 AND ninstance = (SELECT id FROM instance WHERE nom = 'P-n021-k02')), (SELECT id FROM point WHERE x=63 AND y=69 AND ninstance = (SELECT id FROM instance WHERE nom = 'P-n021-k02')), 30.08);
INSERT INTO route(ndepart, narrivee, distance) VALUES ( (SELECT id FROM point WHERE x=52 AND y=41 AND ninstance = (SELECT id FROM instance WHERE nom = 'P-n021-k02')), (SELECT id FROM point WHERE x=45 AND y=35 AND ninstance = (SELECT id FROM instance WHERE nom = 'P-n021-k02')), 9.21);
INSERT INTO route(ndepart, narrivee, distance) VALUES ( (SELECT id FROM point WHERE x=57 AND y=58 AND ninstance = (SELECT id FROM instance WHERE nom = 'P-n021-k02')), (SELECT id FROM point WHERE x=30 AND y=40 AND ninstance = (SELECT id FROM instance WHERE nom = 'P-n021-k02')), 32.44);
INSERT INTO route(ndepart, narrivee, distance) VALUES ( (SELECT id FROM point WHERE x=57 AND y=58 AND ninstance = (SELECT id FROM instance WHERE nom = 'P-n021-k02')), (SELECT id FROM point WHERE x=37 AND y=52 AND ninstance = (SELECT id FROM instance WHERE nom = 'P-n021-k02')), 20.88);
INSERT INTO route(ndepart, narrivee, distance) VALUES ( (SELECT id FROM point WHERE x=57 AND y=58 AND ninstance = (SELECT id FROM instance WHERE nom = 'P-n021-k02')), (SELECT id FROM point WHERE x=49 AND y=49 AND ninstance = (SELECT id FROM instance WHERE nom = 'P-n021-k02')), 12.04);
INSERT INTO route(ndepart, narrivee, distance) VALUES ( (SELECT id FROM point WHERE x=57 AND y=58 AND ninstance = (SELECT id FROM instance WHERE nom = 'P-n021-k02')), (SELECT id FROM point WHERE x=52 AND y=64 AND ninstance = (SELECT id FROM instance WHERE nom = 'P-n021-k02')), 7.81);
INSERT INTO route(ndepart, narrivee, distance) VALUES ( (SELECT id FROM point WHERE x=57 AND y=58 AND ninstance = (SELECT id FROM instance WHERE nom = 'P-n021-k02')), (SELECT id FROM point WHERE x=31 AND y=62 AND ninstance = (SELECT id FROM instance WHERE nom = 'P-n021-k02')), 26.3);
INSERT INTO route(ndepart, narrivee, distance) VALUES ( (SELECT id FROM point WHERE x=57 AND y=58 AND ninstance = (SELECT id FROM instance WHERE nom = 'P-n021-k02')), (SELECT id FROM point WHERE x=52 AND y=33 AND ninstance = (SELECT id FROM instance WHERE nom = 'P-n021-k02')), 25.49);
INSERT INTO route(ndepart, narrivee, distance) VALUES ( (SELECT id FROM point WHERE x=57 AND y=58 AND ninstance = (SELECT id FROM instance WHERE nom = 'P-n021-k02')), (SELECT id FROM point WHERE x=42 AND y=41 AND ninstance = (SELECT id FROM instance WHERE nom = 'P-n021-k02')), 22.67);
INSERT INTO route(ndepart, narrivee, distance) VALUES ( (SELECT id FROM point WHERE x=57 AND y=58 AND ninstance = (SELECT id FROM instance WHERE nom = 'P-n021-k02')), (SELECT id FROM point WHERE x=52 AND y=41 AND ninstance = (SELECT id FROM instance WHERE nom = 'P-n021-k02')), 17.72);
INSERT INTO route(ndepart, narrivee, distance) VALUES ( (SELECT id FROM point WHERE x=57 AND y=58 AND ninstance = (SELECT id FROM instance WHERE nom = 'P-n021-k02')), (SELECT id FROM point WHERE x=62 AND y=42 AND ninstance = (SELECT id FROM instance WHERE nom = 'P-n021-k02')), 16.76);
INSERT INTO route(ndepart, narrivee, distance) VALUES ( (SELECT id FROM point WHERE x=57 AND y=58 AND ninstance = (SELECT id FROM instance WHERE nom = 'P-n021-k02')), (SELECT id FROM point WHERE x=42 AND y=57 AND ninstance = (SELECT id FROM instance WHERE nom = 'P-n021-k02')), 15.03);
INSERT INTO route(ndepart, narrivee, distance) VALUES ( (SELECT id FROM point WHERE x=57 AND y=58 AND ninstance = (SELECT id FROM instance WHERE nom = 'P-n021-k02')), (SELECT id FROM point WHERE x=27 AND y=68 AND ninstance = (SELECT id FROM instance WHERE nom = 'P-n021-k02')), 31.62);
INSERT INTO route(ndepart, narrivee, distance) VALUES ( (SELECT id FROM point WHERE x=57 AND y=58 AND ninstance = (SELECT id FROM instance WHERE nom = 'P-n021-k02')), (SELECT id FROM point WHERE x=43 AND y=67 AND ninstance = (SELECT id FROM instance WHERE nom = 'P-n021-k02')), 16.64);
INSERT INTO route(ndepart, narrivee, distance) VALUES ( (SELECT id FROM point WHERE x=57 AND y=58 AND ninstance = (SELECT id FROM instance WHERE nom = 'P-n021-k02')), (SELECT id FROM point WHERE x=58 AND y=48 AND ninstance = (SELECT id FROM instance WHERE nom = 'P-n021-k02')), 10.04);
INSERT INTO route(ndepart, narrivee, distance) VALUES ( (SELECT id FROM point WHERE x=57 AND y=58 AND ninstance = (SELECT id FROM instance WHERE nom = 'P-n021-k02')), (SELECT id FROM point WHERE x=58 AND y=27 AND ninstance = (SELECT id FROM instance WHERE nom = 'P-n021-k02')), 31.01);
INSERT INTO route(ndepart, narrivee, distance) VALUES ( (SELECT id FROM point WHERE x=57 AND y=58 AND ninstance = (SELECT id FROM instance WHERE nom = 'P-n021-k02')), (SELECT id FROM point WHERE x=37 AND y=69 AND ninstance = (SELECT id FROM instance WHERE nom = 'P-n021-k02')), 22.82);
INSERT INTO route(ndepart, narrivee, distance) VALUES ( (SELECT id FROM point WHERE x=57 AND y=58 AND ninstance = (SELECT id FROM instance WHERE nom = 'P-n021-k02')), (SELECT id FROM point WHERE x=38 AND y=46 AND ninstance = (SELECT id FROM instance WHERE nom = 'P-n021-k02')), 22.47);
INSERT INTO route(ndepart, narrivee, distance) VALUES ( (SELECT id FROM point WHERE x=57 AND y=58 AND ninstance = (SELECT id FROM instance WHERE nom = 'P-n021-k02')), (SELECT id FROM point WHERE x=61 AND y=33 AND ninstance = (SELECT id FROM instance WHERE nom = 'P-n021-k02')), 25.31);
INSERT INTO route(ndepart, narrivee, distance) VALUES ( (SELECT id FROM point WHERE x=57 AND y=58 AND ninstance = (SELECT id FROM instance WHERE nom = 'P-n021-k02')), (SELECT id FROM point WHERE x=62 AND y=63 AND ninstance = (SELECT id FROM instance WHERE nom = 'P-n021-k02')), 7.07);
INSERT INTO route(ndepart, narrivee, distance) VALUES ( (SELECT id FROM point WHERE x=57 AND y=58 AND ninstance = (SELECT id FROM instance WHERE nom = 'P-n021-k02')), (SELECT id FROM point WHERE x=63 AND y=69 AND ninstance = (SELECT id FROM instance WHERE nom = 'P-n021-k02')), 12.52);
INSERT INTO route(ndepart, narrivee, distance) VALUES ( (SELECT id FROM point WHERE x=57 AND y=58 AND ninstance = (SELECT id FROM instance WHERE nom = 'P-n021-k02')), (SELECT id FROM point WHERE x=45 AND y=35 AND ninstance = (SELECT id FROM instance WHERE nom = 'P-n021-k02')), 25.94);
INSERT INTO route(ndepart, narrivee, distance) VALUES ( (SELECT id FROM point WHERE x=62 AND y=42 AND ninstance = (SELECT id FROM instance WHERE nom = 'P-n021-k02')), (SELECT id FROM point WHERE x=30 AND y=40 AND ninstance = (SELECT id FROM instance WHERE nom = 'P-n021-k02')), 32.06);
INSERT INTO route(ndepart, narrivee, distance) VALUES ( (SELECT id FROM point WHERE x=62 AND y=42 AND ninstance = (SELECT id FROM instance WHERE nom = 'P-n021-k02')), (SELECT id FROM point WHERE x=37 AND y=52 AND ninstance = (SELECT id FROM instance WHERE nom = 'P-n021-k02')), 26.92);
INSERT INTO route(ndepart, narrivee, distance) VALUES ( (SELECT id FROM point WHERE x=62 AND y=42 AND ninstance = (SELECT id FROM instance WHERE nom = 'P-n021-k02')), (SELECT id FROM point WHERE x=49 AND y=49 AND ninstance = (SELECT id FROM instance WHERE nom = 'P-n021-k02')), 14.76);
INSERT INTO route(ndepart, narrivee, distance) VALUES ( (SELECT id FROM point WHERE x=62 AND y=42 AND ninstance = (SELECT id FROM instance WHERE nom = 'P-n021-k02')), (SELECT id FROM point WHERE x=52 AND y=64 AND ninstance = (SELECT id FROM instance WHERE nom = 'P-n021-k02')), 24.16);
INSERT INTO route(ndepart, narrivee, distance) VALUES ( (SELECT id FROM point WHERE x=62 AND y=42 AND ninstance = (SELECT id FROM instance WHERE nom = 'P-n021-k02')), (SELECT id FROM point WHERE x=31 AND y=62 AND ninstance = (SELECT id FROM instance WHERE nom = 'P-n021-k02')), 36.89);
INSERT INTO route(ndepart, narrivee, distance) VALUES ( (SELECT id FROM point WHERE x=62 AND y=42 AND ninstance = (SELECT id FROM instance WHERE nom = 'P-n021-k02')), (SELECT id FROM point WHERE x=52 AND y=33 AND ninstance = (SELECT id FROM instance WHERE nom = 'P-n021-k02')), 13.45);
INSERT INTO route(ndepart, narrivee, distance) VALUES ( (SELECT id FROM point WHERE x=62 AND y=42 AND ninstance = (SELECT id FROM instance WHERE nom = 'P-n021-k02')), (SELECT id FROM point WHERE x=42 AND y=41 AND ninstance = (SELECT id FROM instance WHERE nom = 'P-n021-k02')), 20.02);
INSERT INTO route(ndepart, narrivee, distance) VALUES ( (SELECT id FROM point WHERE x=62 AND y=42 AND ninstance = (SELECT id FROM instance WHERE nom = 'P-n021-k02')), (SELECT id FROM point WHERE x=52 AND y=41 AND ninstance = (SELECT id FROM instance WHERE nom = 'P-n021-k02')), 10.04);
INSERT INTO route(ndepart, narrivee, distance) VALUES ( (SELECT id FROM point WHERE x=62 AND y=42 AND ninstance = (SELECT id FROM instance WHERE nom = 'P-n021-k02')), (SELECT id FROM point WHERE x=57 AND y=58 AND ninstance = (SELECT id FROM instance WHERE nom = 'P-n021-k02')), 16.76);
INSERT INTO route(ndepart, narrivee, distance) VALUES ( (SELECT id FROM point WHERE x=62 AND y=42 AND ninstance = (SELECT id FROM instance WHERE nom = 'P-n021-k02')), (SELECT id FROM point WHERE x=42 AND y=57 AND ninstance = (SELECT id FROM instance WHERE nom = 'P-n021-k02')), 25.0);
INSERT INTO route(ndepart, narrivee, distance) VALUES ( (SELECT id FROM point WHERE x=62 AND y=42 AND ninstance = (SELECT id FROM instance WHERE nom = 'P-n021-k02')), (SELECT id FROM point WHERE x=27 AND y=68 AND ninstance = (SELECT id FROM instance WHERE nom = 'P-n021-k02')), 43.6);
INSERT INTO route(ndepart, narrivee, distance) VALUES ( (SELECT id FROM point WHERE x=62 AND y=42 AND ninstance = (SELECT id FROM instance WHERE nom = 'P-n021-k02')), (SELECT id FROM point WHERE x=43 AND y=67 AND ninstance = (SELECT id FROM instance WHERE nom = 'P-n021-k02')), 31.4);
INSERT INTO route(ndepart, narrivee, distance) VALUES ( (SELECT id FROM point WHERE x=62 AND y=42 AND ninstance = (SELECT id FROM instance WHERE nom = 'P-n021-k02')), (SELECT id FROM point WHERE x=58 AND y=48 AND ninstance = (SELECT id FROM instance WHERE nom = 'P-n021-k02')), 7.21);
INSERT INTO route(ndepart, narrivee, distance) VALUES ( (SELECT id FROM point WHERE x=62 AND y=42 AND ninstance = (SELECT id FROM instance WHERE nom = 'P-n021-k02')), (SELECT id FROM point WHERE x=58 AND y=27 AND ninstance = (SELECT id FROM instance WHERE nom = 'P-n021-k02')), 15.52);
INSERT INTO route(ndepart, narrivee, distance) VALUES ( (SELECT id FROM point WHERE x=62 AND y=42 AND ninstance = (SELECT id FROM instance WHERE nom = 'P-n021-k02')), (SELECT id FROM point WHERE x=37 AND y=69 AND ninstance = (SELECT id FROM instance WHERE nom = 'P-n021-k02')), 36.79);
INSERT INTO route(ndepart, narrivee, distance) VALUES ( (SELECT id FROM point WHERE x=62 AND y=42 AND ninstance = (SELECT id FROM instance WHERE nom = 'P-n021-k02')), (SELECT id FROM point WHERE x=38 AND y=46 AND ninstance = (SELECT id FROM instance WHERE nom = 'P-n021-k02')), 24.33);
INSERT INTO route(ndepart, narrivee, distance) VALUES ( (SELECT id FROM point WHERE x=62 AND y=42 AND ninstance = (SELECT id FROM instance WHERE nom = 'P-n021-k02')), (SELECT id FROM point WHERE x=61 AND y=33 AND ninstance = (SELECT id FROM instance WHERE nom = 'P-n021-k02')), 9.05);
INSERT INTO route(ndepart, narrivee, distance) VALUES ( (SELECT id FROM point WHERE x=62 AND y=42 AND ninstance = (SELECT id FROM instance WHERE nom = 'P-n021-k02')), (SELECT id FROM point WHERE x=62 AND y=63 AND ninstance = (SELECT id FROM instance WHERE nom = 'P-n021-k02')), 21.0);
INSERT INTO route(ndepart, narrivee, distance) VALUES ( (SELECT id FROM point WHERE x=62 AND y=42 AND ninstance = (SELECT id FROM instance WHERE nom = 'P-n021-k02')), (SELECT id FROM point WHERE x=63 AND y=69 AND ninstance = (SELECT id FROM instance WHERE nom = 'P-n021-k02')), 27.01);
INSERT INTO route(ndepart, narrivee, distance) VALUES ( (SELECT id FROM point WHERE x=62 AND y=42 AND ninstance = (SELECT id FROM instance WHERE nom = 'P-n021-k02')), (SELECT id FROM point WHERE x=45 AND y=35 AND ninstance = (SELECT id FROM instance WHERE nom = 'P-n021-k02')), 18.38);
INSERT INTO route(ndepart, narrivee, distance) VALUES ( (SELECT id FROM point WHERE x=42 AND y=57 AND ninstance = (SELECT id FROM instance WHERE nom = 'P-n021-k02')), (SELECT id FROM point WHERE x=30 AND y=40 AND ninstance = (SELECT id FROM instance WHERE nom = 'P-n021-k02')), 20.8);
INSERT INTO route(ndepart, narrivee, distance) VALUES ( (SELECT id FROM point WHERE x=42 AND y=57 AND ninstance = (SELECT id FROM instance WHERE nom = 'P-n021-k02')), (SELECT id FROM point WHERE x=37 AND y=52 AND ninstance = (SELECT id FROM instance WHERE nom = 'P-n021-k02')), 7.07);
INSERT INTO route(ndepart, narrivee, distance) VALUES ( (SELECT id FROM point WHERE x=42 AND y=57 AND ninstance = (SELECT id FROM instance WHERE nom = 'P-n021-k02')), (SELECT id FROM point WHERE x=49 AND y=49 AND ninstance = (SELECT id FROM instance WHERE nom = 'P-n021-k02')), 10.63);
INSERT INTO route(ndepart, narrivee, distance) VALUES ( (SELECT id FROM point WHERE x=42 AND y=57 AND ninstance = (SELECT id FROM instance WHERE nom = 'P-n021-k02')), (SELECT id FROM point WHERE x=52 AND y=64 AND ninstance = (SELECT id FROM instance WHERE nom = 'P-n021-k02')), 12.2);
INSERT INTO route(ndepart, narrivee, distance) VALUES ( (SELECT id FROM point WHERE x=42 AND y=57 AND ninstance = (SELECT id FROM instance WHERE nom = 'P-n021-k02')), (SELECT id FROM point WHERE x=31 AND y=62 AND ninstance = (SELECT id FROM instance WHERE nom = 'P-n021-k02')), 12.08);
INSERT INTO route(ndepart, narrivee, distance) VALUES ( (SELECT id FROM point WHERE x=42 AND y=57 AND ninstance = (SELECT id FROM instance WHERE nom = 'P-n021-k02')), (SELECT id FROM point WHERE x=52 AND y=33 AND ninstance = (SELECT id FROM instance WHERE nom = 'P-n021-k02')), 26.0);
INSERT INTO route(ndepart, narrivee, distance) VALUES ( (SELECT id FROM point WHERE x=42 AND y=57 AND ninstance = (SELECT id FROM instance WHERE nom = 'P-n021-k02')), (SELECT id FROM point WHERE x=42 AND y=41 AND ninstance = (SELECT id FROM instance WHERE nom = 'P-n021-k02')), 16.0);
INSERT INTO route(ndepart, narrivee, distance) VALUES ( (SELECT id FROM point WHERE x=42 AND y=57 AND ninstance = (SELECT id FROM instance WHERE nom = 'P-n021-k02')), (SELECT id FROM point WHERE x=52 AND y=41 AND ninstance = (SELECT id FROM instance WHERE nom = 'P-n021-k02')), 18.86);
INSERT INTO route(ndepart, narrivee, distance) VALUES ( (SELECT id FROM point WHERE x=42 AND y=57 AND ninstance = (SELECT id FROM instance WHERE nom = 'P-n021-k02')), (SELECT id FROM point WHERE x=57 AND y=58 AND ninstance = (SELECT id FROM instance WHERE nom = 'P-n021-k02')), 15.03);
INSERT INTO route(ndepart, narrivee, distance) VALUES ( (SELECT id FROM point WHERE x=42 AND y=57 AND ninstance = (SELECT id FROM instance WHERE nom = 'P-n021-k02')), (SELECT id FROM point WHERE x=62 AND y=42 AND ninstance = (SELECT id FROM instance WHERE nom = 'P-n021-k02')), 25.0);
INSERT INTO route(ndepart, narrivee, distance) VALUES ( (SELECT id FROM point WHERE x=42 AND y=57 AND ninstance = (SELECT id FROM instance WHERE nom = 'P-n021-k02')), (SELECT id FROM point WHERE x=27 AND y=68 AND ninstance = (SELECT id FROM instance WHERE nom = 'P-n021-k02')), 18.6);
INSERT INTO route(ndepart, narrivee, distance) VALUES ( (SELECT id FROM point WHERE x=42 AND y=57 AND ninstance = (SELECT id FROM instance WHERE nom = 'P-n021-k02')), (SELECT id FROM point WHERE x=43 AND y=67 AND ninstance = (SELECT id FROM instance WHERE nom = 'P-n021-k02')), 10.04);
INSERT INTO route(ndepart, narrivee, distance) VALUES ( (SELECT id FROM point WHERE x=42 AND y=57 AND ninstance = (SELECT id FROM instance WHERE nom = 'P-n021-k02')), (SELECT id FROM point WHERE x=58 AND y=48 AND ninstance = (SELECT id FROM instance WHERE nom = 'P-n021-k02')), 18.35);
INSERT INTO route(ndepart, narrivee, distance) VALUES ( (SELECT id FROM point WHERE x=42 AND y=57 AND ninstance = (SELECT id FROM instance WHERE nom = 'P-n021-k02')), (SELECT id FROM point WHERE x=58 AND y=27 AND ninstance = (SELECT id FROM instance WHERE nom = 'P-n021-k02')), 34.0);
INSERT INTO route(ndepart, narrivee, distance) VALUES ( (SELECT id FROM point WHERE x=42 AND y=57 AND ninstance = (SELECT id FROM instance WHERE nom = 'P-n021-k02')), (SELECT id FROM point WHERE x=37 AND y=69 AND ninstance = (SELECT id FROM instance WHERE nom = 'P-n021-k02')), 13.0);
INSERT INTO route(ndepart, narrivee, distance) VALUES ( (SELECT id FROM point WHERE x=42 AND y=57 AND ninstance = (SELECT id FROM instance WHERE nom = 'P-n021-k02')), (SELECT id FROM point WHERE x=38 AND y=46 AND ninstance = (SELECT id FROM instance WHERE nom = 'P-n021-k02')), 11.7);
INSERT INTO route(ndepart, narrivee, distance) VALUES ( (SELECT id FROM point WHERE x=42 AND y=57 AND ninstance = (SELECT id FROM instance WHERE nom = 'P-n021-k02')), (SELECT id FROM point WHERE x=61 AND y=33 AND ninstance = (SELECT id FROM instance WHERE nom = 'P-n021-k02')), 30.61);
INSERT INTO route(ndepart, narrivee, distance) VALUES ( (SELECT id FROM point WHERE x=42 AND y=57 AND ninstance = (SELECT id FROM instance WHERE nom = 'P-n021-k02')), (SELECT id FROM point WHERE x=62 AND y=63 AND ninstance = (SELECT id FROM instance WHERE nom = 'P-n021-k02')), 20.88);
INSERT INTO route(ndepart, narrivee, distance) VALUES ( (SELECT id FROM point WHERE x=42 AND y=57 AND ninstance = (SELECT id FROM instance WHERE nom = 'P-n021-k02')), (SELECT id FROM point WHERE x=63 AND y=69 AND ninstance = (SELECT id FROM instance WHERE nom = 'P-n021-k02')), 24.18);
INSERT INTO route(ndepart, narrivee, distance) VALUES ( (SELECT id FROM point WHERE x=42 AND y=57 AND ninstance = (SELECT id FROM instance WHERE nom = 'P-n021-k02')), (SELECT id FROM point WHERE x=45 AND y=35 AND ninstance = (SELECT id FROM instance WHERE nom = 'P-n021-k02')), 22.2);
INSERT INTO route(ndepart, narrivee, distance) VALUES ( (SELECT id FROM point WHERE x=27 AND y=68 AND ninstance = (SELECT id FROM instance WHERE nom = 'P-n021-k02')), (SELECT id FROM point WHERE x=30 AND y=40 AND ninstance = (SELECT id FROM instance WHERE nom = 'P-n021-k02')), 28.16);
INSERT INTO route(ndepart, narrivee, distance) VALUES ( (SELECT id FROM point WHERE x=27 AND y=68 AND ninstance = (SELECT id FROM instance WHERE nom = 'P-n021-k02')), (SELECT id FROM point WHERE x=37 AND y=52 AND ninstance = (SELECT id FROM instance WHERE nom = 'P-n021-k02')), 18.86);
INSERT INTO route(ndepart, narrivee, distance) VALUES ( (SELECT id FROM point WHERE x=27 AND y=68 AND ninstance = (SELECT id FROM instance WHERE nom = 'P-n021-k02')), (SELECT id FROM point WHERE x=49 AND y=49 AND ninstance = (SELECT id FROM instance WHERE nom = 'P-n021-k02')), 29.06);
INSERT INTO route(ndepart, narrivee, distance) VALUES ( (SELECT id FROM point WHERE x=27 AND y=68 AND ninstance = (SELECT id FROM instance WHERE nom = 'P-n021-k02')), (SELECT id FROM point WHERE x=52 AND y=64 AND ninstance = (SELECT id FROM instance WHERE nom = 'P-n021-k02')), 25.31);
INSERT INTO route(ndepart, narrivee, distance) VALUES ( (SELECT id FROM point WHERE x=27 AND y=68 AND ninstance = (SELECT id FROM instance WHERE nom = 'P-n021-k02')), (SELECT id FROM point WHERE x=31 AND y=62 AND ninstance = (SELECT id FROM instance WHERE nom = 'P-n021-k02')), 7.21);
INSERT INTO route(ndepart, narrivee, distance) VALUES ( (SELECT id FROM point WHERE x=27 AND y=68 AND ninstance = (SELECT id FROM instance WHERE nom = 'P-n021-k02')), (SELECT id FROM point WHERE x=52 AND y=33 AND ninstance = (SELECT id FROM instance WHERE nom = 'P-n021-k02')), 43.01);
INSERT INTO route(ndepart, narrivee, distance) VALUES ( (SELECT id FROM point WHERE x=27 AND y=68 AND ninstance = (SELECT id FROM instance WHERE nom = 'P-n021-k02')), (SELECT id FROM point WHERE x=42 AND y=41 AND ninstance = (SELECT id FROM instance WHERE nom = 'P-n021-k02')), 30.88);
INSERT INTO route(ndepart, narrivee, distance) VALUES ( (SELECT id FROM point WHERE x=27 AND y=68 AND ninstance = (SELECT id FROM instance WHERE nom = 'P-n021-k02')), (SELECT id FROM point WHERE x=52 AND y=41 AND ninstance = (SELECT id FROM instance WHERE nom = 'P-n021-k02')), 36.79);
INSERT INTO route(ndepart, narrivee, distance) VALUES ( (SELECT id FROM point WHERE x=27 AND y=68 AND ninstance = (SELECT id FROM instance WHERE nom = 'P-n021-k02')), (SELECT id FROM point WHERE x=57 AND y=58 AND ninstance = (SELECT id FROM instance WHERE nom = 'P-n021-k02')), 31.62);
INSERT INTO route(ndepart, narrivee, distance) VALUES ( (SELECT id FROM point WHERE x=27 AND y=68 AND ninstance = (SELECT id FROM instance WHERE nom = 'P-n021-k02')), (SELECT id FROM point WHERE x=62 AND y=42 AND ninstance = (SELECT id FROM instance WHERE nom = 'P-n021-k02')), 43.6);
INSERT INTO route(ndepart, narrivee, distance) VALUES ( (SELECT id FROM point WHERE x=27 AND y=68 AND ninstance = (SELECT id FROM instance WHERE nom = 'P-n021-k02')), (SELECT id FROM point WHERE x=42 AND y=57 AND ninstance = (SELECT id FROM instance WHERE nom = 'P-n021-k02')), 18.6);
INSERT INTO route(ndepart, narrivee, distance) VALUES ( (SELECT id FROM point WHERE x=27 AND y=68 AND ninstance = (SELECT id FROM instance WHERE nom = 'P-n021-k02')), (SELECT id FROM point WHERE x=43 AND y=67 AND ninstance = (SELECT id FROM instance WHERE nom = 'P-n021-k02')), 16.03);
INSERT INTO route(ndepart, narrivee, distance) VALUES ( (SELECT id FROM point WHERE x=27 AND y=68 AND ninstance = (SELECT id FROM instance WHERE nom = 'P-n021-k02')), (SELECT id FROM point WHERE x=58 AND y=48 AND ninstance = (SELECT id FROM instance WHERE nom = 'P-n021-k02')), 36.89);
INSERT INTO route(ndepart, narrivee, distance) VALUES ( (SELECT id FROM point WHERE x=27 AND y=68 AND ninstance = (SELECT id FROM instance WHERE nom = 'P-n021-k02')), (SELECT id FROM point WHERE x=58 AND y=27 AND ninstance = (SELECT id FROM instance WHERE nom = 'P-n021-k02')), 51.4);
INSERT INTO route(ndepart, narrivee, distance) VALUES ( (SELECT id FROM point WHERE x=27 AND y=68 AND ninstance = (SELECT id FROM instance WHERE nom = 'P-n021-k02')), (SELECT id FROM point WHERE x=37 AND y=69 AND ninstance = (SELECT id FROM instance WHERE nom = 'P-n021-k02')), 10.04);
INSERT INTO route(ndepart, narrivee, distance) VALUES ( (SELECT id FROM point WHERE x=27 AND y=68 AND ninstance = (SELECT id FROM instance WHERE nom = 'P-n021-k02')), (SELECT id FROM point WHERE x=38 AND y=46 AND ninstance = (SELECT id FROM instance WHERE nom = 'P-n021-k02')), 24.59);
INSERT INTO route(ndepart, narrivee, distance) VALUES ( (SELECT id FROM point WHERE x=27 AND y=68 AND ninstance = (SELECT id FROM instance WHERE nom = 'P-n021-k02')), (SELECT id FROM point WHERE x=61 AND y=33 AND ninstance = (SELECT id FROM instance WHERE nom = 'P-n021-k02')), 48.79);
INSERT INTO route(ndepart, narrivee, distance) VALUES ( (SELECT id FROM point WHERE x=27 AND y=68 AND ninstance = (SELECT id FROM instance WHERE nom = 'P-n021-k02')), (SELECT id FROM point WHERE x=62 AND y=63 AND ninstance = (SELECT id FROM instance WHERE nom = 'P-n021-k02')), 35.35);
INSERT INTO route(ndepart, narrivee, distance) VALUES ( (SELECT id FROM point WHERE x=27 AND y=68 AND ninstance = (SELECT id FROM instance WHERE nom = 'P-n021-k02')), (SELECT id FROM point WHERE x=63 AND y=69 AND ninstance = (SELECT id FROM instance WHERE nom = 'P-n021-k02')), 36.01);
INSERT INTO route(ndepart, narrivee, distance) VALUES ( (SELECT id FROM point WHERE x=27 AND y=68 AND ninstance = (SELECT id FROM instance WHERE nom = 'P-n021-k02')), (SELECT id FROM point WHERE x=45 AND y=35 AND ninstance = (SELECT id FROM instance WHERE nom = 'P-n021-k02')), 37.58);
INSERT INTO route(ndepart, narrivee, distance) VALUES ( (SELECT id FROM point WHERE x=43 AND y=67 AND ninstance = (SELECT id FROM instance WHERE nom = 'P-n021-k02')), (SELECT id FROM point WHERE x=30 AND y=40 AND ninstance = (SELECT id FROM instance WHERE nom = 'P-n021-k02')), 29.96);
INSERT INTO route(ndepart, narrivee, distance) VALUES ( (SELECT id FROM point WHERE x=43 AND y=67 AND ninstance = (SELECT id FROM instance WHERE nom = 'P-n021-k02')), (SELECT id FROM point WHERE x=37 AND y=52 AND ninstance = (SELECT id FROM instance WHERE nom = 'P-n021-k02')), 16.15);
INSERT INTO route(ndepart, narrivee, distance) VALUES ( (SELECT id FROM point WHERE x=43 AND y=67 AND ninstance = (SELECT id FROM instance WHERE nom = 'P-n021-k02')), (SELECT id FROM point WHERE x=49 AND y=49 AND ninstance = (SELECT id FROM instance WHERE nom = 'P-n021-k02')), 18.97);
INSERT INTO route(ndepart, narrivee, distance) VALUES ( (SELECT id FROM point WHERE x=43 AND y=67 AND ninstance = (SELECT id FROM instance WHERE nom = 'P-n021-k02')), (SELECT id FROM point WHERE x=52 AND y=64 AND ninstance = (SELECT id FROM instance WHERE nom = 'P-n021-k02')), 9.48);
INSERT INTO route(ndepart, narrivee, distance) VALUES ( (SELECT id FROM point WHERE x=43 AND y=67 AND ninstance = (SELECT id FROM instance WHERE nom = 'P-n021-k02')), (SELECT id FROM point WHERE x=31 AND y=62 AND ninstance = (SELECT id FROM instance WHERE nom = 'P-n021-k02')), 13.0);
INSERT INTO route(ndepart, narrivee, distance) VALUES ( (SELECT id FROM point WHERE x=43 AND y=67 AND ninstance = (SELECT id FROM instance WHERE nom = 'P-n021-k02')), (SELECT id FROM point WHERE x=52 AND y=33 AND ninstance = (SELECT id FROM instance WHERE nom = 'P-n021-k02')), 35.17);
INSERT INTO route(ndepart, narrivee, distance) VALUES ( (SELECT id FROM point WHERE x=43 AND y=67 AND ninstance = (SELECT id FROM instance WHERE nom = 'P-n021-k02')), (SELECT id FROM point WHERE x=42 AND y=41 AND ninstance = (SELECT id FROM instance WHERE nom = 'P-n021-k02')), 26.01);
INSERT INTO route(ndepart, narrivee, distance) VALUES ( (SELECT id FROM point WHERE x=43 AND y=67 AND ninstance = (SELECT id FROM instance WHERE nom = 'P-n021-k02')), (SELECT id FROM point WHERE x=52 AND y=41 AND ninstance = (SELECT id FROM instance WHERE nom = 'P-n021-k02')), 27.51);
INSERT INTO route(ndepart, narrivee, distance) VALUES ( (SELECT id FROM point WHERE x=43 AND y=67 AND ninstance = (SELECT id FROM instance WHERE nom = 'P-n021-k02')), (SELECT id FROM point WHERE x=57 AND y=58 AND ninstance = (SELECT id FROM instance WHERE nom = 'P-n021-k02')), 16.64);
INSERT INTO route(ndepart, narrivee, distance) VALUES ( (SELECT id FROM point WHERE x=43 AND y=67 AND ninstance = (SELECT id FROM instance WHERE nom = 'P-n021-k02')), (SELECT id FROM point WHERE x=62 AND y=42 AND ninstance = (SELECT id FROM instance WHERE nom = 'P-n021-k02')), 31.4);
INSERT INTO route(ndepart, narrivee, distance) VALUES ( (SELECT id FROM point WHERE x=43 AND y=67 AND ninstance = (SELECT id FROM instance WHERE nom = 'P-n021-k02')), (SELECT id FROM point WHERE x=42 AND y=57 AND ninstance = (SELECT id FROM instance WHERE nom = 'P-n021-k02')), 10.04);
INSERT INTO route(ndepart, narrivee, distance) VALUES ( (SELECT id FROM point WHERE x=43 AND y=67 AND ninstance = (SELECT id FROM instance WHERE nom = 'P-n021-k02')), (SELECT id FROM point WHERE x=27 AND y=68 AND ninstance = (SELECT id FROM instance WHERE nom = 'P-n021-k02')), 16.03);
INSERT INTO route(ndepart, narrivee, distance) VALUES ( (SELECT id FROM point WHERE x=43 AND y=67 AND ninstance = (SELECT id FROM instance WHERE nom = 'P-n021-k02')), (SELECT id FROM point WHERE x=58 AND y=48 AND ninstance = (SELECT id FROM instance WHERE nom = 'P-n021-k02')), 24.2);
INSERT INTO route(ndepart, narrivee, distance) VALUES ( (SELECT id FROM point WHERE x=43 AND y=67 AND ninstance = (SELECT id FROM instance WHERE nom = 'P-n021-k02')), (SELECT id FROM point WHERE x=58 AND y=27 AND ninstance = (SELECT id FROM instance WHERE nom = 'P-n021-k02')), 42.72);
INSERT INTO route(ndepart, narrivee, distance) VALUES ( (SELECT id FROM point WHERE x=43 AND y=67 AND ninstance = (SELECT id FROM instance WHERE nom = 'P-n021-k02')), (SELECT id FROM point WHERE x=37 AND y=69 AND ninstance = (SELECT id FROM instance WHERE nom = 'P-n021-k02')), 6.32);
INSERT INTO route(ndepart, narrivee, distance) VALUES ( (SELECT id FROM point WHERE x=43 AND y=67 AND ninstance = (SELECT id FROM instance WHERE nom = 'P-n021-k02')), (SELECT id FROM point WHERE x=38 AND y=46 AND ninstance = (SELECT id FROM instance WHERE nom = 'P-n021-k02')), 21.58);
INSERT INTO route(ndepart, narrivee, distance) VALUES ( (SELECT id FROM point WHERE x=43 AND y=67 AND ninstance = (SELECT id FROM instance WHERE nom = 'P-n021-k02')), (SELECT id FROM point WHERE x=61 AND y=33 AND ninstance = (SELECT id FROM instance WHERE nom = 'P-n021-k02')), 38.47);
INSERT INTO route(ndepart, narrivee, distance) VALUES ( (SELECT id FROM point WHERE x=43 AND y=67 AND ninstance = (SELECT id FROM instance WHERE nom = 'P-n021-k02')), (SELECT id FROM point WHERE x=62 AND y=63 AND ninstance = (SELECT id FROM instance WHERE nom = 'P-n021-k02')), 19.41);
INSERT INTO route(ndepart, narrivee, distance) VALUES ( (SELECT id FROM point WHERE x=43 AND y=67 AND ninstance = (SELECT id FROM instance WHERE nom = 'P-n021-k02')), (SELECT id FROM point WHERE x=63 AND y=69 AND ninstance = (SELECT id FROM instance WHERE nom = 'P-n021-k02')), 20.09);
INSERT INTO route(ndepart, narrivee, distance) VALUES ( (SELECT id FROM point WHERE x=43 AND y=67 AND ninstance = (SELECT id FROM instance WHERE nom = 'P-n021-k02')), (SELECT id FROM point WHERE x=45 AND y=35 AND ninstance = (SELECT id FROM instance WHERE nom = 'P-n021-k02')), 32.06);
INSERT INTO route(ndepart, narrivee, distance) VALUES ( (SELECT id FROM point WHERE x=58 AND y=48 AND ninstance = (SELECT id FROM instance WHERE nom = 'P-n021-k02')), (SELECT id FROM point WHERE x=30 AND y=40 AND ninstance = (SELECT id FROM instance WHERE nom = 'P-n021-k02')), 29.12);
INSERT INTO route(ndepart, narrivee, distance) VALUES ( (SELECT id FROM point WHERE x=58 AND y=48 AND ninstance = (SELECT id FROM instance WHERE nom = 'P-n021-k02')), (SELECT id FROM point WHERE x=37 AND y=52 AND ninstance = (SELECT id FROM instance WHERE nom = 'P-n021-k02')), 21.37);
INSERT INTO route(ndepart, narrivee, distance) VALUES ( (SELECT id FROM point WHERE x=58 AND y=48 AND ninstance = (SELECT id FROM instance WHERE nom = 'P-n021-k02')), (SELECT id FROM point WHERE x=49 AND y=49 AND ninstance = (SELECT id FROM instance WHERE nom = 'P-n021-k02')), 9.05);
INSERT INTO route(ndepart, narrivee, distance) VALUES ( (SELECT id FROM point WHERE x=58 AND y=48 AND ninstance = (SELECT id FROM instance WHERE nom = 'P-n021-k02')), (SELECT id FROM point WHERE x=52 AND y=64 AND ninstance = (SELECT id FROM instance WHERE nom = 'P-n021-k02')), 17.08);
INSERT INTO route(ndepart, narrivee, distance) VALUES ( (SELECT id FROM point WHERE x=58 AND y=48 AND ninstance = (SELECT id FROM instance WHERE nom = 'P-n021-k02')), (SELECT id FROM point WHERE x=31 AND y=62 AND ninstance = (SELECT id FROM instance WHERE nom = 'P-n021-k02')), 30.41);
INSERT INTO route(ndepart, narrivee, distance) VALUES ( (SELECT id FROM point WHERE x=58 AND y=48 AND ninstance = (SELECT id FROM instance WHERE nom = 'P-n021-k02')), (SELECT id FROM point WHERE x=52 AND y=33 AND ninstance = (SELECT id FROM instance WHERE nom = 'P-n021-k02')), 16.15);
INSERT INTO route(ndepart, narrivee, distance) VALUES ( (SELECT id FROM point WHERE x=58 AND y=48 AND ninstance = (SELECT id FROM instance WHERE nom = 'P-n021-k02')), (SELECT id FROM point WHERE x=42 AND y=41 AND ninstance = (SELECT id FROM instance WHERE nom = 'P-n021-k02')), 17.46);
INSERT INTO route(ndepart, narrivee, distance) VALUES ( (SELECT id FROM point WHERE x=58 AND y=48 AND ninstance = (SELECT id FROM instance WHERE nom = 'P-n021-k02')), (SELECT id FROM point WHERE x=52 AND y=41 AND ninstance = (SELECT id FROM instance WHERE nom = 'P-n021-k02')), 9.21);
INSERT INTO route(ndepart, narrivee, distance) VALUES ( (SELECT id FROM point WHERE x=58 AND y=48 AND ninstance = (SELECT id FROM instance WHERE nom = 'P-n021-k02')), (SELECT id FROM point WHERE x=57 AND y=58 AND ninstance = (SELECT id FROM instance WHERE nom = 'P-n021-k02')), 10.04);
INSERT INTO route(ndepart, narrivee, distance) VALUES ( (SELECT id FROM point WHERE x=58 AND y=48 AND ninstance = (SELECT id FROM instance WHERE nom = 'P-n021-k02')), (SELECT id FROM point WHERE x=62 AND y=42 AND ninstance = (SELECT id FROM instance WHERE nom = 'P-n021-k02')), 7.21);
INSERT INTO route(ndepart, narrivee, distance) VALUES ( (SELECT id FROM point WHERE x=58 AND y=48 AND ninstance = (SELECT id FROM instance WHERE nom = 'P-n021-k02')), (SELECT id FROM point WHERE x=42 AND y=57 AND ninstance = (SELECT id FROM instance WHERE nom = 'P-n021-k02')), 18.35);
INSERT INTO route(ndepart, narrivee, distance) VALUES ( (SELECT id FROM point WHERE x=58 AND y=48 AND ninstance = (SELECT id FROM instance WHERE nom = 'P-n021-k02')), (SELECT id FROM point WHERE x=27 AND y=68 AND ninstance = (SELECT id FROM instance WHERE nom = 'P-n021-k02')), 36.89);
INSERT INTO route(ndepart, narrivee, distance) VALUES ( (SELECT id FROM point WHERE x=58 AND y=48 AND ninstance = (SELECT id FROM instance WHERE nom = 'P-n021-k02')), (SELECT id FROM point WHERE x=43 AND y=67 AND ninstance = (SELECT id FROM instance WHERE nom = 'P-n021-k02')), 24.2);
INSERT INTO route(ndepart, narrivee, distance) VALUES ( (SELECT id FROM point WHERE x=58 AND y=48 AND ninstance = (SELECT id FROM instance WHERE nom = 'P-n021-k02')), (SELECT id FROM point WHERE x=58 AND y=27 AND ninstance = (SELECT id FROM instance WHERE nom = 'P-n021-k02')), 21.0);
INSERT INTO route(ndepart, narrivee, distance) VALUES ( (SELECT id FROM point WHERE x=58 AND y=48 AND ninstance = (SELECT id FROM instance WHERE nom = 'P-n021-k02')), (SELECT id FROM point WHERE x=37 AND y=69 AND ninstance = (SELECT id FROM instance WHERE nom = 'P-n021-k02')), 29.69);
INSERT INTO route(ndepart, narrivee, distance) VALUES ( (SELECT id FROM point WHERE x=58 AND y=48 AND ninstance = (SELECT id FROM instance WHERE nom = 'P-n021-k02')), (SELECT id FROM point WHERE x=38 AND y=46 AND ninstance = (SELECT id FROM instance WHERE nom = 'P-n021-k02')), 20.09);
INSERT INTO route(ndepart, narrivee, distance) VALUES ( (SELECT id FROM point WHERE x=58 AND y=48 AND ninstance = (SELECT id FROM instance WHERE nom = 'P-n021-k02')), (SELECT id FROM point WHERE x=61 AND y=33 AND ninstance = (SELECT id FROM instance WHERE nom = 'P-n021-k02')), 15.29);
INSERT INTO route(ndepart, narrivee, distance) VALUES ( (SELECT id FROM point WHERE x=58 AND y=48 AND ninstance = (SELECT id FROM instance WHERE nom = 'P-n021-k02')), (SELECT id FROM point WHERE x=62 AND y=63 AND ninstance = (SELECT id FROM instance WHERE nom = 'P-n021-k02')), 15.52);
INSERT INTO route(ndepart, narrivee, distance) VALUES ( (SELECT id FROM point WHERE x=58 AND y=48 AND ninstance = (SELECT id FROM instance WHERE nom = 'P-n021-k02')), (SELECT id FROM point WHERE x=63 AND y=69 AND ninstance = (SELECT id FROM instance WHERE nom = 'P-n021-k02')), 21.58);
INSERT INTO route(ndepart, narrivee, distance) VALUES ( (SELECT id FROM point WHERE x=58 AND y=48 AND ninstance = (SELECT id FROM instance WHERE nom = 'P-n021-k02')), (SELECT id FROM point WHERE x=45 AND y=35 AND ninstance = (SELECT id FROM instance WHERE nom = 'P-n021-k02')), 18.38);
INSERT INTO route(ndepart, narrivee, distance) VALUES ( (SELECT id FROM point WHERE x=58 AND y=27 AND ninstance = (SELECT id FROM instance WHERE nom = 'P-n021-k02')), (SELECT id FROM point WHERE x=30 AND y=40 AND ninstance = (SELECT id FROM instance WHERE nom = 'P-n021-k02')), 30.87);
INSERT INTO route(ndepart, narrivee, distance) VALUES ( (SELECT id FROM point WHERE x=58 AND y=27 AND ninstance = (SELECT id FROM instance WHERE nom = 'P-n021-k02')), (SELECT id FROM point WHERE x=37 AND y=52 AND ninstance = (SELECT id FROM instance WHERE nom = 'P-n021-k02')), 32.64);
INSERT INTO route(ndepart, narrivee, distance) VALUES ( (SELECT id FROM point WHERE x=58 AND y=27 AND ninstance = (SELECT id FROM instance WHERE nom = 'P-n021-k02')), (SELECT id FROM point WHERE x=49 AND y=49 AND ninstance = (SELECT id FROM instance WHERE nom = 'P-n021-k02')), 23.76);
INSERT INTO route(ndepart, narrivee, distance) VALUES ( (SELECT id FROM point WHERE x=58 AND y=27 AND ninstance = (SELECT id FROM instance WHERE nom = 'P-n021-k02')), (SELECT id FROM point WHERE x=52 AND y=64 AND ninstance = (SELECT id FROM instance WHERE nom = 'P-n021-k02')), 37.48);
INSERT INTO route(ndepart, narrivee, distance) VALUES ( (SELECT id FROM point WHERE x=58 AND y=27 AND ninstance = (SELECT id FROM instance WHERE nom = 'P-n021-k02')), (SELECT id FROM point WHERE x=31 AND y=62 AND ninstance = (SELECT id FROM instance WHERE nom = 'P-n021-k02')), 44.2);
INSERT INTO route(ndepart, narrivee, distance) VALUES ( (SELECT id FROM point WHERE x=58 AND y=27 AND ninstance = (SELECT id FROM instance WHERE nom = 'P-n021-k02')), (SELECT id FROM point WHERE x=52 AND y=33 AND ninstance = (SELECT id FROM instance WHERE nom = 'P-n021-k02')), 8.48);
INSERT INTO route(ndepart, narrivee, distance) VALUES ( (SELECT id FROM point WHERE x=58 AND y=27 AND ninstance = (SELECT id FROM instance WHERE nom = 'P-n021-k02')), (SELECT id FROM point WHERE x=42 AND y=41 AND ninstance = (SELECT id FROM instance WHERE nom = 'P-n021-k02')), 21.26);
INSERT INTO route(ndepart, narrivee, distance) VALUES ( (SELECT id FROM point WHERE x=58 AND y=27 AND ninstance = (SELECT id FROM instance WHERE nom = 'P-n021-k02')), (SELECT id FROM point WHERE x=52 AND y=41 AND ninstance = (SELECT id FROM instance WHERE nom = 'P-n021-k02')), 15.23);
INSERT INTO route(ndepart, narrivee, distance) VALUES ( (SELECT id FROM point WHERE x=58 AND y=27 AND ninstance = (SELECT id FROM instance WHERE nom = 'P-n021-k02')), (SELECT id FROM point WHERE x=57 AND y=58 AND ninstance = (SELECT id FROM instance WHERE nom = 'P-n021-k02')), 31.01);
INSERT INTO route(ndepart, narrivee, distance) VALUES ( (SELECT id FROM point WHERE x=58 AND y=27 AND ninstance = (SELECT id FROM instance WHERE nom = 'P-n021-k02')), (SELECT id FROM point WHERE x=62 AND y=42 AND ninstance = (SELECT id FROM instance WHERE nom = 'P-n021-k02')), 15.52);
INSERT INTO route(ndepart, narrivee, distance) VALUES ( (SELECT id FROM point WHERE x=58 AND y=27 AND ninstance = (SELECT id FROM instance WHERE nom = 'P-n021-k02')), (SELECT id FROM point WHERE x=42 AND y=57 AND ninstance = (SELECT id FROM instance WHERE nom = 'P-n021-k02')), 34.0);
INSERT INTO route(ndepart, narrivee, distance) VALUES ( (SELECT id FROM point WHERE x=58 AND y=27 AND ninstance = (SELECT id FROM instance WHERE nom = 'P-n021-k02')), (SELECT id FROM point WHERE x=27 AND y=68 AND ninstance = (SELECT id FROM instance WHERE nom = 'P-n021-k02')), 51.4);
INSERT INTO route(ndepart, narrivee, distance) VALUES ( (SELECT id FROM point WHERE x=58 AND y=27 AND ninstance = (SELECT id FROM instance WHERE nom = 'P-n021-k02')), (SELECT id FROM point WHERE x=43 AND y=67 AND ninstance = (SELECT id FROM instance WHERE nom = 'P-n021-k02')), 42.72);
INSERT INTO route(ndepart, narrivee, distance) VALUES ( (SELECT id FROM point WHERE x=58 AND y=27 AND ninstance = (SELECT id FROM instance WHERE nom = 'P-n021-k02')), (SELECT id FROM point WHERE x=58 AND y=48 AND ninstance = (SELECT id FROM instance WHERE nom = 'P-n021-k02')), 21.0);
INSERT INTO route(ndepart, narrivee, distance) VALUES ( (SELECT id FROM point WHERE x=58 AND y=27 AND ninstance = (SELECT id FROM instance WHERE nom = 'P-n021-k02')), (SELECT id FROM point WHERE x=37 AND y=69 AND ninstance = (SELECT id FROM instance WHERE nom = 'P-n021-k02')), 46.95);
INSERT INTO route(ndepart, narrivee, distance) VALUES ( (SELECT id FROM point WHERE x=58 AND y=27 AND ninstance = (SELECT id FROM instance WHERE nom = 'P-n021-k02')), (SELECT id FROM point WHERE x=38 AND y=46 AND ninstance = (SELECT id FROM instance WHERE nom = 'P-n021-k02')), 27.58);
INSERT INTO route(ndepart, narrivee, distance) VALUES ( (SELECT id FROM point WHERE x=58 AND y=27 AND ninstance = (SELECT id FROM instance WHERE nom = 'P-n021-k02')), (SELECT id FROM point WHERE x=61 AND y=33 AND ninstance = (SELECT id FROM instance WHERE nom = 'P-n021-k02')), 6.7);
INSERT INTO route(ndepart, narrivee, distance) VALUES ( (SELECT id FROM point WHERE x=58 AND y=27 AND ninstance = (SELECT id FROM instance WHERE nom = 'P-n021-k02')), (SELECT id FROM point WHERE x=62 AND y=63 AND ninstance = (SELECT id FROM instance WHERE nom = 'P-n021-k02')), 36.22);
INSERT INTO route(ndepart, narrivee, distance) VALUES ( (SELECT id FROM point WHERE x=58 AND y=27 AND ninstance = (SELECT id FROM instance WHERE nom = 'P-n021-k02')), (SELECT id FROM point WHERE x=63 AND y=69 AND ninstance = (SELECT id FROM instance WHERE nom = 'P-n021-k02')), 42.29);
INSERT INTO route(ndepart, narrivee, distance) VALUES ( (SELECT id FROM point WHERE x=58 AND y=27 AND ninstance = (SELECT id FROM instance WHERE nom = 'P-n021-k02')), (SELECT id FROM point WHERE x=45 AND y=35 AND ninstance = (SELECT id FROM instance WHERE nom = 'P-n021-k02')), 15.26);
INSERT INTO route(ndepart, narrivee, distance) VALUES ( (SELECT id FROM point WHERE x=37 AND y=69 AND ninstance = (SELECT id FROM instance WHERE nom = 'P-n021-k02')), (SELECT id FROM point WHERE x=30 AND y=40 AND ninstance = (SELECT id FROM instance WHERE nom = 'P-n021-k02')), 29.83);
INSERT INTO route(ndepart, narrivee, distance) VALUES ( (SELECT id FROM point WHERE x=37 AND y=69 AND ninstance = (SELECT id FROM instance WHERE nom = 'P-n021-k02')), (SELECT id FROM point WHERE x=37 AND y=52 AND ninstance = (SELECT id FROM instance WHERE nom = 'P-n021-k02')), 17.0);
INSERT INTO route(ndepart, narrivee, distance) VALUES ( (SELECT id FROM point WHERE x=37 AND y=69 AND ninstance = (SELECT id FROM instance WHERE nom = 'P-n021-k02')), (SELECT id FROM point WHERE x=49 AND y=49 AND ninstance = (SELECT id FROM instance WHERE nom = 'P-n021-k02')), 23.32);
INSERT INTO route(ndepart, narrivee, distance) VALUES ( (SELECT id FROM point WHERE x=37 AND y=69 AND ninstance = (SELECT id FROM instance WHERE nom = 'P-n021-k02')), (SELECT id FROM point WHERE x=52 AND y=64 AND ninstance = (SELECT id FROM instance WHERE nom = 'P-n021-k02')), 15.81);
INSERT INTO route(ndepart, narrivee, distance) VALUES ( (SELECT id FROM point WHERE x=37 AND y=69 AND ninstance = (SELECT id FROM instance WHERE nom = 'P-n021-k02')), (SELECT id FROM point WHERE x=31 AND y=62 AND ninstance = (SELECT id FROM instance WHERE nom = 'P-n021-k02')), 9.21);
INSERT INTO route(ndepart, narrivee, distance) VALUES ( (SELECT id FROM point WHERE x=37 AND y=69 AND ninstance = (SELECT id FROM instance WHERE nom = 'P-n021-k02')), (SELECT id FROM point WHERE x=52 AND y=33 AND ninstance = (SELECT id FROM instance WHERE nom = 'P-n021-k02')), 39.0);
INSERT INTO route(ndepart, narrivee, distance) VALUES ( (SELECT id FROM point WHERE x=37 AND y=69 AND ninstance = (SELECT id FROM instance WHERE nom = 'P-n021-k02')), (SELECT id FROM point WHERE x=42 AND y=41 AND ninstance = (SELECT id FROM instance WHERE nom = 'P-n021-k02')), 28.44);
INSERT INTO route(ndepart, narrivee, distance) VALUES ( (SELECT id FROM point WHERE x=37 AND y=69 AND ninstance = (SELECT id FROM instance WHERE nom = 'P-n021-k02')), (SELECT id FROM point WHERE x=52 AND y=41 AND ninstance = (SELECT id FROM instance WHERE nom = 'P-n021-k02')), 31.76);
INSERT INTO route(ndepart, narrivee, distance) VALUES ( (SELECT id FROM point WHERE x=37 AND y=69 AND ninstance = (SELECT id FROM instance WHERE nom = 'P-n021-k02')), (SELECT id FROM point WHERE x=57 AND y=58 AND ninstance = (SELECT id FROM instance WHERE nom = 'P-n021-k02')), 22.82);
INSERT INTO route(ndepart, narrivee, distance) VALUES ( (SELECT id FROM point WHERE x=37 AND y=69 AND ninstance = (SELECT id FROM instance WHERE nom = 'P-n021-k02')), (SELECT id FROM point WHERE x=62 AND y=42 AND ninstance = (SELECT id FROM instance WHERE nom = 'P-n021-k02')), 36.79);
INSERT INTO route(ndepart, narrivee, distance) VALUES ( (SELECT id FROM point WHERE x=37 AND y=69 AND ninstance = (SELECT id FROM instance WHERE nom = 'P-n021-k02')), (SELECT id FROM point WHERE x=42 AND y=57 AND ninstance = (SELECT id FROM instance WHERE nom = 'P-n021-k02')), 13.0);
INSERT INTO route(ndepart, narrivee, distance) VALUES ( (SELECT id FROM point WHERE x=37 AND y=69 AND ninstance = (SELECT id FROM instance WHERE nom = 'P-n021-k02')), (SELECT id FROM point WHERE x=27 AND y=68 AND ninstance = (SELECT id FROM instance WHERE nom = 'P-n021-k02')), 10.04);
INSERT INTO route(ndepart, narrivee, distance) VALUES ( (SELECT id FROM point WHERE x=37 AND y=69 AND ninstance = (SELECT id FROM instance WHERE nom = 'P-n021-k02')), (SELECT id FROM point WHERE x=43 AND y=67 AND ninstance = (SELECT id FROM instance WHERE nom = 'P-n021-k02')), 6.32);
INSERT INTO route(ndepart, narrivee, distance) VALUES ( (SELECT id FROM point WHERE x=37 AND y=69 AND ninstance = (SELECT id FROM instance WHERE nom = 'P-n021-k02')), (SELECT id FROM point WHERE x=58 AND y=48 AND ninstance = (SELECT id FROM instance WHERE nom = 'P-n021-k02')), 29.69);
INSERT INTO route(ndepart, narrivee, distance) VALUES ( (SELECT id FROM point WHERE x=37 AND y=69 AND ninstance = (SELECT id FROM instance WHERE nom = 'P-n021-k02')), (SELECT id FROM point WHERE x=58 AND y=27 AND ninstance = (SELECT id FROM instance WHERE nom = 'P-n021-k02')), 46.95);
INSERT INTO route(ndepart, narrivee, distance) VALUES ( (SELECT id FROM point WHERE x=37 AND y=69 AND ninstance = (SELECT id FROM instance WHERE nom = 'P-n021-k02')), (SELECT id FROM point WHERE x=38 AND y=46 AND ninstance = (SELECT id FROM instance WHERE nom = 'P-n021-k02')), 23.02);
INSERT INTO route(ndepart, narrivee, distance) VALUES ( (SELECT id FROM point WHERE x=37 AND y=69 AND ninstance = (SELECT id FROM instance WHERE nom = 'P-n021-k02')), (SELECT id FROM point WHERE x=61 AND y=33 AND ninstance = (SELECT id FROM instance WHERE nom = 'P-n021-k02')), 43.26);
INSERT INTO route(ndepart, narrivee, distance) VALUES ( (SELECT id FROM point WHERE x=37 AND y=69 AND ninstance = (SELECT id FROM instance WHERE nom = 'P-n021-k02')), (SELECT id FROM point WHERE x=62 AND y=63 AND ninstance = (SELECT id FROM instance WHERE nom = 'P-n021-k02')), 25.7);
INSERT INTO route(ndepart, narrivee, distance) VALUES ( (SELECT id FROM point WHERE x=37 AND y=69 AND ninstance = (SELECT id FROM instance WHERE nom = 'P-n021-k02')), (SELECT id FROM point WHERE x=63 AND y=69 AND ninstance = (SELECT id FROM instance WHERE nom = 'P-n021-k02')), 26.0);
INSERT INTO route(ndepart, narrivee, distance) VALUES ( (SELECT id FROM point WHERE x=37 AND y=69 AND ninstance = (SELECT id FROM instance WHERE nom = 'P-n021-k02')), (SELECT id FROM point WHERE x=45 AND y=35 AND ninstance = (SELECT id FROM instance WHERE nom = 'P-n021-k02')), 34.92);
INSERT INTO route(ndepart, narrivee, distance) VALUES ( (SELECT id FROM point WHERE x=38 AND y=46 AND ninstance = (SELECT id FROM instance WHERE nom = 'P-n021-k02')), (SELECT id FROM point WHERE x=30 AND y=40 AND ninstance = (SELECT id FROM instance WHERE nom = 'P-n021-k02')), 10.0);
INSERT INTO route(ndepart, narrivee, distance) VALUES ( (SELECT id FROM point WHERE x=38 AND y=46 AND ninstance = (SELECT id FROM instance WHERE nom = 'P-n021-k02')), (SELECT id FROM point WHERE x=37 AND y=52 AND ninstance = (SELECT id FROM instance WHERE nom = 'P-n021-k02')), 6.08);
INSERT INTO route(ndepart, narrivee, distance) VALUES ( (SELECT id FROM point WHERE x=38 AND y=46 AND ninstance = (SELECT id FROM instance WHERE nom = 'P-n021-k02')), (SELECT id FROM point WHERE x=49 AND y=49 AND ninstance = (SELECT id FROM instance WHERE nom = 'P-n021-k02')), 11.4);
INSERT INTO route(ndepart, narrivee, distance) VALUES ( (SELECT id FROM point WHERE x=38 AND y=46 AND ninstance = (SELECT id FROM instance WHERE nom = 'P-n021-k02')), (SELECT id FROM point WHERE x=52 AND y=64 AND ninstance = (SELECT id FROM instance WHERE nom = 'P-n021-k02')), 22.8);
INSERT INTO route(ndepart, narrivee, distance) VALUES ( (SELECT id FROM point WHERE x=38 AND y=46 AND ninstance = (SELECT id FROM instance WHERE nom = 'P-n021-k02')), (SELECT id FROM point WHERE x=31 AND y=62 AND ninstance = (SELECT id FROM instance WHERE nom = 'P-n021-k02')), 17.46);
INSERT INTO route(ndepart, narrivee, distance) VALUES ( (SELECT id FROM point WHERE x=38 AND y=46 AND ninstance = (SELECT id FROM instance WHERE nom = 'P-n021-k02')), (SELECT id FROM point WHERE x=52 AND y=33 AND ninstance = (SELECT id FROM instance WHERE nom = 'P-n021-k02')), 19.1);
INSERT INTO route(ndepart, narrivee, distance) VALUES ( (SELECT id FROM point WHERE x=38 AND y=46 AND ninstance = (SELECT id FROM instance WHERE nom = 'P-n021-k02')), (SELECT id FROM point WHERE x=42 AND y=41 AND ninstance = (SELECT id FROM instance WHERE nom = 'P-n021-k02')), 6.4);
INSERT INTO route(ndepart, narrivee, distance) VALUES ( (SELECT id FROM point WHERE x=38 AND y=46 AND ninstance = (SELECT id FROM instance WHERE nom = 'P-n021-k02')), (SELECT id FROM point WHERE x=52 AND y=41 AND ninstance = (SELECT id FROM instance WHERE nom = 'P-n021-k02')), 14.86);
INSERT INTO route(ndepart, narrivee, distance) VALUES ( (SELECT id FROM point WHERE x=38 AND y=46 AND ninstance = (SELECT id FROM instance WHERE nom = 'P-n021-k02')), (SELECT id FROM point WHERE x=57 AND y=58 AND ninstance = (SELECT id FROM instance WHERE nom = 'P-n021-k02')), 22.47);
INSERT INTO route(ndepart, narrivee, distance) VALUES ( (SELECT id FROM point WHERE x=38 AND y=46 AND ninstance = (SELECT id FROM instance WHERE nom = 'P-n021-k02')), (SELECT id FROM point WHERE x=62 AND y=42 AND ninstance = (SELECT id FROM instance WHERE nom = 'P-n021-k02')), 24.33);
INSERT INTO route(ndepart, narrivee, distance) VALUES ( (SELECT id FROM point WHERE x=38 AND y=46 AND ninstance = (SELECT id FROM instance WHERE nom = 'P-n021-k02')), (SELECT id FROM point WHERE x=42 AND y=57 AND ninstance = (SELECT id FROM instance WHERE nom = 'P-n021-k02')), 11.7);
INSERT INTO route(ndepart, narrivee, distance) VALUES ( (SELECT id FROM point WHERE x=38 AND y=46 AND ninstance = (SELECT id FROM instance WHERE nom = 'P-n021-k02')), (SELECT id FROM point WHERE x=27 AND y=68 AND ninstance = (SELECT id FROM instance WHERE nom = 'P-n021-k02')), 24.59);
INSERT INTO route(ndepart, narrivee, distance) VALUES ( (SELECT id FROM point WHERE x=38 AND y=46 AND ninstance = (SELECT id FROM instance WHERE nom = 'P-n021-k02')), (SELECT id FROM point WHERE x=43 AND y=67 AND ninstance = (SELECT id FROM instance WHERE nom = 'P-n021-k02')), 21.58);
INSERT INTO route(ndepart, narrivee, distance) VALUES ( (SELECT id FROM point WHERE x=38 AND y=46 AND ninstance = (SELECT id FROM instance WHERE nom = 'P-n021-k02')), (SELECT id FROM point WHERE x=58 AND y=48 AND ninstance = (SELECT id FROM instance WHERE nom = 'P-n021-k02')), 20.09);
INSERT INTO route(ndepart, narrivee, distance) VALUES ( (SELECT id FROM point WHERE x=38 AND y=46 AND ninstance = (SELECT id FROM instance WHERE nom = 'P-n021-k02')), (SELECT id FROM point WHERE x=58 AND y=27 AND ninstance = (SELECT id FROM instance WHERE nom = 'P-n021-k02')), 27.58);
INSERT INTO route(ndepart, narrivee, distance) VALUES ( (SELECT id FROM point WHERE x=38 AND y=46 AND ninstance = (SELECT id FROM instance WHERE nom = 'P-n021-k02')), (SELECT id FROM point WHERE x=37 AND y=69 AND ninstance = (SELECT id FROM instance WHERE nom = 'P-n021-k02')), 23.02);
INSERT INTO route(ndepart, narrivee, distance) VALUES ( (SELECT id FROM point WHERE x=38 AND y=46 AND ninstance = (SELECT id FROM instance WHERE nom = 'P-n021-k02')), (SELECT id FROM point WHERE x=61 AND y=33 AND ninstance = (SELECT id FROM instance WHERE nom = 'P-n021-k02')), 26.41);
INSERT INTO route(ndepart, narrivee, distance) VALUES ( (SELECT id FROM point WHERE x=38 AND y=46 AND ninstance = (SELECT id FROM instance WHERE nom = 'P-n021-k02')), (SELECT id FROM point WHERE x=62 AND y=63 AND ninstance = (SELECT id FROM instance WHERE nom = 'P-n021-k02')), 29.41);
INSERT INTO route(ndepart, narrivee, distance) VALUES ( (SELECT id FROM point WHERE x=38 AND y=46 AND ninstance = (SELECT id FROM instance WHERE nom = 'P-n021-k02')), (SELECT id FROM point WHERE x=63 AND y=69 AND ninstance = (SELECT id FROM instance WHERE nom = 'P-n021-k02')), 33.97);
INSERT INTO route(ndepart, narrivee, distance) VALUES ( (SELECT id FROM point WHERE x=38 AND y=46 AND ninstance = (SELECT id FROM instance WHERE nom = 'P-n021-k02')), (SELECT id FROM point WHERE x=45 AND y=35 AND ninstance = (SELECT id FROM instance WHERE nom = 'P-n021-k02')), 13.03);
INSERT INTO route(ndepart, narrivee, distance) VALUES ( (SELECT id FROM point WHERE x=61 AND y=33 AND ninstance = (SELECT id FROM instance WHERE nom = 'P-n021-k02')), (SELECT id FROM point WHERE x=30 AND y=40 AND ninstance = (SELECT id FROM instance WHERE nom = 'P-n021-k02')), 31.78);
INSERT INTO route(ndepart, narrivee, distance) VALUES ( (SELECT id FROM point WHERE x=61 AND y=33 AND ninstance = (SELECT id FROM instance WHERE nom = 'P-n021-k02')), (SELECT id FROM point WHERE x=37 AND y=52 AND ninstance = (SELECT id FROM instance WHERE nom = 'P-n021-k02')), 30.61);
INSERT INTO route(ndepart, narrivee, distance) VALUES ( (SELECT id FROM point WHERE x=61 AND y=33 AND ninstance = (SELECT id FROM instance WHERE nom = 'P-n021-k02')), (SELECT id FROM point WHERE x=49 AND y=49 AND ninstance = (SELECT id FROM instance WHERE nom = 'P-n021-k02')), 20.0);
INSERT INTO route(ndepart, narrivee, distance) VALUES ( (SELECT id FROM point WHERE x=61 AND y=33 AND ninstance = (SELECT id FROM instance WHERE nom = 'P-n021-k02')), (SELECT id FROM point WHERE x=52 AND y=64 AND ninstance = (SELECT id FROM instance WHERE nom = 'P-n021-k02')), 32.28);
INSERT INTO route(ndepart, narrivee, distance) VALUES ( (SELECT id FROM point WHERE x=61 AND y=33 AND ninstance = (SELECT id FROM instance WHERE nom = 'P-n021-k02')), (SELECT id FROM point WHERE x=31 AND y=62 AND ninstance = (SELECT id FROM instance WHERE nom = 'P-n021-k02')), 41.72);
INSERT INTO route(ndepart, narrivee, distance) VALUES ( (SELECT id FROM point WHERE x=61 AND y=33 AND ninstance = (SELECT id FROM instance WHERE nom = 'P-n021-k02')), (SELECT id FROM point WHERE x=52 AND y=33 AND ninstance = (SELECT id FROM instance WHERE nom = 'P-n021-k02')), 9.0);
INSERT INTO route(ndepart, narrivee, distance) VALUES ( (SELECT id FROM point WHERE x=61 AND y=33 AND ninstance = (SELECT id FROM instance WHERE nom = 'P-n021-k02')), (SELECT id FROM point WHERE x=42 AND y=41 AND ninstance = (SELECT id FROM instance WHERE nom = 'P-n021-k02')), 20.61);
INSERT INTO route(ndepart, narrivee, distance) VALUES ( (SELECT id FROM point WHERE x=61 AND y=33 AND ninstance = (SELECT id FROM instance WHERE nom = 'P-n021-k02')), (SELECT id FROM point WHERE x=52 AND y=41 AND ninstance = (SELECT id FROM instance WHERE nom = 'P-n021-k02')), 12.04);
INSERT INTO route(ndepart, narrivee, distance) VALUES ( (SELECT id FROM point WHERE x=61 AND y=33 AND ninstance = (SELECT id FROM instance WHERE nom = 'P-n021-k02')), (SELECT id FROM point WHERE x=57 AND y=58 AND ninstance = (SELECT id FROM instance WHERE nom = 'P-n021-k02')), 25.31);
INSERT INTO route(ndepart, narrivee, distance) VALUES ( (SELECT id FROM point WHERE x=61 AND y=33 AND ninstance = (SELECT id FROM instance WHERE nom = 'P-n021-k02')), (SELECT id FROM point WHERE x=62 AND y=42 AND ninstance = (SELECT id FROM instance WHERE nom = 'P-n021-k02')), 9.05);
INSERT INTO route(ndepart, narrivee, distance) VALUES ( (SELECT id FROM point WHERE x=61 AND y=33 AND ninstance = (SELECT id FROM instance WHERE nom = 'P-n021-k02')), (SELECT id FROM point WHERE x=42 AND y=57 AND ninstance = (SELECT id FROM instance WHERE nom = 'P-n021-k02')), 30.61);
INSERT INTO route(ndepart, narrivee, distance) VALUES ( (SELECT id FROM point WHERE x=61 AND y=33 AND ninstance = (SELECT id FROM instance WHERE nom = 'P-n021-k02')), (SELECT id FROM point WHERE x=27 AND y=68 AND ninstance = (SELECT id FROM instance WHERE nom = 'P-n021-k02')), 48.79);
INSERT INTO route(ndepart, narrivee, distance) VALUES ( (SELECT id FROM point WHERE x=61 AND y=33 AND ninstance = (SELECT id FROM instance WHERE nom = 'P-n021-k02')), (SELECT id FROM point WHERE x=43 AND y=67 AND ninstance = (SELECT id FROM instance WHERE nom = 'P-n021-k02')), 38.47);
INSERT INTO route(ndepart, narrivee, distance) VALUES ( (SELECT id FROM point WHERE x=61 AND y=33 AND ninstance = (SELECT id FROM instance WHERE nom = 'P-n021-k02')), (SELECT id FROM point WHERE x=58 AND y=48 AND ninstance = (SELECT id FROM instance WHERE nom = 'P-n021-k02')), 15.29);
INSERT INTO route(ndepart, narrivee, distance) VALUES ( (SELECT id FROM point WHERE x=61 AND y=33 AND ninstance = (SELECT id FROM instance WHERE nom = 'P-n021-k02')), (SELECT id FROM point WHERE x=58 AND y=27 AND ninstance = (SELECT id FROM instance WHERE nom = 'P-n021-k02')), 6.7);
INSERT INTO route(ndepart, narrivee, distance) VALUES ( (SELECT id FROM point WHERE x=61 AND y=33 AND ninstance = (SELECT id FROM instance WHERE nom = 'P-n021-k02')), (SELECT id FROM point WHERE x=37 AND y=69 AND ninstance = (SELECT id FROM instance WHERE nom = 'P-n021-k02')), 43.26);
INSERT INTO route(ndepart, narrivee, distance) VALUES ( (SELECT id FROM point WHERE x=61 AND y=33 AND ninstance = (SELECT id FROM instance WHERE nom = 'P-n021-k02')), (SELECT id FROM point WHERE x=38 AND y=46 AND ninstance = (SELECT id FROM instance WHERE nom = 'P-n021-k02')), 26.41);
INSERT INTO route(ndepart, narrivee, distance) VALUES ( (SELECT id FROM point WHERE x=61 AND y=33 AND ninstance = (SELECT id FROM instance WHERE nom = 'P-n021-k02')), (SELECT id FROM point WHERE x=62 AND y=63 AND ninstance = (SELECT id FROM instance WHERE nom = 'P-n021-k02')), 30.01);
INSERT INTO route(ndepart, narrivee, distance) VALUES ( (SELECT id FROM point WHERE x=61 AND y=33 AND ninstance = (SELECT id FROM instance WHERE nom = 'P-n021-k02')), (SELECT id FROM point WHERE x=63 AND y=69 AND ninstance = (SELECT id FROM instance WHERE nom = 'P-n021-k02')), 36.05);
INSERT INTO route(ndepart, narrivee, distance) VALUES ( (SELECT id FROM point WHERE x=61 AND y=33 AND ninstance = (SELECT id FROM instance WHERE nom = 'P-n021-k02')), (SELECT id FROM point WHERE x=45 AND y=35 AND ninstance = (SELECT id FROM instance WHERE nom = 'P-n021-k02')), 16.12);
INSERT INTO route(ndepart, narrivee, distance) VALUES ( (SELECT id FROM point WHERE x=62 AND y=63 AND ninstance = (SELECT id FROM instance WHERE nom = 'P-n021-k02')), (SELECT id FROM point WHERE x=30 AND y=40 AND ninstance = (SELECT id FROM instance WHERE nom = 'P-n021-k02')), 39.4);
INSERT INTO route(ndepart, narrivee, distance) VALUES ( (SELECT id FROM point WHERE x=62 AND y=63 AND ninstance = (SELECT id FROM instance WHERE nom = 'P-n021-k02')), (SELECT id FROM point WHERE x=37 AND y=52 AND ninstance = (SELECT id FROM instance WHERE nom = 'P-n021-k02')), 27.31);
INSERT INTO route(ndepart, narrivee, distance) VALUES ( (SELECT id FROM point WHERE x=62 AND y=63 AND ninstance = (SELECT id FROM instance WHERE nom = 'P-n021-k02')), (SELECT id FROM point WHERE x=49 AND y=49 AND ninstance = (SELECT id FROM instance WHERE nom = 'P-n021-k02')), 19.1);
INSERT INTO route(ndepart, narrivee, distance) VALUES ( (SELECT id FROM point WHERE x=62 AND y=63 AND ninstance = (SELECT id FROM instance WHERE nom = 'P-n021-k02')), (SELECT id FROM point WHERE x=52 AND y=64 AND ninstance = (SELECT id FROM instance WHERE nom = 'P-n021-k02')), 10.04);
INSERT INTO route(ndepart, narrivee, distance) VALUES ( (SELECT id FROM point WHERE x=62 AND y=63 AND ninstance = (SELECT id FROM instance WHERE nom = 'P-n021-k02')), (SELECT id FROM point WHERE x=31 AND y=62 AND ninstance = (SELECT id FROM instance WHERE nom = 'P-n021-k02')), 31.01);
INSERT INTO route(ndepart, narrivee, distance) VALUES ( (SELECT id FROM point WHERE x=62 AND y=63 AND ninstance = (SELECT id FROM instance WHERE nom = 'P-n021-k02')), (SELECT id FROM point WHERE x=52 AND y=33 AND ninstance = (SELECT id FROM instance WHERE nom = 'P-n021-k02')), 31.62);
INSERT INTO route(ndepart, narrivee, distance) VALUES ( (SELECT id FROM point WHERE x=62 AND y=63 AND ninstance = (SELECT id FROM instance WHERE nom = 'P-n021-k02')), (SELECT id FROM point WHERE x=42 AND y=41 AND ninstance = (SELECT id FROM instance WHERE nom = 'P-n021-k02')), 29.73);
INSERT INTO route(ndepart, narrivee, distance) VALUES ( (SELECT id FROM point WHERE x=62 AND y=63 AND ninstance = (SELECT id FROM instance WHERE nom = 'P-n021-k02')), (SELECT id FROM point WHERE x=52 AND y=41 AND ninstance = (SELECT id FROM instance WHERE nom = 'P-n021-k02')), 24.16);
INSERT INTO route(ndepart, narrivee, distance) VALUES ( (SELECT id FROM point WHERE x=62 AND y=63 AND ninstance = (SELECT id FROM instance WHERE nom = 'P-n021-k02')), (SELECT id FROM point WHERE x=57 AND y=58 AND ninstance = (SELECT id FROM instance WHERE nom = 'P-n021-k02')), 7.07);
INSERT INTO route(ndepart, narrivee, distance) VALUES ( (SELECT id FROM point WHERE x=62 AND y=63 AND ninstance = (SELECT id FROM instance WHERE nom = 'P-n021-k02')), (SELECT id FROM point WHERE x=62 AND y=42 AND ninstance = (SELECT id FROM instance WHERE nom = 'P-n021-k02')), 21.0);
INSERT INTO route(ndepart, narrivee, distance) VALUES ( (SELECT id FROM point WHERE x=62 AND y=63 AND ninstance = (SELECT id FROM instance WHERE nom = 'P-n021-k02')), (SELECT id FROM point WHERE x=42 AND y=57 AND ninstance = (SELECT id FROM instance WHERE nom = 'P-n021-k02')), 20.88);
INSERT INTO route(ndepart, narrivee, distance) VALUES ( (SELECT id FROM point WHERE x=62 AND y=63 AND ninstance = (SELECT id FROM instance WHERE nom = 'P-n021-k02')), (SELECT id FROM point WHERE x=27 AND y=68 AND ninstance = (SELECT id FROM instance WHERE nom = 'P-n021-k02')), 35.35);
INSERT INTO route(ndepart, narrivee, distance) VALUES ( (SELECT id FROM point WHERE x=62 AND y=63 AND ninstance = (SELECT id FROM instance WHERE nom = 'P-n021-k02')), (SELECT id FROM point WHERE x=43 AND y=67 AND ninstance = (SELECT id FROM instance WHERE nom = 'P-n021-k02')), 19.41);
INSERT INTO route(ndepart, narrivee, distance) VALUES ( (SELECT id FROM point WHERE x=62 AND y=63 AND ninstance = (SELECT id FROM instance WHERE nom = 'P-n021-k02')), (SELECT id FROM point WHERE x=58 AND y=48 AND ninstance = (SELECT id FROM instance WHERE nom = 'P-n021-k02')), 15.52);
INSERT INTO route(ndepart, narrivee, distance) VALUES ( (SELECT id FROM point WHERE x=62 AND y=63 AND ninstance = (SELECT id FROM instance WHERE nom = 'P-n021-k02')), (SELECT id FROM point WHERE x=58 AND y=27 AND ninstance = (SELECT id FROM instance WHERE nom = 'P-n021-k02')), 36.22);
INSERT INTO route(ndepart, narrivee, distance) VALUES ( (SELECT id FROM point WHERE x=62 AND y=63 AND ninstance = (SELECT id FROM instance WHERE nom = 'P-n021-k02')), (SELECT id FROM point WHERE x=37 AND y=69 AND ninstance = (SELECT id FROM instance WHERE nom = 'P-n021-k02')), 25.7);
INSERT INTO route(ndepart, narrivee, distance) VALUES ( (SELECT id FROM point WHERE x=62 AND y=63 AND ninstance = (SELECT id FROM instance WHERE nom = 'P-n021-k02')), (SELECT id FROM point WHERE x=38 AND y=46 AND ninstance = (SELECT id FROM instance WHERE nom = 'P-n021-k02')), 29.41);
INSERT INTO route(ndepart, narrivee, distance) VALUES ( (SELECT id FROM point WHERE x=62 AND y=63 AND ninstance = (SELECT id FROM instance WHERE nom = 'P-n021-k02')), (SELECT id FROM point WHERE x=61 AND y=33 AND ninstance = (SELECT id FROM instance WHERE nom = 'P-n021-k02')), 30.01);
INSERT INTO route(ndepart, narrivee, distance) VALUES ( (SELECT id FROM point WHERE x=62 AND y=63 AND ninstance = (SELECT id FROM instance WHERE nom = 'P-n021-k02')), (SELECT id FROM point WHERE x=63 AND y=69 AND ninstance = (SELECT id FROM instance WHERE nom = 'P-n021-k02')), 6.08);
INSERT INTO route(ndepart, narrivee, distance) VALUES ( (SELECT id FROM point WHERE x=62 AND y=63 AND ninstance = (SELECT id FROM instance WHERE nom = 'P-n021-k02')), (SELECT id FROM point WHERE x=45 AND y=35 AND ninstance = (SELECT id FROM instance WHERE nom = 'P-n021-k02')), 32.75);
INSERT INTO route(ndepart, narrivee, distance) VALUES ( (SELECT id FROM point WHERE x=63 AND y=69 AND ninstance = (SELECT id FROM instance WHERE nom = 'P-n021-k02')), (SELECT id FROM point WHERE x=30 AND y=40 AND ninstance = (SELECT id FROM instance WHERE nom = 'P-n021-k02')), 43.93);
INSERT INTO route(ndepart, narrivee, distance) VALUES ( (SELECT id FROM point WHERE x=63 AND y=69 AND ninstance = (SELECT id FROM instance WHERE nom = 'P-n021-k02')), (SELECT id FROM point WHERE x=37 AND y=52 AND ninstance = (SELECT id FROM instance WHERE nom = 'P-n021-k02')), 31.06);
INSERT INTO route(ndepart, narrivee, distance) VALUES ( (SELECT id FROM point WHERE x=63 AND y=69 AND ninstance = (SELECT id FROM instance WHERE nom = 'P-n021-k02')), (SELECT id FROM point WHERE x=49 AND y=49 AND ninstance = (SELECT id FROM instance WHERE nom = 'P-n021-k02')), 24.41);
INSERT INTO route(ndepart, narrivee, distance) VALUES ( (SELECT id FROM point WHERE x=63 AND y=69 AND ninstance = (SELECT id FROM instance WHERE nom = 'P-n021-k02')), (SELECT id FROM point WHERE x=52 AND y=64 AND ninstance = (SELECT id FROM instance WHERE nom = 'P-n021-k02')), 12.08);
INSERT INTO route(ndepart, narrivee, distance) VALUES ( (SELECT id FROM point WHERE x=63 AND y=69 AND ninstance = (SELECT id FROM instance WHERE nom = 'P-n021-k02')), (SELECT id FROM point WHERE x=31 AND y=62 AND ninstance = (SELECT id FROM instance WHERE nom = 'P-n021-k02')), 32.75);
INSERT INTO route(ndepart, narrivee, distance) VALUES ( (SELECT id FROM point WHERE x=63 AND y=69 AND ninstance = (SELECT id FROM instance WHERE nom = 'P-n021-k02')), (SELECT id FROM point WHERE x=52 AND y=33 AND ninstance = (SELECT id FROM instance WHERE nom = 'P-n021-k02')), 37.64);
INSERT INTO route(ndepart, narrivee, distance) VALUES ( (SELECT id FROM point WHERE x=63 AND y=69 AND ninstance = (SELECT id FROM instance WHERE nom = 'P-n021-k02')), (SELECT id FROM point WHERE x=42 AND y=41 AND ninstance = (SELECT id FROM instance WHERE nom = 'P-n021-k02')), 35.0);
INSERT INTO route(ndepart, narrivee, distance) VALUES ( (SELECT id FROM point WHERE x=63 AND y=69 AND ninstance = (SELECT id FROM instance WHERE nom = 'P-n021-k02')), (SELECT id FROM point WHERE x=52 AND y=41 AND ninstance = (SELECT id FROM instance WHERE nom = 'P-n021-k02')), 30.08);
INSERT INTO route(ndepart, narrivee, distance) VALUES ( (SELECT id FROM point WHERE x=63 AND y=69 AND ninstance = (SELECT id FROM instance WHERE nom = 'P-n021-k02')), (SELECT id FROM point WHERE x=57 AND y=58 AND ninstance = (SELECT id FROM instance WHERE nom = 'P-n021-k02')), 12.52);
INSERT INTO route(ndepart, narrivee, distance) VALUES ( (SELECT id FROM point WHERE x=63 AND y=69 AND ninstance = (SELECT id FROM instance WHERE nom = 'P-n021-k02')), (SELECT id FROM point WHERE x=62 AND y=42 AND ninstance = (SELECT id FROM instance WHERE nom = 'P-n021-k02')), 27.01);
INSERT INTO route(ndepart, narrivee, distance) VALUES ( (SELECT id FROM point WHERE x=63 AND y=69 AND ninstance = (SELECT id FROM instance WHERE nom = 'P-n021-k02')), (SELECT id FROM point WHERE x=42 AND y=57 AND ninstance = (SELECT id FROM instance WHERE nom = 'P-n021-k02')), 24.18);
INSERT INTO route(ndepart, narrivee, distance) VALUES ( (SELECT id FROM point WHERE x=63 AND y=69 AND ninstance = (SELECT id FROM instance WHERE nom = 'P-n021-k02')), (SELECT id FROM point WHERE x=27 AND y=68 AND ninstance = (SELECT id FROM instance WHERE nom = 'P-n021-k02')), 36.01);
INSERT INTO route(ndepart, narrivee, distance) VALUES ( (SELECT id FROM point WHERE x=63 AND y=69 AND ninstance = (SELECT id FROM instance WHERE nom = 'P-n021-k02')), (SELECT id FROM point WHERE x=43 AND y=67 AND ninstance = (SELECT id FROM instance WHERE nom = 'P-n021-k02')), 20.09);
INSERT INTO route(ndepart, narrivee, distance) VALUES ( (SELECT id FROM point WHERE x=63 AND y=69 AND ninstance = (SELECT id FROM instance WHERE nom = 'P-n021-k02')), (SELECT id FROM point WHERE x=58 AND y=48 AND ninstance = (SELECT id FROM instance WHERE nom = 'P-n021-k02')), 21.58);
INSERT INTO route(ndepart, narrivee, distance) VALUES ( (SELECT id FROM point WHERE x=63 AND y=69 AND ninstance = (SELECT id FROM instance WHERE nom = 'P-n021-k02')), (SELECT id FROM point WHERE x=58 AND y=27 AND ninstance = (SELECT id FROM instance WHERE nom = 'P-n021-k02')), 42.29);
INSERT INTO route(ndepart, narrivee, distance) VALUES ( (SELECT id FROM point WHERE x=63 AND y=69 AND ninstance = (SELECT id FROM instance WHERE nom = 'P-n021-k02')), (SELECT id FROM point WHERE x=37 AND y=69 AND ninstance = (SELECT id FROM instance WHERE nom = 'P-n021-k02')), 26.0);
INSERT INTO route(ndepart, narrivee, distance) VALUES ( (SELECT id FROM point WHERE x=63 AND y=69 AND ninstance = (SELECT id FROM instance WHERE nom = 'P-n021-k02')), (SELECT id FROM point WHERE x=38 AND y=46 AND ninstance = (SELECT id FROM instance WHERE nom = 'P-n021-k02')), 33.97);
INSERT INTO route(ndepart, narrivee, distance) VALUES ( (SELECT id FROM point WHERE x=63 AND y=69 AND ninstance = (SELECT id FROM instance WHERE nom = 'P-n021-k02')), (SELECT id FROM point WHERE x=61 AND y=33 AND ninstance = (SELECT id FROM instance WHERE nom = 'P-n021-k02')), 36.05);
INSERT INTO route(ndepart, narrivee, distance) VALUES ( (SELECT id FROM point WHERE x=63 AND y=69 AND ninstance = (SELECT id FROM instance WHERE nom = 'P-n021-k02')), (SELECT id FROM point WHERE x=62 AND y=63 AND ninstance = (SELECT id FROM instance WHERE nom = 'P-n021-k02')), 6.08);
INSERT INTO route(ndepart, narrivee, distance) VALUES ( (SELECT id FROM point WHERE x=63 AND y=69 AND ninstance = (SELECT id FROM instance WHERE nom = 'P-n021-k02')), (SELECT id FROM point WHERE x=45 AND y=35 AND ninstance = (SELECT id FROM instance WHERE nom = 'P-n021-k02')), 38.47);
INSERT INTO route(ndepart, narrivee, distance) VALUES ( (SELECT id FROM point WHERE x=45 AND y=35 AND ninstance = (SELECT id FROM instance WHERE nom = 'P-n021-k02')), (SELECT id FROM point WHERE x=30 AND y=40 AND ninstance = (SELECT id FROM instance WHERE nom = 'P-n021-k02')), 15.81);
INSERT INTO route(ndepart, narrivee, distance) VALUES ( (SELECT id FROM point WHERE x=45 AND y=35 AND ninstance = (SELECT id FROM instance WHERE nom = 'P-n021-k02')), (SELECT id FROM point WHERE x=37 AND y=52 AND ninstance = (SELECT id FROM instance WHERE nom = 'P-n021-k02')), 18.78);
INSERT INTO route(ndepart, narrivee, distance) VALUES ( (SELECT id FROM point WHERE x=45 AND y=35 AND ninstance = (SELECT id FROM instance WHERE nom = 'P-n021-k02')), (SELECT id FROM point WHERE x=49 AND y=49 AND ninstance = (SELECT id FROM instance WHERE nom = 'P-n021-k02')), 14.56);
INSERT INTO route(ndepart, narrivee, distance) VALUES ( (SELECT id FROM point WHERE x=45 AND y=35 AND ninstance = (SELECT id FROM instance WHERE nom = 'P-n021-k02')), (SELECT id FROM point WHERE x=52 AND y=64 AND ninstance = (SELECT id FROM instance WHERE nom = 'P-n021-k02')), 29.83);
INSERT INTO route(ndepart, narrivee, distance) VALUES ( (SELECT id FROM point WHERE x=45 AND y=35 AND ninstance = (SELECT id FROM instance WHERE nom = 'P-n021-k02')), (SELECT id FROM point WHERE x=31 AND y=62 AND ninstance = (SELECT id FROM instance WHERE nom = 'P-n021-k02')), 30.41);
INSERT INTO route(ndepart, narrivee, distance) VALUES ( (SELECT id FROM point WHERE x=45 AND y=35 AND ninstance = (SELECT id FROM instance WHERE nom = 'P-n021-k02')), (SELECT id FROM point WHERE x=52 AND y=33 AND ninstance = (SELECT id FROM instance WHERE nom = 'P-n021-k02')), 7.28);
INSERT INTO route(ndepart, narrivee, distance) VALUES ( (SELECT id FROM point WHERE x=45 AND y=35 AND ninstance = (SELECT id FROM instance WHERE nom = 'P-n021-k02')), (SELECT id FROM point WHERE x=42 AND y=41 AND ninstance = (SELECT id FROM instance WHERE nom = 'P-n021-k02')), 6.7);
INSERT INTO route(ndepart, narrivee, distance) VALUES ( (SELECT id FROM point WHERE x=45 AND y=35 AND ninstance = (SELECT id FROM instance WHERE nom = 'P-n021-k02')), (SELECT id FROM point WHERE x=52 AND y=41 AND ninstance = (SELECT id FROM instance WHERE nom = 'P-n021-k02')), 9.21);
INSERT INTO route(ndepart, narrivee, distance) VALUES ( (SELECT id FROM point WHERE x=45 AND y=35 AND ninstance = (SELECT id FROM instance WHERE nom = 'P-n021-k02')), (SELECT id FROM point WHERE x=57 AND y=58 AND ninstance = (SELECT id FROM instance WHERE nom = 'P-n021-k02')), 25.94);
INSERT INTO route(ndepart, narrivee, distance) VALUES ( (SELECT id FROM point WHERE x=45 AND y=35 AND ninstance = (SELECT id FROM instance WHERE nom = 'P-n021-k02')), (SELECT id FROM point WHERE x=62 AND y=42 AND ninstance = (SELECT id FROM instance WHERE nom = 'P-n021-k02')), 18.38);
INSERT INTO route(ndepart, narrivee, distance) VALUES ( (SELECT id FROM point WHERE x=45 AND y=35 AND ninstance = (SELECT id FROM instance WHERE nom = 'P-n021-k02')), (SELECT id FROM point WHERE x=42 AND y=57 AND ninstance = (SELECT id FROM instance WHERE nom = 'P-n021-k02')), 22.2);
INSERT INTO route(ndepart, narrivee, distance) VALUES ( (SELECT id FROM point WHERE x=45 AND y=35 AND ninstance = (SELECT id FROM instance WHERE nom = 'P-n021-k02')), (SELECT id FROM point WHERE x=27 AND y=68 AND ninstance = (SELECT id FROM instance WHERE nom = 'P-n021-k02')), 37.58);
INSERT INTO route(ndepart, narrivee, distance) VALUES ( (SELECT id FROM point WHERE x=45 AND y=35 AND ninstance = (SELECT id FROM instance WHERE nom = 'P-n021-k02')), (SELECT id FROM point WHERE x=43 AND y=67 AND ninstance = (SELECT id FROM instance WHERE nom = 'P-n021-k02')), 32.06);
INSERT INTO route(ndepart, narrivee, distance) VALUES ( (SELECT id FROM point WHERE x=45 AND y=35 AND ninstance = (SELECT id FROM instance WHERE nom = 'P-n021-k02')), (SELECT id FROM point WHERE x=58 AND y=48 AND ninstance = (SELECT id FROM instance WHERE nom = 'P-n021-k02')), 18.38);
INSERT INTO route(ndepart, narrivee, distance) VALUES ( (SELECT id FROM point WHERE x=45 AND y=35 AND ninstance = (SELECT id FROM instance WHERE nom = 'P-n021-k02')), (SELECT id FROM point WHERE x=58 AND y=27 AND ninstance = (SELECT id FROM instance WHERE nom = 'P-n021-k02')), 15.26);
INSERT INTO route(ndepart, narrivee, distance) VALUES ( (SELECT id FROM point WHERE x=45 AND y=35 AND ninstance = (SELECT id FROM instance WHERE nom = 'P-n021-k02')), (SELECT id FROM point WHERE x=37 AND y=69 AND ninstance = (SELECT id FROM instance WHERE nom = 'P-n021-k02')), 34.92);
INSERT INTO route(ndepart, narrivee, distance) VALUES ( (SELECT id FROM point WHERE x=45 AND y=35 AND ninstance = (SELECT id FROM instance WHERE nom = 'P-n021-k02')), (SELECT id FROM point WHERE x=38 AND y=46 AND ninstance = (SELECT id FROM instance WHERE nom = 'P-n021-k02')), 13.03);
INSERT INTO route(ndepart, narrivee, distance) VALUES ( (SELECT id FROM point WHERE x=45 AND y=35 AND ninstance = (SELECT id FROM instance WHERE nom = 'P-n021-k02')), (SELECT id FROM point WHERE x=61 AND y=33 AND ninstance = (SELECT id FROM instance WHERE nom = 'P-n021-k02')), 16.12);
INSERT INTO route(ndepart, narrivee, distance) VALUES ( (SELECT id FROM point WHERE x=45 AND y=35 AND ninstance = (SELECT id FROM instance WHERE nom = 'P-n021-k02')), (SELECT id FROM point WHERE x=62 AND y=63 AND ninstance = (SELECT id FROM instance WHERE nom = 'P-n021-k02')), 32.75);
INSERT INTO route(ndepart, narrivee, distance) VALUES ( (SELECT id FROM point WHERE x=45 AND y=35 AND ninstance = (SELECT id FROM instance WHERE nom = 'P-n021-k02')), (SELECT id FROM point WHERE x=63 AND y=69 AND ninstance = (SELECT id FROM instance WHERE nom = 'P-n021-k02')), 38.47);

INSERT INTO planning(ninstance) VALUES ((SELECT id FROM instance WHERE nom = 'P-n021-k02'));

INSERT INTO vehicule(capacite, ndepot, ninstance) VALUES(160, (SELECT id FROM point WHERE x=30 AND y=40 AND ninstance = (SELECT id FROM instance WHERE nom = 'P-n021-k02')), (SELECT id FROM instance WHERE nom = 'P-n021-k02'));
INSERT INTO vehicule(capacite, ndepot, ninstance) VALUES(160, (SELECT id FROM point WHERE x=30 AND y=40 AND ninstance = (SELECT id FROM instance WHERE nom = 'P-n021-k02')), (SELECT id FROM instance WHERE nom = 'P-n021-k02'));
INSERT INTO vehicule(capacite, ndepot, ninstance) VALUES(160, (SELECT id FROM point WHERE x=30 AND y=40 AND ninstance = (SELECT id FROM instance WHERE nom = 'P-n021-k02')), (SELECT id FROM instance WHERE nom = 'P-n021-k02'));
INSERT INTO vehicule(capacite, ndepot, ninstance) VALUES(160, (SELECT id FROM point WHERE x=30 AND y=40 AND ninstance = (SELECT id FROM instance WHERE nom = 'P-n021-k02')), (SELECT id FROM instance WHERE nom = 'P-n021-k02'));
INSERT INTO vehicule(capacite, ndepot, ninstance) VALUES(160, (SELECT id FROM point WHERE x=30 AND y=40 AND ninstance = (SELECT id FROM instance WHERE nom = 'P-n021-k02')), (SELECT id FROM instance WHERE nom = 'P-n021-k02'));
INSERT INTO vehicule(capacite, ndepot, ninstance) VALUES(160, (SELECT id FROM point WHERE x=30 AND y=40 AND ninstance = (SELECT id FROM instance WHERE nom = 'P-n021-k02')), (SELECT id FROM instance WHERE nom = 'P-n021-k02'));
INSERT INTO vehicule(capacite, ndepot, ninstance) VALUES(160, (SELECT id FROM point WHERE x=30 AND y=40 AND ninstance = (SELECT id FROM instance WHERE nom = 'P-n021-k02')), (SELECT id FROM instance WHERE nom = 'P-n021-k02'));
INSERT INTO vehicule(capacite, ndepot, ninstance) VALUES(160, (SELECT id FROM point WHERE x=30 AND y=40 AND ninstance = (SELECT id FROM instance WHERE nom = 'P-n021-k02')), (SELECT id FROM instance WHERE nom = 'P-n021-k02'));
INSERT INTO vehicule(capacite, ndepot, ninstance) VALUES(160, (SELECT id FROM point WHERE x=30 AND y=40 AND ninstance = (SELECT id FROM instance WHERE nom = 'P-n021-k02')), (SELECT id FROM instance WHERE nom = 'P-n021-k02'));
INSERT INTO vehicule(capacite, ndepot, ninstance) VALUES(160, (SELECT id FROM point WHERE x=30 AND y=40 AND ninstance = (SELECT id FROM instance WHERE nom = 'P-n021-k02')), (SELECT id FROM instance WHERE nom = 'P-n021-k02'));
INSERT INTO vehicule(capacite, ndepot, ninstance) VALUES(160, (SELECT id FROM point WHERE x=30 AND y=40 AND ninstance = (SELECT id FROM instance WHERE nom = 'P-n021-k02')), (SELECT id FROM instance WHERE nom = 'P-n021-k02'));
INSERT INTO vehicule(capacite, ndepot, ninstance) VALUES(160, (SELECT id FROM point WHERE x=30 AND y=40 AND ninstance = (SELECT id FROM instance WHERE nom = 'P-n021-k02')), (SELECT id FROM instance WHERE nom = 'P-n021-k02'));
INSERT INTO vehicule(capacite, ndepot, ninstance) VALUES(160, (SELECT id FROM point WHERE x=30 AND y=40 AND ninstance = (SELECT id FROM instance WHERE nom = 'P-n021-k02')), (SELECT id FROM instance WHERE nom = 'P-n021-k02'));
INSERT INTO vehicule(capacite, ndepot, ninstance) VALUES(160, (SELECT id FROM point WHERE x=30 AND y=40 AND ninstance = (SELECT id FROM instance WHERE nom = 'P-n021-k02')), (SELECT id FROM instance WHERE nom = 'P-n021-k02'));
INSERT INTO vehicule(capacite, ndepot, ninstance) VALUES(160, (SELECT id FROM point WHERE x=30 AND y=40 AND ninstance = (SELECT id FROM instance WHERE nom = 'P-n021-k02')), (SELECT id FROM instance WHERE nom = 'P-n021-k02'));
INSERT INTO vehicule(capacite, ndepot, ninstance) VALUES(160, (SELECT id FROM point WHERE x=30 AND y=40 AND ninstance = (SELECT id FROM instance WHERE nom = 'P-n021-k02')), (SELECT id FROM instance WHERE nom = 'P-n021-k02'));
INSERT INTO vehicule(capacite, ndepot, ninstance) VALUES(160, (SELECT id FROM point WHERE x=30 AND y=40 AND ninstance = (SELECT id FROM instance WHERE nom = 'P-n021-k02')), (SELECT id FROM instance WHERE nom = 'P-n021-k02'));
INSERT INTO vehicule(capacite, ndepot, ninstance) VALUES(160, (SELECT id FROM point WHERE x=30 AND y=40 AND ninstance = (SELECT id FROM instance WHERE nom = 'P-n021-k02')), (SELECT id FROM instance WHERE nom = 'P-n021-k02'));
INSERT INTO vehicule(capacite, ndepot, ninstance) VALUES(160, (SELECT id FROM point WHERE x=30 AND y=40 AND ninstance = (SELECT id FROM instance WHERE nom = 'P-n021-k02')), (SELECT id FROM instance WHERE nom = 'P-n021-k02'));
INSERT INTO vehicule(capacite, ndepot, ninstance) VALUES(160, (SELECT id FROM point WHERE x=30 AND y=40 AND ninstance = (SELECT id FROM instance WHERE nom = 'P-n021-k02')), (SELECT id FROM instance WHERE nom = 'P-n021-k02'));
