INSERT INTO instance(nom) VALUES ('P-n016-k08');

INSERT INTO point(pointtype, x, y, ninstance) VALUES (1, 30, 40, (SELECT id FROM instance WHERE nom = 'P-n016-k08'));
INSERT INTO depot(id) VALUES (SELECT id FROM point WHERE x=30 AND y=40 AND ninstance = (SELECT id FROM instance WHERE nom = 'P-n016-k08'));

INSERT INTO point(pointtype, x, y, ninstance) VALUES (2, 37, 52, (SELECT id FROM instance WHERE nom = 'P-n016-k08'));
INSERT INTO client(demand, id) VALUES (19, (SELECT id FROM point WHERE x=37 AND y=52 AND ninstance = (SELECT id FROM instance WHERE nom = 'P-n016-k08')));
INSERT INTO point(pointtype, x, y, ninstance) VALUES (2, 49, 49, (SELECT id FROM instance WHERE nom = 'P-n016-k08'));
INSERT INTO client(demand, id) VALUES (30, (SELECT id FROM point WHERE x=49 AND y=49 AND ninstance = (SELECT id FROM instance WHERE nom = 'P-n016-k08')));
INSERT INTO point(pointtype, x, y, ninstance) VALUES (2, 52, 64, (SELECT id FROM instance WHERE nom = 'P-n016-k08'));
INSERT INTO client(demand, id) VALUES (16, (SELECT id FROM point WHERE x=52 AND y=64 AND ninstance = (SELECT id FROM instance WHERE nom = 'P-n016-k08')));
INSERT INTO point(pointtype, x, y, ninstance) VALUES (2, 31, 62, (SELECT id FROM instance WHERE nom = 'P-n016-k08'));
INSERT INTO client(demand, id) VALUES (23, (SELECT id FROM point WHERE x=31 AND y=62 AND ninstance = (SELECT id FROM instance WHERE nom = 'P-n016-k08')));
INSERT INTO point(pointtype, x, y, ninstance) VALUES (2, 52, 33, (SELECT id FROM instance WHERE nom = 'P-n016-k08'));
INSERT INTO client(demand, id) VALUES (11, (SELECT id FROM point WHERE x=52 AND y=33 AND ninstance = (SELECT id FROM instance WHERE nom = 'P-n016-k08')));
INSERT INTO point(pointtype, x, y, ninstance) VALUES (2, 42, 41, (SELECT id FROM instance WHERE nom = 'P-n016-k08'));
INSERT INTO client(demand, id) VALUES (31, (SELECT id FROM point WHERE x=42 AND y=41 AND ninstance = (SELECT id FROM instance WHERE nom = 'P-n016-k08')));
INSERT INTO point(pointtype, x, y, ninstance) VALUES (2, 52, 41, (SELECT id FROM instance WHERE nom = 'P-n016-k08'));
INSERT INTO client(demand, id) VALUES (15, (SELECT id FROM point WHERE x=52 AND y=41 AND ninstance = (SELECT id FROM instance WHERE nom = 'P-n016-k08')));
INSERT INTO point(pointtype, x, y, ninstance) VALUES (2, 57, 58, (SELECT id FROM instance WHERE nom = 'P-n016-k08'));
INSERT INTO client(demand, id) VALUES (28, (SELECT id FROM point WHERE x=57 AND y=58 AND ninstance = (SELECT id FROM instance WHERE nom = 'P-n016-k08')));
INSERT INTO point(pointtype, x, y, ninstance) VALUES (2, 62, 42, (SELECT id FROM instance WHERE nom = 'P-n016-k08'));
INSERT INTO client(demand, id) VALUES (8, (SELECT id FROM point WHERE x=62 AND y=42 AND ninstance = (SELECT id FROM instance WHERE nom = 'P-n016-k08')));
INSERT INTO point(pointtype, x, y, ninstance) VALUES (2, 42, 57, (SELECT id FROM instance WHERE nom = 'P-n016-k08'));
INSERT INTO client(demand, id) VALUES (8, (SELECT id FROM point WHERE x=42 AND y=57 AND ninstance = (SELECT id FROM instance WHERE nom = 'P-n016-k08')));
INSERT INTO point(pointtype, x, y, ninstance) VALUES (2, 27, 68, (SELECT id FROM instance WHERE nom = 'P-n016-k08'));
INSERT INTO client(demand, id) VALUES (7, (SELECT id FROM point WHERE x=27 AND y=68 AND ninstance = (SELECT id FROM instance WHERE nom = 'P-n016-k08')));
INSERT INTO point(pointtype, x, y, ninstance) VALUES (2, 43, 67, (SELECT id FROM instance WHERE nom = 'P-n016-k08'));
INSERT INTO client(demand, id) VALUES (14, (SELECT id FROM point WHERE x=43 AND y=67 AND ninstance = (SELECT id FROM instance WHERE nom = 'P-n016-k08')));
INSERT INTO point(pointtype, x, y, ninstance) VALUES (2, 58, 48, (SELECT id FROM instance WHERE nom = 'P-n016-k08'));
INSERT INTO client(demand, id) VALUES (6, (SELECT id FROM point WHERE x=58 AND y=48 AND ninstance = (SELECT id FROM instance WHERE nom = 'P-n016-k08')));
INSERT INTO point(pointtype, x, y, ninstance) VALUES (2, 58, 27, (SELECT id FROM instance WHERE nom = 'P-n016-k08'));
INSERT INTO client(demand, id) VALUES (19, (SELECT id FROM point WHERE x=58 AND y=27 AND ninstance = (SELECT id FROM instance WHERE nom = 'P-n016-k08')));
INSERT INTO point(pointtype, x, y, ninstance) VALUES (2, 37, 69, (SELECT id FROM instance WHERE nom = 'P-n016-k08'));
INSERT INTO client(demand, id) VALUES (11, (SELECT id FROM point WHERE x=37 AND y=69 AND ninstance = (SELECT id FROM instance WHERE nom = 'P-n016-k08')));

INSERT INTO route(ndepart, narrivee, distance) VALUES ( (SELECT id FROM point WHERE x=30 AND y=40 AND ninstance = (SELECT id FROM instance WHERE nom = 'P-n016-k08')), (SELECT id FROM point WHERE x=37 AND y=52 AND ninstance = (SELECT id FROM instance WHERE nom = 'P-n016-k08')), 13.89);
INSERT INTO route(ndepart, narrivee, distance) VALUES ( (SELECT id FROM point WHERE x=30 AND y=40 AND ninstance = (SELECT id FROM instance WHERE nom = 'P-n016-k08')), (SELECT id FROM point WHERE x=49 AND y=49 AND ninstance = (SELECT id FROM instance WHERE nom = 'P-n016-k08')), 21.02);
INSERT INTO route(ndepart, narrivee, distance) VALUES ( (SELECT id FROM point WHERE x=30 AND y=40 AND ninstance = (SELECT id FROM instance WHERE nom = 'P-n016-k08')), (SELECT id FROM point WHERE x=52 AND y=64 AND ninstance = (SELECT id FROM instance WHERE nom = 'P-n016-k08')), 32.55);
INSERT INTO route(ndepart, narrivee, distance) VALUES ( (SELECT id FROM point WHERE x=30 AND y=40 AND ninstance = (SELECT id FROM instance WHERE nom = 'P-n016-k08')), (SELECT id FROM point WHERE x=31 AND y=62 AND ninstance = (SELECT id FROM instance WHERE nom = 'P-n016-k08')), 22.02);
INSERT INTO route(ndepart, narrivee, distance) VALUES ( (SELECT id FROM point WHERE x=30 AND y=40 AND ninstance = (SELECT id FROM instance WHERE nom = 'P-n016-k08')), (SELECT id FROM point WHERE x=52 AND y=33 AND ninstance = (SELECT id FROM instance WHERE nom = 'P-n016-k08')), 23.08);
INSERT INTO route(ndepart, narrivee, distance) VALUES ( (SELECT id FROM point WHERE x=30 AND y=40 AND ninstance = (SELECT id FROM instance WHERE nom = 'P-n016-k08')), (SELECT id FROM point WHERE x=42 AND y=41 AND ninstance = (SELECT id FROM instance WHERE nom = 'P-n016-k08')), 12.04);
INSERT INTO route(ndepart, narrivee, distance) VALUES ( (SELECT id FROM point WHERE x=30 AND y=40 AND ninstance = (SELECT id FROM instance WHERE nom = 'P-n016-k08')), (SELECT id FROM point WHERE x=52 AND y=41 AND ninstance = (SELECT id FROM instance WHERE nom = 'P-n016-k08')), 22.02);
INSERT INTO route(ndepart, narrivee, distance) VALUES ( (SELECT id FROM point WHERE x=30 AND y=40 AND ninstance = (SELECT id FROM instance WHERE nom = 'P-n016-k08')), (SELECT id FROM point WHERE x=57 AND y=58 AND ninstance = (SELECT id FROM instance WHERE nom = 'P-n016-k08')), 32.44);
INSERT INTO route(ndepart, narrivee, distance) VALUES ( (SELECT id FROM point WHERE x=30 AND y=40 AND ninstance = (SELECT id FROM instance WHERE nom = 'P-n016-k08')), (SELECT id FROM point WHERE x=62 AND y=42 AND ninstance = (SELECT id FROM instance WHERE nom = 'P-n016-k08')), 32.06);
INSERT INTO route(ndepart, narrivee, distance) VALUES ( (SELECT id FROM point WHERE x=30 AND y=40 AND ninstance = (SELECT id FROM instance WHERE nom = 'P-n016-k08')), (SELECT id FROM point WHERE x=42 AND y=57 AND ninstance = (SELECT id FROM instance WHERE nom = 'P-n016-k08')), 20.8);
INSERT INTO route(ndepart, narrivee, distance) VALUES ( (SELECT id FROM point WHERE x=30 AND y=40 AND ninstance = (SELECT id FROM instance WHERE nom = 'P-n016-k08')), (SELECT id FROM point WHERE x=27 AND y=68 AND ninstance = (SELECT id FROM instance WHERE nom = 'P-n016-k08')), 28.16);
INSERT INTO route(ndepart, narrivee, distance) VALUES ( (SELECT id FROM point WHERE x=30 AND y=40 AND ninstance = (SELECT id FROM instance WHERE nom = 'P-n016-k08')), (SELECT id FROM point WHERE x=43 AND y=67 AND ninstance = (SELECT id FROM instance WHERE nom = 'P-n016-k08')), 29.96);
INSERT INTO route(ndepart, narrivee, distance) VALUES ( (SELECT id FROM point WHERE x=30 AND y=40 AND ninstance = (SELECT id FROM instance WHERE nom = 'P-n016-k08')), (SELECT id FROM point WHERE x=58 AND y=48 AND ninstance = (SELECT id FROM instance WHERE nom = 'P-n016-k08')), 29.12);
INSERT INTO route(ndepart, narrivee, distance) VALUES ( (SELECT id FROM point WHERE x=30 AND y=40 AND ninstance = (SELECT id FROM instance WHERE nom = 'P-n016-k08')), (SELECT id FROM point WHERE x=58 AND y=27 AND ninstance = (SELECT id FROM instance WHERE nom = 'P-n016-k08')), 30.87);
INSERT INTO route(ndepart, narrivee, distance) VALUES ( (SELECT id FROM point WHERE x=30 AND y=40 AND ninstance = (SELECT id FROM instance WHERE nom = 'P-n016-k08')), (SELECT id FROM point WHERE x=37 AND y=69 AND ninstance = (SELECT id FROM instance WHERE nom = 'P-n016-k08')), 29.83);
INSERT INTO route(ndepart, narrivee, distance) VALUES ( (SELECT id FROM point WHERE x=37 AND y=52 AND ninstance = (SELECT id FROM instance WHERE nom = 'P-n016-k08')), (SELECT id FROM point WHERE x=30 AND y=40 AND ninstance = (SELECT id FROM instance WHERE nom = 'P-n016-k08')), 13.89);
INSERT INTO route(ndepart, narrivee, distance) VALUES ( (SELECT id FROM point WHERE x=37 AND y=52 AND ninstance = (SELECT id FROM instance WHERE nom = 'P-n016-k08')), (SELECT id FROM point WHERE x=49 AND y=49 AND ninstance = (SELECT id FROM instance WHERE nom = 'P-n016-k08')), 12.36);
INSERT INTO route(ndepart, narrivee, distance) VALUES ( (SELECT id FROM point WHERE x=37 AND y=52 AND ninstance = (SELECT id FROM instance WHERE nom = 'P-n016-k08')), (SELECT id FROM point WHERE x=52 AND y=64 AND ninstance = (SELECT id FROM instance WHERE nom = 'P-n016-k08')), 19.2);
INSERT INTO route(ndepart, narrivee, distance) VALUES ( (SELECT id FROM point WHERE x=37 AND y=52 AND ninstance = (SELECT id FROM instance WHERE nom = 'P-n016-k08')), (SELECT id FROM point WHERE x=31 AND y=62 AND ninstance = (SELECT id FROM instance WHERE nom = 'P-n016-k08')), 11.66);
INSERT INTO route(ndepart, narrivee, distance) VALUES ( (SELECT id FROM point WHERE x=37 AND y=52 AND ninstance = (SELECT id FROM instance WHERE nom = 'P-n016-k08')), (SELECT id FROM point WHERE x=52 AND y=33 AND ninstance = (SELECT id FROM instance WHERE nom = 'P-n016-k08')), 24.2);
INSERT INTO route(ndepart, narrivee, distance) VALUES ( (SELECT id FROM point WHERE x=37 AND y=52 AND ninstance = (SELECT id FROM instance WHERE nom = 'P-n016-k08')), (SELECT id FROM point WHERE x=42 AND y=41 AND ninstance = (SELECT id FROM instance WHERE nom = 'P-n016-k08')), 12.08);
INSERT INTO route(ndepart, narrivee, distance) VALUES ( (SELECT id FROM point WHERE x=37 AND y=52 AND ninstance = (SELECT id FROM instance WHERE nom = 'P-n016-k08')), (SELECT id FROM point WHERE x=52 AND y=41 AND ninstance = (SELECT id FROM instance WHERE nom = 'P-n016-k08')), 18.6);
INSERT INTO route(ndepart, narrivee, distance) VALUES ( (SELECT id FROM point WHERE x=37 AND y=52 AND ninstance = (SELECT id FROM instance WHERE nom = 'P-n016-k08')), (SELECT id FROM point WHERE x=57 AND y=58 AND ninstance = (SELECT id FROM instance WHERE nom = 'P-n016-k08')), 20.88);
INSERT INTO route(ndepart, narrivee, distance) VALUES ( (SELECT id FROM point WHERE x=37 AND y=52 AND ninstance = (SELECT id FROM instance WHERE nom = 'P-n016-k08')), (SELECT id FROM point WHERE x=62 AND y=42 AND ninstance = (SELECT id FROM instance WHERE nom = 'P-n016-k08')), 26.92);
INSERT INTO route(ndepart, narrivee, distance) VALUES ( (SELECT id FROM point WHERE x=37 AND y=52 AND ninstance = (SELECT id FROM instance WHERE nom = 'P-n016-k08')), (SELECT id FROM point WHERE x=42 AND y=57 AND ninstance = (SELECT id FROM instance WHERE nom = 'P-n016-k08')), 7.07);
INSERT INTO route(ndepart, narrivee, distance) VALUES ( (SELECT id FROM point WHERE x=37 AND y=52 AND ninstance = (SELECT id FROM instance WHERE nom = 'P-n016-k08')), (SELECT id FROM point WHERE x=27 AND y=68 AND ninstance = (SELECT id FROM instance WHERE nom = 'P-n016-k08')), 18.86);
INSERT INTO route(ndepart, narrivee, distance) VALUES ( (SELECT id FROM point WHERE x=37 AND y=52 AND ninstance = (SELECT id FROM instance WHERE nom = 'P-n016-k08')), (SELECT id FROM point WHERE x=43 AND y=67 AND ninstance = (SELECT id FROM instance WHERE nom = 'P-n016-k08')), 16.15);
INSERT INTO route(ndepart, narrivee, distance) VALUES ( (SELECT id FROM point WHERE x=37 AND y=52 AND ninstance = (SELECT id FROM instance WHERE nom = 'P-n016-k08')), (SELECT id FROM point WHERE x=58 AND y=48 AND ninstance = (SELECT id FROM instance WHERE nom = 'P-n016-k08')), 21.37);
INSERT INTO route(ndepart, narrivee, distance) VALUES ( (SELECT id FROM point WHERE x=37 AND y=52 AND ninstance = (SELECT id FROM instance WHERE nom = 'P-n016-k08')), (SELECT id FROM point WHERE x=58 AND y=27 AND ninstance = (SELECT id FROM instance WHERE nom = 'P-n016-k08')), 32.64);
INSERT INTO route(ndepart, narrivee, distance) VALUES ( (SELECT id FROM point WHERE x=37 AND y=52 AND ninstance = (SELECT id FROM instance WHERE nom = 'P-n016-k08')), (SELECT id FROM point WHERE x=37 AND y=69 AND ninstance = (SELECT id FROM instance WHERE nom = 'P-n016-k08')), 17.0);
INSERT INTO route(ndepart, narrivee, distance) VALUES ( (SELECT id FROM point WHERE x=49 AND y=49 AND ninstance = (SELECT id FROM instance WHERE nom = 'P-n016-k08')), (SELECT id FROM point WHERE x=30 AND y=40 AND ninstance = (SELECT id FROM instance WHERE nom = 'P-n016-k08')), 21.02);
INSERT INTO route(ndepart, narrivee, distance) VALUES ( (SELECT id FROM point WHERE x=49 AND y=49 AND ninstance = (SELECT id FROM instance WHERE nom = 'P-n016-k08')), (SELECT id FROM point WHERE x=37 AND y=52 AND ninstance = (SELECT id FROM instance WHERE nom = 'P-n016-k08')), 12.36);
INSERT INTO route(ndepart, narrivee, distance) VALUES ( (SELECT id FROM point WHERE x=49 AND y=49 AND ninstance = (SELECT id FROM instance WHERE nom = 'P-n016-k08')), (SELECT id FROM point WHERE x=52 AND y=64 AND ninstance = (SELECT id FROM instance WHERE nom = 'P-n016-k08')), 15.29);
INSERT INTO route(ndepart, narrivee, distance) VALUES ( (SELECT id FROM point WHERE x=49 AND y=49 AND ninstance = (SELECT id FROM instance WHERE nom = 'P-n016-k08')), (SELECT id FROM point WHERE x=31 AND y=62 AND ninstance = (SELECT id FROM instance WHERE nom = 'P-n016-k08')), 22.2);
INSERT INTO route(ndepart, narrivee, distance) VALUES ( (SELECT id FROM point WHERE x=49 AND y=49 AND ninstance = (SELECT id FROM instance WHERE nom = 'P-n016-k08')), (SELECT id FROM point WHERE x=52 AND y=33 AND ninstance = (SELECT id FROM instance WHERE nom = 'P-n016-k08')), 16.27);
INSERT INTO route(ndepart, narrivee, distance) VALUES ( (SELECT id FROM point WHERE x=49 AND y=49 AND ninstance = (SELECT id FROM instance WHERE nom = 'P-n016-k08')), (SELECT id FROM point WHERE x=42 AND y=41 AND ninstance = (SELECT id FROM instance WHERE nom = 'P-n016-k08')), 10.63);
INSERT INTO route(ndepart, narrivee, distance) VALUES ( (SELECT id FROM point WHERE x=49 AND y=49 AND ninstance = (SELECT id FROM instance WHERE nom = 'P-n016-k08')), (SELECT id FROM point WHERE x=52 AND y=41 AND ninstance = (SELECT id FROM instance WHERE nom = 'P-n016-k08')), 8.54);
INSERT INTO route(ndepart, narrivee, distance) VALUES ( (SELECT id FROM point WHERE x=49 AND y=49 AND ninstance = (SELECT id FROM instance WHERE nom = 'P-n016-k08')), (SELECT id FROM point WHERE x=57 AND y=58 AND ninstance = (SELECT id FROM instance WHERE nom = 'P-n016-k08')), 12.04);
INSERT INTO route(ndepart, narrivee, distance) VALUES ( (SELECT id FROM point WHERE x=49 AND y=49 AND ninstance = (SELECT id FROM instance WHERE nom = 'P-n016-k08')), (SELECT id FROM point WHERE x=62 AND y=42 AND ninstance = (SELECT id FROM instance WHERE nom = 'P-n016-k08')), 14.76);
INSERT INTO route(ndepart, narrivee, distance) VALUES ( (SELECT id FROM point WHERE x=49 AND y=49 AND ninstance = (SELECT id FROM instance WHERE nom = 'P-n016-k08')), (SELECT id FROM point WHERE x=42 AND y=57 AND ninstance = (SELECT id FROM instance WHERE nom = 'P-n016-k08')), 10.63);
INSERT INTO route(ndepart, narrivee, distance) VALUES ( (SELECT id FROM point WHERE x=49 AND y=49 AND ninstance = (SELECT id FROM instance WHERE nom = 'P-n016-k08')), (SELECT id FROM point WHERE x=27 AND y=68 AND ninstance = (SELECT id FROM instance WHERE nom = 'P-n016-k08')), 29.06);
INSERT INTO route(ndepart, narrivee, distance) VALUES ( (SELECT id FROM point WHERE x=49 AND y=49 AND ninstance = (SELECT id FROM instance WHERE nom = 'P-n016-k08')), (SELECT id FROM point WHERE x=43 AND y=67 AND ninstance = (SELECT id FROM instance WHERE nom = 'P-n016-k08')), 18.97);
INSERT INTO route(ndepart, narrivee, distance) VALUES ( (SELECT id FROM point WHERE x=49 AND y=49 AND ninstance = (SELECT id FROM instance WHERE nom = 'P-n016-k08')), (SELECT id FROM point WHERE x=58 AND y=48 AND ninstance = (SELECT id FROM instance WHERE nom = 'P-n016-k08')), 9.05);
INSERT INTO route(ndepart, narrivee, distance) VALUES ( (SELECT id FROM point WHERE x=49 AND y=49 AND ninstance = (SELECT id FROM instance WHERE nom = 'P-n016-k08')), (SELECT id FROM point WHERE x=58 AND y=27 AND ninstance = (SELECT id FROM instance WHERE nom = 'P-n016-k08')), 23.76);
INSERT INTO route(ndepart, narrivee, distance) VALUES ( (SELECT id FROM point WHERE x=49 AND y=49 AND ninstance = (SELECT id FROM instance WHERE nom = 'P-n016-k08')), (SELECT id FROM point WHERE x=37 AND y=69 AND ninstance = (SELECT id FROM instance WHERE nom = 'P-n016-k08')), 23.32);
INSERT INTO route(ndepart, narrivee, distance) VALUES ( (SELECT id FROM point WHERE x=52 AND y=64 AND ninstance = (SELECT id FROM instance WHERE nom = 'P-n016-k08')), (SELECT id FROM point WHERE x=30 AND y=40 AND ninstance = (SELECT id FROM instance WHERE nom = 'P-n016-k08')), 32.55);
INSERT INTO route(ndepart, narrivee, distance) VALUES ( (SELECT id FROM point WHERE x=52 AND y=64 AND ninstance = (SELECT id FROM instance WHERE nom = 'P-n016-k08')), (SELECT id FROM point WHERE x=37 AND y=52 AND ninstance = (SELECT id FROM instance WHERE nom = 'P-n016-k08')), 19.2);
INSERT INTO route(ndepart, narrivee, distance) VALUES ( (SELECT id FROM point WHERE x=52 AND y=64 AND ninstance = (SELECT id FROM instance WHERE nom = 'P-n016-k08')), (SELECT id FROM point WHERE x=49 AND y=49 AND ninstance = (SELECT id FROM instance WHERE nom = 'P-n016-k08')), 15.29);
INSERT INTO route(ndepart, narrivee, distance) VALUES ( (SELECT id FROM point WHERE x=52 AND y=64 AND ninstance = (SELECT id FROM instance WHERE nom = 'P-n016-k08')), (SELECT id FROM point WHERE x=31 AND y=62 AND ninstance = (SELECT id FROM instance WHERE nom = 'P-n016-k08')), 21.09);
INSERT INTO route(ndepart, narrivee, distance) VALUES ( (SELECT id FROM point WHERE x=52 AND y=64 AND ninstance = (SELECT id FROM instance WHERE nom = 'P-n016-k08')), (SELECT id FROM point WHERE x=52 AND y=33 AND ninstance = (SELECT id FROM instance WHERE nom = 'P-n016-k08')), 31.0);
INSERT INTO route(ndepart, narrivee, distance) VALUES ( (SELECT id FROM point WHERE x=52 AND y=64 AND ninstance = (SELECT id FROM instance WHERE nom = 'P-n016-k08')), (SELECT id FROM point WHERE x=42 AND y=41 AND ninstance = (SELECT id FROM instance WHERE nom = 'P-n016-k08')), 25.07);
INSERT INTO route(ndepart, narrivee, distance) VALUES ( (SELECT id FROM point WHERE x=52 AND y=64 AND ninstance = (SELECT id FROM instance WHERE nom = 'P-n016-k08')), (SELECT id FROM point WHERE x=52 AND y=41 AND ninstance = (SELECT id FROM instance WHERE nom = 'P-n016-k08')), 23.0);
INSERT INTO route(ndepart, narrivee, distance) VALUES ( (SELECT id FROM point WHERE x=52 AND y=64 AND ninstance = (SELECT id FROM instance WHERE nom = 'P-n016-k08')), (SELECT id FROM point WHERE x=57 AND y=58 AND ninstance = (SELECT id FROM instance WHERE nom = 'P-n016-k08')), 7.81);
INSERT INTO route(ndepart, narrivee, distance) VALUES ( (SELECT id FROM point WHERE x=52 AND y=64 AND ninstance = (SELECT id FROM instance WHERE nom = 'P-n016-k08')), (SELECT id FROM point WHERE x=62 AND y=42 AND ninstance = (SELECT id FROM instance WHERE nom = 'P-n016-k08')), 24.16);
INSERT INTO route(ndepart, narrivee, distance) VALUES ( (SELECT id FROM point WHERE x=52 AND y=64 AND ninstance = (SELECT id FROM instance WHERE nom = 'P-n016-k08')), (SELECT id FROM point WHERE x=42 AND y=57 AND ninstance = (SELECT id FROM instance WHERE nom = 'P-n016-k08')), 12.2);
INSERT INTO route(ndepart, narrivee, distance) VALUES ( (SELECT id FROM point WHERE x=52 AND y=64 AND ninstance = (SELECT id FROM instance WHERE nom = 'P-n016-k08')), (SELECT id FROM point WHERE x=27 AND y=68 AND ninstance = (SELECT id FROM instance WHERE nom = 'P-n016-k08')), 25.31);
INSERT INTO route(ndepart, narrivee, distance) VALUES ( (SELECT id FROM point WHERE x=52 AND y=64 AND ninstance = (SELECT id FROM instance WHERE nom = 'P-n016-k08')), (SELECT id FROM point WHERE x=43 AND y=67 AND ninstance = (SELECT id FROM instance WHERE nom = 'P-n016-k08')), 9.48);
INSERT INTO route(ndepart, narrivee, distance) VALUES ( (SELECT id FROM point WHERE x=52 AND y=64 AND ninstance = (SELECT id FROM instance WHERE nom = 'P-n016-k08')), (SELECT id FROM point WHERE x=58 AND y=48 AND ninstance = (SELECT id FROM instance WHERE nom = 'P-n016-k08')), 17.08);
INSERT INTO route(ndepart, narrivee, distance) VALUES ( (SELECT id FROM point WHERE x=52 AND y=64 AND ninstance = (SELECT id FROM instance WHERE nom = 'P-n016-k08')), (SELECT id FROM point WHERE x=58 AND y=27 AND ninstance = (SELECT id FROM instance WHERE nom = 'P-n016-k08')), 37.48);
INSERT INTO route(ndepart, narrivee, distance) VALUES ( (SELECT id FROM point WHERE x=52 AND y=64 AND ninstance = (SELECT id FROM instance WHERE nom = 'P-n016-k08')), (SELECT id FROM point WHERE x=37 AND y=69 AND ninstance = (SELECT id FROM instance WHERE nom = 'P-n016-k08')), 15.81);
INSERT INTO route(ndepart, narrivee, distance) VALUES ( (SELECT id FROM point WHERE x=31 AND y=62 AND ninstance = (SELECT id FROM instance WHERE nom = 'P-n016-k08')), (SELECT id FROM point WHERE x=30 AND y=40 AND ninstance = (SELECT id FROM instance WHERE nom = 'P-n016-k08')), 22.02);
INSERT INTO route(ndepart, narrivee, distance) VALUES ( (SELECT id FROM point WHERE x=31 AND y=62 AND ninstance = (SELECT id FROM instance WHERE nom = 'P-n016-k08')), (SELECT id FROM point WHERE x=37 AND y=52 AND ninstance = (SELECT id FROM instance WHERE nom = 'P-n016-k08')), 11.66);
INSERT INTO route(ndepart, narrivee, distance) VALUES ( (SELECT id FROM point WHERE x=31 AND y=62 AND ninstance = (SELECT id FROM instance WHERE nom = 'P-n016-k08')), (SELECT id FROM point WHERE x=49 AND y=49 AND ninstance = (SELECT id FROM instance WHERE nom = 'P-n016-k08')), 22.2);
INSERT INTO route(ndepart, narrivee, distance) VALUES ( (SELECT id FROM point WHERE x=31 AND y=62 AND ninstance = (SELECT id FROM instance WHERE nom = 'P-n016-k08')), (SELECT id FROM point WHERE x=52 AND y=64 AND ninstance = (SELECT id FROM instance WHERE nom = 'P-n016-k08')), 21.09);
INSERT INTO route(ndepart, narrivee, distance) VALUES ( (SELECT id FROM point WHERE x=31 AND y=62 AND ninstance = (SELECT id FROM instance WHERE nom = 'P-n016-k08')), (SELECT id FROM point WHERE x=52 AND y=33 AND ninstance = (SELECT id FROM instance WHERE nom = 'P-n016-k08')), 35.8);
INSERT INTO route(ndepart, narrivee, distance) VALUES ( (SELECT id FROM point WHERE x=31 AND y=62 AND ninstance = (SELECT id FROM instance WHERE nom = 'P-n016-k08')), (SELECT id FROM point WHERE x=42 AND y=41 AND ninstance = (SELECT id FROM instance WHERE nom = 'P-n016-k08')), 23.7);
INSERT INTO route(ndepart, narrivee, distance) VALUES ( (SELECT id FROM point WHERE x=31 AND y=62 AND ninstance = (SELECT id FROM instance WHERE nom = 'P-n016-k08')), (SELECT id FROM point WHERE x=52 AND y=41 AND ninstance = (SELECT id FROM instance WHERE nom = 'P-n016-k08')), 29.69);
INSERT INTO route(ndepart, narrivee, distance) VALUES ( (SELECT id FROM point WHERE x=31 AND y=62 AND ninstance = (SELECT id FROM instance WHERE nom = 'P-n016-k08')), (SELECT id FROM point WHERE x=57 AND y=58 AND ninstance = (SELECT id FROM instance WHERE nom = 'P-n016-k08')), 26.3);
INSERT INTO route(ndepart, narrivee, distance) VALUES ( (SELECT id FROM point WHERE x=31 AND y=62 AND ninstance = (SELECT id FROM instance WHERE nom = 'P-n016-k08')), (SELECT id FROM point WHERE x=62 AND y=42 AND ninstance = (SELECT id FROM instance WHERE nom = 'P-n016-k08')), 36.89);
INSERT INTO route(ndepart, narrivee, distance) VALUES ( (SELECT id FROM point WHERE x=31 AND y=62 AND ninstance = (SELECT id FROM instance WHERE nom = 'P-n016-k08')), (SELECT id FROM point WHERE x=42 AND y=57 AND ninstance = (SELECT id FROM instance WHERE nom = 'P-n016-k08')), 12.08);
INSERT INTO route(ndepart, narrivee, distance) VALUES ( (SELECT id FROM point WHERE x=31 AND y=62 AND ninstance = (SELECT id FROM instance WHERE nom = 'P-n016-k08')), (SELECT id FROM point WHERE x=27 AND y=68 AND ninstance = (SELECT id FROM instance WHERE nom = 'P-n016-k08')), 7.21);
INSERT INTO route(ndepart, narrivee, distance) VALUES ( (SELECT id FROM point WHERE x=31 AND y=62 AND ninstance = (SELECT id FROM instance WHERE nom = 'P-n016-k08')), (SELECT id FROM point WHERE x=43 AND y=67 AND ninstance = (SELECT id FROM instance WHERE nom = 'P-n016-k08')), 13.0);
INSERT INTO route(ndepart, narrivee, distance) VALUES ( (SELECT id FROM point WHERE x=31 AND y=62 AND ninstance = (SELECT id FROM instance WHERE nom = 'P-n016-k08')), (SELECT id FROM point WHERE x=58 AND y=48 AND ninstance = (SELECT id FROM instance WHERE nom = 'P-n016-k08')), 30.41);
INSERT INTO route(ndepart, narrivee, distance) VALUES ( (SELECT id FROM point WHERE x=31 AND y=62 AND ninstance = (SELECT id FROM instance WHERE nom = 'P-n016-k08')), (SELECT id FROM point WHERE x=58 AND y=27 AND ninstance = (SELECT id FROM instance WHERE nom = 'P-n016-k08')), 44.2);
INSERT INTO route(ndepart, narrivee, distance) VALUES ( (SELECT id FROM point WHERE x=31 AND y=62 AND ninstance = (SELECT id FROM instance WHERE nom = 'P-n016-k08')), (SELECT id FROM point WHERE x=37 AND y=69 AND ninstance = (SELECT id FROM instance WHERE nom = 'P-n016-k08')), 9.21);
INSERT INTO route(ndepart, narrivee, distance) VALUES ( (SELECT id FROM point WHERE x=52 AND y=33 AND ninstance = (SELECT id FROM instance WHERE nom = 'P-n016-k08')), (SELECT id FROM point WHERE x=30 AND y=40 AND ninstance = (SELECT id FROM instance WHERE nom = 'P-n016-k08')), 23.08);
INSERT INTO route(ndepart, narrivee, distance) VALUES ( (SELECT id FROM point WHERE x=52 AND y=33 AND ninstance = (SELECT id FROM instance WHERE nom = 'P-n016-k08')), (SELECT id FROM point WHERE x=37 AND y=52 AND ninstance = (SELECT id FROM instance WHERE nom = 'P-n016-k08')), 24.2);
INSERT INTO route(ndepart, narrivee, distance) VALUES ( (SELECT id FROM point WHERE x=52 AND y=33 AND ninstance = (SELECT id FROM instance WHERE nom = 'P-n016-k08')), (SELECT id FROM point WHERE x=49 AND y=49 AND ninstance = (SELECT id FROM instance WHERE nom = 'P-n016-k08')), 16.27);
INSERT INTO route(ndepart, narrivee, distance) VALUES ( (SELECT id FROM point WHERE x=52 AND y=33 AND ninstance = (SELECT id FROM instance WHERE nom = 'P-n016-k08')), (SELECT id FROM point WHERE x=52 AND y=64 AND ninstance = (SELECT id FROM instance WHERE nom = 'P-n016-k08')), 31.0);
INSERT INTO route(ndepart, narrivee, distance) VALUES ( (SELECT id FROM point WHERE x=52 AND y=33 AND ninstance = (SELECT id FROM instance WHERE nom = 'P-n016-k08')), (SELECT id FROM point WHERE x=31 AND y=62 AND ninstance = (SELECT id FROM instance WHERE nom = 'P-n016-k08')), 35.8);
INSERT INTO route(ndepart, narrivee, distance) VALUES ( (SELECT id FROM point WHERE x=52 AND y=33 AND ninstance = (SELECT id FROM instance WHERE nom = 'P-n016-k08')), (SELECT id FROM point WHERE x=42 AND y=41 AND ninstance = (SELECT id FROM instance WHERE nom = 'P-n016-k08')), 12.8);
INSERT INTO route(ndepart, narrivee, distance) VALUES ( (SELECT id FROM point WHERE x=52 AND y=33 AND ninstance = (SELECT id FROM instance WHERE nom = 'P-n016-k08')), (SELECT id FROM point WHERE x=52 AND y=41 AND ninstance = (SELECT id FROM instance WHERE nom = 'P-n016-k08')), 8.0);
INSERT INTO route(ndepart, narrivee, distance) VALUES ( (SELECT id FROM point WHERE x=52 AND y=33 AND ninstance = (SELECT id FROM instance WHERE nom = 'P-n016-k08')), (SELECT id FROM point WHERE x=57 AND y=58 AND ninstance = (SELECT id FROM instance WHERE nom = 'P-n016-k08')), 25.49);
INSERT INTO route(ndepart, narrivee, distance) VALUES ( (SELECT id FROM point WHERE x=52 AND y=33 AND ninstance = (SELECT id FROM instance WHERE nom = 'P-n016-k08')), (SELECT id FROM point WHERE x=62 AND y=42 AND ninstance = (SELECT id FROM instance WHERE nom = 'P-n016-k08')), 13.45);
INSERT INTO route(ndepart, narrivee, distance) VALUES ( (SELECT id FROM point WHERE x=52 AND y=33 AND ninstance = (SELECT id FROM instance WHERE nom = 'P-n016-k08')), (SELECT id FROM point WHERE x=42 AND y=57 AND ninstance = (SELECT id FROM instance WHERE nom = 'P-n016-k08')), 26.0);
INSERT INTO route(ndepart, narrivee, distance) VALUES ( (SELECT id FROM point WHERE x=52 AND y=33 AND ninstance = (SELECT id FROM instance WHERE nom = 'P-n016-k08')), (SELECT id FROM point WHERE x=27 AND y=68 AND ninstance = (SELECT id FROM instance WHERE nom = 'P-n016-k08')), 43.01);
INSERT INTO route(ndepart, narrivee, distance) VALUES ( (SELECT id FROM point WHERE x=52 AND y=33 AND ninstance = (SELECT id FROM instance WHERE nom = 'P-n016-k08')), (SELECT id FROM point WHERE x=43 AND y=67 AND ninstance = (SELECT id FROM instance WHERE nom = 'P-n016-k08')), 35.17);
INSERT INTO route(ndepart, narrivee, distance) VALUES ( (SELECT id FROM point WHERE x=52 AND y=33 AND ninstance = (SELECT id FROM instance WHERE nom = 'P-n016-k08')), (SELECT id FROM point WHERE x=58 AND y=48 AND ninstance = (SELECT id FROM instance WHERE nom = 'P-n016-k08')), 16.15);
INSERT INTO route(ndepart, narrivee, distance) VALUES ( (SELECT id FROM point WHERE x=52 AND y=33 AND ninstance = (SELECT id FROM instance WHERE nom = 'P-n016-k08')), (SELECT id FROM point WHERE x=58 AND y=27 AND ninstance = (SELECT id FROM instance WHERE nom = 'P-n016-k08')), 8.48);
INSERT INTO route(ndepart, narrivee, distance) VALUES ( (SELECT id FROM point WHERE x=52 AND y=33 AND ninstance = (SELECT id FROM instance WHERE nom = 'P-n016-k08')), (SELECT id FROM point WHERE x=37 AND y=69 AND ninstance = (SELECT id FROM instance WHERE nom = 'P-n016-k08')), 39.0);
INSERT INTO route(ndepart, narrivee, distance) VALUES ( (SELECT id FROM point WHERE x=42 AND y=41 AND ninstance = (SELECT id FROM instance WHERE nom = 'P-n016-k08')), (SELECT id FROM point WHERE x=30 AND y=40 AND ninstance = (SELECT id FROM instance WHERE nom = 'P-n016-k08')), 12.04);
INSERT INTO route(ndepart, narrivee, distance) VALUES ( (SELECT id FROM point WHERE x=42 AND y=41 AND ninstance = (SELECT id FROM instance WHERE nom = 'P-n016-k08')), (SELECT id FROM point WHERE x=37 AND y=52 AND ninstance = (SELECT id FROM instance WHERE nom = 'P-n016-k08')), 12.08);
INSERT INTO route(ndepart, narrivee, distance) VALUES ( (SELECT id FROM point WHERE x=42 AND y=41 AND ninstance = (SELECT id FROM instance WHERE nom = 'P-n016-k08')), (SELECT id FROM point WHERE x=49 AND y=49 AND ninstance = (SELECT id FROM instance WHERE nom = 'P-n016-k08')), 10.63);
INSERT INTO route(ndepart, narrivee, distance) VALUES ( (SELECT id FROM point WHERE x=42 AND y=41 AND ninstance = (SELECT id FROM instance WHERE nom = 'P-n016-k08')), (SELECT id FROM point WHERE x=52 AND y=64 AND ninstance = (SELECT id FROM instance WHERE nom = 'P-n016-k08')), 25.07);
INSERT INTO route(ndepart, narrivee, distance) VALUES ( (SELECT id FROM point WHERE x=42 AND y=41 AND ninstance = (SELECT id FROM instance WHERE nom = 'P-n016-k08')), (SELECT id FROM point WHERE x=31 AND y=62 AND ninstance = (SELECT id FROM instance WHERE nom = 'P-n016-k08')), 23.7);
INSERT INTO route(ndepart, narrivee, distance) VALUES ( (SELECT id FROM point WHERE x=42 AND y=41 AND ninstance = (SELECT id FROM instance WHERE nom = 'P-n016-k08')), (SELECT id FROM point WHERE x=52 AND y=33 AND ninstance = (SELECT id FROM instance WHERE nom = 'P-n016-k08')), 12.8);
INSERT INTO route(ndepart, narrivee, distance) VALUES ( (SELECT id FROM point WHERE x=42 AND y=41 AND ninstance = (SELECT id FROM instance WHERE nom = 'P-n016-k08')), (SELECT id FROM point WHERE x=52 AND y=41 AND ninstance = (SELECT id FROM instance WHERE nom = 'P-n016-k08')), 10.0);
INSERT INTO route(ndepart, narrivee, distance) VALUES ( (SELECT id FROM point WHERE x=42 AND y=41 AND ninstance = (SELECT id FROM instance WHERE nom = 'P-n016-k08')), (SELECT id FROM point WHERE x=57 AND y=58 AND ninstance = (SELECT id FROM instance WHERE nom = 'P-n016-k08')), 22.67);
INSERT INTO route(ndepart, narrivee, distance) VALUES ( (SELECT id FROM point WHERE x=42 AND y=41 AND ninstance = (SELECT id FROM instance WHERE nom = 'P-n016-k08')), (SELECT id FROM point WHERE x=62 AND y=42 AND ninstance = (SELECT id FROM instance WHERE nom = 'P-n016-k08')), 20.02);
INSERT INTO route(ndepart, narrivee, distance) VALUES ( (SELECT id FROM point WHERE x=42 AND y=41 AND ninstance = (SELECT id FROM instance WHERE nom = 'P-n016-k08')), (SELECT id FROM point WHERE x=42 AND y=57 AND ninstance = (SELECT id FROM instance WHERE nom = 'P-n016-k08')), 16.0);
INSERT INTO route(ndepart, narrivee, distance) VALUES ( (SELECT id FROM point WHERE x=42 AND y=41 AND ninstance = (SELECT id FROM instance WHERE nom = 'P-n016-k08')), (SELECT id FROM point WHERE x=27 AND y=68 AND ninstance = (SELECT id FROM instance WHERE nom = 'P-n016-k08')), 30.88);
INSERT INTO route(ndepart, narrivee, distance) VALUES ( (SELECT id FROM point WHERE x=42 AND y=41 AND ninstance = (SELECT id FROM instance WHERE nom = 'P-n016-k08')), (SELECT id FROM point WHERE x=43 AND y=67 AND ninstance = (SELECT id FROM instance WHERE nom = 'P-n016-k08')), 26.01);
INSERT INTO route(ndepart, narrivee, distance) VALUES ( (SELECT id FROM point WHERE x=42 AND y=41 AND ninstance = (SELECT id FROM instance WHERE nom = 'P-n016-k08')), (SELECT id FROM point WHERE x=58 AND y=48 AND ninstance = (SELECT id FROM instance WHERE nom = 'P-n016-k08')), 17.46);
INSERT INTO route(ndepart, narrivee, distance) VALUES ( (SELECT id FROM point WHERE x=42 AND y=41 AND ninstance = (SELECT id FROM instance WHERE nom = 'P-n016-k08')), (SELECT id FROM point WHERE x=58 AND y=27 AND ninstance = (SELECT id FROM instance WHERE nom = 'P-n016-k08')), 21.26);
INSERT INTO route(ndepart, narrivee, distance) VALUES ( (SELECT id FROM point WHERE x=42 AND y=41 AND ninstance = (SELECT id FROM instance WHERE nom = 'P-n016-k08')), (SELECT id FROM point WHERE x=37 AND y=69 AND ninstance = (SELECT id FROM instance WHERE nom = 'P-n016-k08')), 28.44);
INSERT INTO route(ndepart, narrivee, distance) VALUES ( (SELECT id FROM point WHERE x=52 AND y=41 AND ninstance = (SELECT id FROM instance WHERE nom = 'P-n016-k08')), (SELECT id FROM point WHERE x=30 AND y=40 AND ninstance = (SELECT id FROM instance WHERE nom = 'P-n016-k08')), 22.02);
INSERT INTO route(ndepart, narrivee, distance) VALUES ( (SELECT id FROM point WHERE x=52 AND y=41 AND ninstance = (SELECT id FROM instance WHERE nom = 'P-n016-k08')), (SELECT id FROM point WHERE x=37 AND y=52 AND ninstance = (SELECT id FROM instance WHERE nom = 'P-n016-k08')), 18.6);
INSERT INTO route(ndepart, narrivee, distance) VALUES ( (SELECT id FROM point WHERE x=52 AND y=41 AND ninstance = (SELECT id FROM instance WHERE nom = 'P-n016-k08')), (SELECT id FROM point WHERE x=49 AND y=49 AND ninstance = (SELECT id FROM instance WHERE nom = 'P-n016-k08')), 8.54);
INSERT INTO route(ndepart, narrivee, distance) VALUES ( (SELECT id FROM point WHERE x=52 AND y=41 AND ninstance = (SELECT id FROM instance WHERE nom = 'P-n016-k08')), (SELECT id FROM point WHERE x=52 AND y=64 AND ninstance = (SELECT id FROM instance WHERE nom = 'P-n016-k08')), 23.0);
INSERT INTO route(ndepart, narrivee, distance) VALUES ( (SELECT id FROM point WHERE x=52 AND y=41 AND ninstance = (SELECT id FROM instance WHERE nom = 'P-n016-k08')), (SELECT id FROM point WHERE x=31 AND y=62 AND ninstance = (SELECT id FROM instance WHERE nom = 'P-n016-k08')), 29.69);
INSERT INTO route(ndepart, narrivee, distance) VALUES ( (SELECT id FROM point WHERE x=52 AND y=41 AND ninstance = (SELECT id FROM instance WHERE nom = 'P-n016-k08')), (SELECT id FROM point WHERE x=52 AND y=33 AND ninstance = (SELECT id FROM instance WHERE nom = 'P-n016-k08')), 8.0);
INSERT INTO route(ndepart, narrivee, distance) VALUES ( (SELECT id FROM point WHERE x=52 AND y=41 AND ninstance = (SELECT id FROM instance WHERE nom = 'P-n016-k08')), (SELECT id FROM point WHERE x=42 AND y=41 AND ninstance = (SELECT id FROM instance WHERE nom = 'P-n016-k08')), 10.0);
INSERT INTO route(ndepart, narrivee, distance) VALUES ( (SELECT id FROM point WHERE x=52 AND y=41 AND ninstance = (SELECT id FROM instance WHERE nom = 'P-n016-k08')), (SELECT id FROM point WHERE x=57 AND y=58 AND ninstance = (SELECT id FROM instance WHERE nom = 'P-n016-k08')), 17.72);
INSERT INTO route(ndepart, narrivee, distance) VALUES ( (SELECT id FROM point WHERE x=52 AND y=41 AND ninstance = (SELECT id FROM instance WHERE nom = 'P-n016-k08')), (SELECT id FROM point WHERE x=62 AND y=42 AND ninstance = (SELECT id FROM instance WHERE nom = 'P-n016-k08')), 10.04);
INSERT INTO route(ndepart, narrivee, distance) VALUES ( (SELECT id FROM point WHERE x=52 AND y=41 AND ninstance = (SELECT id FROM instance WHERE nom = 'P-n016-k08')), (SELECT id FROM point WHERE x=42 AND y=57 AND ninstance = (SELECT id FROM instance WHERE nom = 'P-n016-k08')), 18.86);
INSERT INTO route(ndepart, narrivee, distance) VALUES ( (SELECT id FROM point WHERE x=52 AND y=41 AND ninstance = (SELECT id FROM instance WHERE nom = 'P-n016-k08')), (SELECT id FROM point WHERE x=27 AND y=68 AND ninstance = (SELECT id FROM instance WHERE nom = 'P-n016-k08')), 36.79);
INSERT INTO route(ndepart, narrivee, distance) VALUES ( (SELECT id FROM point WHERE x=52 AND y=41 AND ninstance = (SELECT id FROM instance WHERE nom = 'P-n016-k08')), (SELECT id FROM point WHERE x=43 AND y=67 AND ninstance = (SELECT id FROM instance WHERE nom = 'P-n016-k08')), 27.51);
INSERT INTO route(ndepart, narrivee, distance) VALUES ( (SELECT id FROM point WHERE x=52 AND y=41 AND ninstance = (SELECT id FROM instance WHERE nom = 'P-n016-k08')), (SELECT id FROM point WHERE x=58 AND y=48 AND ninstance = (SELECT id FROM instance WHERE nom = 'P-n016-k08')), 9.21);
INSERT INTO route(ndepart, narrivee, distance) VALUES ( (SELECT id FROM point WHERE x=52 AND y=41 AND ninstance = (SELECT id FROM instance WHERE nom = 'P-n016-k08')), (SELECT id FROM point WHERE x=58 AND y=27 AND ninstance = (SELECT id FROM instance WHERE nom = 'P-n016-k08')), 15.23);
INSERT INTO route(ndepart, narrivee, distance) VALUES ( (SELECT id FROM point WHERE x=52 AND y=41 AND ninstance = (SELECT id FROM instance WHERE nom = 'P-n016-k08')), (SELECT id FROM point WHERE x=37 AND y=69 AND ninstance = (SELECT id FROM instance WHERE nom = 'P-n016-k08')), 31.76);
INSERT INTO route(ndepart, narrivee, distance) VALUES ( (SELECT id FROM point WHERE x=57 AND y=58 AND ninstance = (SELECT id FROM instance WHERE nom = 'P-n016-k08')), (SELECT id FROM point WHERE x=30 AND y=40 AND ninstance = (SELECT id FROM instance WHERE nom = 'P-n016-k08')), 32.44);
INSERT INTO route(ndepart, narrivee, distance) VALUES ( (SELECT id FROM point WHERE x=57 AND y=58 AND ninstance = (SELECT id FROM instance WHERE nom = 'P-n016-k08')), (SELECT id FROM point WHERE x=37 AND y=52 AND ninstance = (SELECT id FROM instance WHERE nom = 'P-n016-k08')), 20.88);
INSERT INTO route(ndepart, narrivee, distance) VALUES ( (SELECT id FROM point WHERE x=57 AND y=58 AND ninstance = (SELECT id FROM instance WHERE nom = 'P-n016-k08')), (SELECT id FROM point WHERE x=49 AND y=49 AND ninstance = (SELECT id FROM instance WHERE nom = 'P-n016-k08')), 12.04);
INSERT INTO route(ndepart, narrivee, distance) VALUES ( (SELECT id FROM point WHERE x=57 AND y=58 AND ninstance = (SELECT id FROM instance WHERE nom = 'P-n016-k08')), (SELECT id FROM point WHERE x=52 AND y=64 AND ninstance = (SELECT id FROM instance WHERE nom = 'P-n016-k08')), 7.81);
INSERT INTO route(ndepart, narrivee, distance) VALUES ( (SELECT id FROM point WHERE x=57 AND y=58 AND ninstance = (SELECT id FROM instance WHERE nom = 'P-n016-k08')), (SELECT id FROM point WHERE x=31 AND y=62 AND ninstance = (SELECT id FROM instance WHERE nom = 'P-n016-k08')), 26.3);
INSERT INTO route(ndepart, narrivee, distance) VALUES ( (SELECT id FROM point WHERE x=57 AND y=58 AND ninstance = (SELECT id FROM instance WHERE nom = 'P-n016-k08')), (SELECT id FROM point WHERE x=52 AND y=33 AND ninstance = (SELECT id FROM instance WHERE nom = 'P-n016-k08')), 25.49);
INSERT INTO route(ndepart, narrivee, distance) VALUES ( (SELECT id FROM point WHERE x=57 AND y=58 AND ninstance = (SELECT id FROM instance WHERE nom = 'P-n016-k08')), (SELECT id FROM point WHERE x=42 AND y=41 AND ninstance = (SELECT id FROM instance WHERE nom = 'P-n016-k08')), 22.67);
INSERT INTO route(ndepart, narrivee, distance) VALUES ( (SELECT id FROM point WHERE x=57 AND y=58 AND ninstance = (SELECT id FROM instance WHERE nom = 'P-n016-k08')), (SELECT id FROM point WHERE x=52 AND y=41 AND ninstance = (SELECT id FROM instance WHERE nom = 'P-n016-k08')), 17.72);
INSERT INTO route(ndepart, narrivee, distance) VALUES ( (SELECT id FROM point WHERE x=57 AND y=58 AND ninstance = (SELECT id FROM instance WHERE nom = 'P-n016-k08')), (SELECT id FROM point WHERE x=62 AND y=42 AND ninstance = (SELECT id FROM instance WHERE nom = 'P-n016-k08')), 16.76);
INSERT INTO route(ndepart, narrivee, distance) VALUES ( (SELECT id FROM point WHERE x=57 AND y=58 AND ninstance = (SELECT id FROM instance WHERE nom = 'P-n016-k08')), (SELECT id FROM point WHERE x=42 AND y=57 AND ninstance = (SELECT id FROM instance WHERE nom = 'P-n016-k08')), 15.03);
INSERT INTO route(ndepart, narrivee, distance) VALUES ( (SELECT id FROM point WHERE x=57 AND y=58 AND ninstance = (SELECT id FROM instance WHERE nom = 'P-n016-k08')), (SELECT id FROM point WHERE x=27 AND y=68 AND ninstance = (SELECT id FROM instance WHERE nom = 'P-n016-k08')), 31.62);
INSERT INTO route(ndepart, narrivee, distance) VALUES ( (SELECT id FROM point WHERE x=57 AND y=58 AND ninstance = (SELECT id FROM instance WHERE nom = 'P-n016-k08')), (SELECT id FROM point WHERE x=43 AND y=67 AND ninstance = (SELECT id FROM instance WHERE nom = 'P-n016-k08')), 16.64);
INSERT INTO route(ndepart, narrivee, distance) VALUES ( (SELECT id FROM point WHERE x=57 AND y=58 AND ninstance = (SELECT id FROM instance WHERE nom = 'P-n016-k08')), (SELECT id FROM point WHERE x=58 AND y=48 AND ninstance = (SELECT id FROM instance WHERE nom = 'P-n016-k08')), 10.04);
INSERT INTO route(ndepart, narrivee, distance) VALUES ( (SELECT id FROM point WHERE x=57 AND y=58 AND ninstance = (SELECT id FROM instance WHERE nom = 'P-n016-k08')), (SELECT id FROM point WHERE x=58 AND y=27 AND ninstance = (SELECT id FROM instance WHERE nom = 'P-n016-k08')), 31.01);
INSERT INTO route(ndepart, narrivee, distance) VALUES ( (SELECT id FROM point WHERE x=57 AND y=58 AND ninstance = (SELECT id FROM instance WHERE nom = 'P-n016-k08')), (SELECT id FROM point WHERE x=37 AND y=69 AND ninstance = (SELECT id FROM instance WHERE nom = 'P-n016-k08')), 22.82);
INSERT INTO route(ndepart, narrivee, distance) VALUES ( (SELECT id FROM point WHERE x=62 AND y=42 AND ninstance = (SELECT id FROM instance WHERE nom = 'P-n016-k08')), (SELECT id FROM point WHERE x=30 AND y=40 AND ninstance = (SELECT id FROM instance WHERE nom = 'P-n016-k08')), 32.06);
INSERT INTO route(ndepart, narrivee, distance) VALUES ( (SELECT id FROM point WHERE x=62 AND y=42 AND ninstance = (SELECT id FROM instance WHERE nom = 'P-n016-k08')), (SELECT id FROM point WHERE x=37 AND y=52 AND ninstance = (SELECT id FROM instance WHERE nom = 'P-n016-k08')), 26.92);
INSERT INTO route(ndepart, narrivee, distance) VALUES ( (SELECT id FROM point WHERE x=62 AND y=42 AND ninstance = (SELECT id FROM instance WHERE nom = 'P-n016-k08')), (SELECT id FROM point WHERE x=49 AND y=49 AND ninstance = (SELECT id FROM instance WHERE nom = 'P-n016-k08')), 14.76);
INSERT INTO route(ndepart, narrivee, distance) VALUES ( (SELECT id FROM point WHERE x=62 AND y=42 AND ninstance = (SELECT id FROM instance WHERE nom = 'P-n016-k08')), (SELECT id FROM point WHERE x=52 AND y=64 AND ninstance = (SELECT id FROM instance WHERE nom = 'P-n016-k08')), 24.16);
INSERT INTO route(ndepart, narrivee, distance) VALUES ( (SELECT id FROM point WHERE x=62 AND y=42 AND ninstance = (SELECT id FROM instance WHERE nom = 'P-n016-k08')), (SELECT id FROM point WHERE x=31 AND y=62 AND ninstance = (SELECT id FROM instance WHERE nom = 'P-n016-k08')), 36.89);
INSERT INTO route(ndepart, narrivee, distance) VALUES ( (SELECT id FROM point WHERE x=62 AND y=42 AND ninstance = (SELECT id FROM instance WHERE nom = 'P-n016-k08')), (SELECT id FROM point WHERE x=52 AND y=33 AND ninstance = (SELECT id FROM instance WHERE nom = 'P-n016-k08')), 13.45);
INSERT INTO route(ndepart, narrivee, distance) VALUES ( (SELECT id FROM point WHERE x=62 AND y=42 AND ninstance = (SELECT id FROM instance WHERE nom = 'P-n016-k08')), (SELECT id FROM point WHERE x=42 AND y=41 AND ninstance = (SELECT id FROM instance WHERE nom = 'P-n016-k08')), 20.02);
INSERT INTO route(ndepart, narrivee, distance) VALUES ( (SELECT id FROM point WHERE x=62 AND y=42 AND ninstance = (SELECT id FROM instance WHERE nom = 'P-n016-k08')), (SELECT id FROM point WHERE x=52 AND y=41 AND ninstance = (SELECT id FROM instance WHERE nom = 'P-n016-k08')), 10.04);
INSERT INTO route(ndepart, narrivee, distance) VALUES ( (SELECT id FROM point WHERE x=62 AND y=42 AND ninstance = (SELECT id FROM instance WHERE nom = 'P-n016-k08')), (SELECT id FROM point WHERE x=57 AND y=58 AND ninstance = (SELECT id FROM instance WHERE nom = 'P-n016-k08')), 16.76);
INSERT INTO route(ndepart, narrivee, distance) VALUES ( (SELECT id FROM point WHERE x=62 AND y=42 AND ninstance = (SELECT id FROM instance WHERE nom = 'P-n016-k08')), (SELECT id FROM point WHERE x=42 AND y=57 AND ninstance = (SELECT id FROM instance WHERE nom = 'P-n016-k08')), 25.0);
INSERT INTO route(ndepart, narrivee, distance) VALUES ( (SELECT id FROM point WHERE x=62 AND y=42 AND ninstance = (SELECT id FROM instance WHERE nom = 'P-n016-k08')), (SELECT id FROM point WHERE x=27 AND y=68 AND ninstance = (SELECT id FROM instance WHERE nom = 'P-n016-k08')), 43.6);
INSERT INTO route(ndepart, narrivee, distance) VALUES ( (SELECT id FROM point WHERE x=62 AND y=42 AND ninstance = (SELECT id FROM instance WHERE nom = 'P-n016-k08')), (SELECT id FROM point WHERE x=43 AND y=67 AND ninstance = (SELECT id FROM instance WHERE nom = 'P-n016-k08')), 31.4);
INSERT INTO route(ndepart, narrivee, distance) VALUES ( (SELECT id FROM point WHERE x=62 AND y=42 AND ninstance = (SELECT id FROM instance WHERE nom = 'P-n016-k08')), (SELECT id FROM point WHERE x=58 AND y=48 AND ninstance = (SELECT id FROM instance WHERE nom = 'P-n016-k08')), 7.21);
INSERT INTO route(ndepart, narrivee, distance) VALUES ( (SELECT id FROM point WHERE x=62 AND y=42 AND ninstance = (SELECT id FROM instance WHERE nom = 'P-n016-k08')), (SELECT id FROM point WHERE x=58 AND y=27 AND ninstance = (SELECT id FROM instance WHERE nom = 'P-n016-k08')), 15.52);
INSERT INTO route(ndepart, narrivee, distance) VALUES ( (SELECT id FROM point WHERE x=62 AND y=42 AND ninstance = (SELECT id FROM instance WHERE nom = 'P-n016-k08')), (SELECT id FROM point WHERE x=37 AND y=69 AND ninstance = (SELECT id FROM instance WHERE nom = 'P-n016-k08')), 36.79);
INSERT INTO route(ndepart, narrivee, distance) VALUES ( (SELECT id FROM point WHERE x=42 AND y=57 AND ninstance = (SELECT id FROM instance WHERE nom = 'P-n016-k08')), (SELECT id FROM point WHERE x=30 AND y=40 AND ninstance = (SELECT id FROM instance WHERE nom = 'P-n016-k08')), 20.8);
INSERT INTO route(ndepart, narrivee, distance) VALUES ( (SELECT id FROM point WHERE x=42 AND y=57 AND ninstance = (SELECT id FROM instance WHERE nom = 'P-n016-k08')), (SELECT id FROM point WHERE x=37 AND y=52 AND ninstance = (SELECT id FROM instance WHERE nom = 'P-n016-k08')), 7.07);
INSERT INTO route(ndepart, narrivee, distance) VALUES ( (SELECT id FROM point WHERE x=42 AND y=57 AND ninstance = (SELECT id FROM instance WHERE nom = 'P-n016-k08')), (SELECT id FROM point WHERE x=49 AND y=49 AND ninstance = (SELECT id FROM instance WHERE nom = 'P-n016-k08')), 10.63);
INSERT INTO route(ndepart, narrivee, distance) VALUES ( (SELECT id FROM point WHERE x=42 AND y=57 AND ninstance = (SELECT id FROM instance WHERE nom = 'P-n016-k08')), (SELECT id FROM point WHERE x=52 AND y=64 AND ninstance = (SELECT id FROM instance WHERE nom = 'P-n016-k08')), 12.2);
INSERT INTO route(ndepart, narrivee, distance) VALUES ( (SELECT id FROM point WHERE x=42 AND y=57 AND ninstance = (SELECT id FROM instance WHERE nom = 'P-n016-k08')), (SELECT id FROM point WHERE x=31 AND y=62 AND ninstance = (SELECT id FROM instance WHERE nom = 'P-n016-k08')), 12.08);
INSERT INTO route(ndepart, narrivee, distance) VALUES ( (SELECT id FROM point WHERE x=42 AND y=57 AND ninstance = (SELECT id FROM instance WHERE nom = 'P-n016-k08')), (SELECT id FROM point WHERE x=52 AND y=33 AND ninstance = (SELECT id FROM instance WHERE nom = 'P-n016-k08')), 26.0);
INSERT INTO route(ndepart, narrivee, distance) VALUES ( (SELECT id FROM point WHERE x=42 AND y=57 AND ninstance = (SELECT id FROM instance WHERE nom = 'P-n016-k08')), (SELECT id FROM point WHERE x=42 AND y=41 AND ninstance = (SELECT id FROM instance WHERE nom = 'P-n016-k08')), 16.0);
INSERT INTO route(ndepart, narrivee, distance) VALUES ( (SELECT id FROM point WHERE x=42 AND y=57 AND ninstance = (SELECT id FROM instance WHERE nom = 'P-n016-k08')), (SELECT id FROM point WHERE x=52 AND y=41 AND ninstance = (SELECT id FROM instance WHERE nom = 'P-n016-k08')), 18.86);
INSERT INTO route(ndepart, narrivee, distance) VALUES ( (SELECT id FROM point WHERE x=42 AND y=57 AND ninstance = (SELECT id FROM instance WHERE nom = 'P-n016-k08')), (SELECT id FROM point WHERE x=57 AND y=58 AND ninstance = (SELECT id FROM instance WHERE nom = 'P-n016-k08')), 15.03);
INSERT INTO route(ndepart, narrivee, distance) VALUES ( (SELECT id FROM point WHERE x=42 AND y=57 AND ninstance = (SELECT id FROM instance WHERE nom = 'P-n016-k08')), (SELECT id FROM point WHERE x=62 AND y=42 AND ninstance = (SELECT id FROM instance WHERE nom = 'P-n016-k08')), 25.0);
INSERT INTO route(ndepart, narrivee, distance) VALUES ( (SELECT id FROM point WHERE x=42 AND y=57 AND ninstance = (SELECT id FROM instance WHERE nom = 'P-n016-k08')), (SELECT id FROM point WHERE x=27 AND y=68 AND ninstance = (SELECT id FROM instance WHERE nom = 'P-n016-k08')), 18.6);
INSERT INTO route(ndepart, narrivee, distance) VALUES ( (SELECT id FROM point WHERE x=42 AND y=57 AND ninstance = (SELECT id FROM instance WHERE nom = 'P-n016-k08')), (SELECT id FROM point WHERE x=43 AND y=67 AND ninstance = (SELECT id FROM instance WHERE nom = 'P-n016-k08')), 10.04);
INSERT INTO route(ndepart, narrivee, distance) VALUES ( (SELECT id FROM point WHERE x=42 AND y=57 AND ninstance = (SELECT id FROM instance WHERE nom = 'P-n016-k08')), (SELECT id FROM point WHERE x=58 AND y=48 AND ninstance = (SELECT id FROM instance WHERE nom = 'P-n016-k08')), 18.35);
INSERT INTO route(ndepart, narrivee, distance) VALUES ( (SELECT id FROM point WHERE x=42 AND y=57 AND ninstance = (SELECT id FROM instance WHERE nom = 'P-n016-k08')), (SELECT id FROM point WHERE x=58 AND y=27 AND ninstance = (SELECT id FROM instance WHERE nom = 'P-n016-k08')), 34.0);
INSERT INTO route(ndepart, narrivee, distance) VALUES ( (SELECT id FROM point WHERE x=42 AND y=57 AND ninstance = (SELECT id FROM instance WHERE nom = 'P-n016-k08')), (SELECT id FROM point WHERE x=37 AND y=69 AND ninstance = (SELECT id FROM instance WHERE nom = 'P-n016-k08')), 13.0);
INSERT INTO route(ndepart, narrivee, distance) VALUES ( (SELECT id FROM point WHERE x=27 AND y=68 AND ninstance = (SELECT id FROM instance WHERE nom = 'P-n016-k08')), (SELECT id FROM point WHERE x=30 AND y=40 AND ninstance = (SELECT id FROM instance WHERE nom = 'P-n016-k08')), 28.16);
INSERT INTO route(ndepart, narrivee, distance) VALUES ( (SELECT id FROM point WHERE x=27 AND y=68 AND ninstance = (SELECT id FROM instance WHERE nom = 'P-n016-k08')), (SELECT id FROM point WHERE x=37 AND y=52 AND ninstance = (SELECT id FROM instance WHERE nom = 'P-n016-k08')), 18.86);
INSERT INTO route(ndepart, narrivee, distance) VALUES ( (SELECT id FROM point WHERE x=27 AND y=68 AND ninstance = (SELECT id FROM instance WHERE nom = 'P-n016-k08')), (SELECT id FROM point WHERE x=49 AND y=49 AND ninstance = (SELECT id FROM instance WHERE nom = 'P-n016-k08')), 29.06);
INSERT INTO route(ndepart, narrivee, distance) VALUES ( (SELECT id FROM point WHERE x=27 AND y=68 AND ninstance = (SELECT id FROM instance WHERE nom = 'P-n016-k08')), (SELECT id FROM point WHERE x=52 AND y=64 AND ninstance = (SELECT id FROM instance WHERE nom = 'P-n016-k08')), 25.31);
INSERT INTO route(ndepart, narrivee, distance) VALUES ( (SELECT id FROM point WHERE x=27 AND y=68 AND ninstance = (SELECT id FROM instance WHERE nom = 'P-n016-k08')), (SELECT id FROM point WHERE x=31 AND y=62 AND ninstance = (SELECT id FROM instance WHERE nom = 'P-n016-k08')), 7.21);
INSERT INTO route(ndepart, narrivee, distance) VALUES ( (SELECT id FROM point WHERE x=27 AND y=68 AND ninstance = (SELECT id FROM instance WHERE nom = 'P-n016-k08')), (SELECT id FROM point WHERE x=52 AND y=33 AND ninstance = (SELECT id FROM instance WHERE nom = 'P-n016-k08')), 43.01);
INSERT INTO route(ndepart, narrivee, distance) VALUES ( (SELECT id FROM point WHERE x=27 AND y=68 AND ninstance = (SELECT id FROM instance WHERE nom = 'P-n016-k08')), (SELECT id FROM point WHERE x=42 AND y=41 AND ninstance = (SELECT id FROM instance WHERE nom = 'P-n016-k08')), 30.88);
INSERT INTO route(ndepart, narrivee, distance) VALUES ( (SELECT id FROM point WHERE x=27 AND y=68 AND ninstance = (SELECT id FROM instance WHERE nom = 'P-n016-k08')), (SELECT id FROM point WHERE x=52 AND y=41 AND ninstance = (SELECT id FROM instance WHERE nom = 'P-n016-k08')), 36.79);
INSERT INTO route(ndepart, narrivee, distance) VALUES ( (SELECT id FROM point WHERE x=27 AND y=68 AND ninstance = (SELECT id FROM instance WHERE nom = 'P-n016-k08')), (SELECT id FROM point WHERE x=57 AND y=58 AND ninstance = (SELECT id FROM instance WHERE nom = 'P-n016-k08')), 31.62);
INSERT INTO route(ndepart, narrivee, distance) VALUES ( (SELECT id FROM point WHERE x=27 AND y=68 AND ninstance = (SELECT id FROM instance WHERE nom = 'P-n016-k08')), (SELECT id FROM point WHERE x=62 AND y=42 AND ninstance = (SELECT id FROM instance WHERE nom = 'P-n016-k08')), 43.6);
INSERT INTO route(ndepart, narrivee, distance) VALUES ( (SELECT id FROM point WHERE x=27 AND y=68 AND ninstance = (SELECT id FROM instance WHERE nom = 'P-n016-k08')), (SELECT id FROM point WHERE x=42 AND y=57 AND ninstance = (SELECT id FROM instance WHERE nom = 'P-n016-k08')), 18.6);
INSERT INTO route(ndepart, narrivee, distance) VALUES ( (SELECT id FROM point WHERE x=27 AND y=68 AND ninstance = (SELECT id FROM instance WHERE nom = 'P-n016-k08')), (SELECT id FROM point WHERE x=43 AND y=67 AND ninstance = (SELECT id FROM instance WHERE nom = 'P-n016-k08')), 16.03);
INSERT INTO route(ndepart, narrivee, distance) VALUES ( (SELECT id FROM point WHERE x=27 AND y=68 AND ninstance = (SELECT id FROM instance WHERE nom = 'P-n016-k08')), (SELECT id FROM point WHERE x=58 AND y=48 AND ninstance = (SELECT id FROM instance WHERE nom = 'P-n016-k08')), 36.89);
INSERT INTO route(ndepart, narrivee, distance) VALUES ( (SELECT id FROM point WHERE x=27 AND y=68 AND ninstance = (SELECT id FROM instance WHERE nom = 'P-n016-k08')), (SELECT id FROM point WHERE x=58 AND y=27 AND ninstance = (SELECT id FROM instance WHERE nom = 'P-n016-k08')), 51.4);
INSERT INTO route(ndepart, narrivee, distance) VALUES ( (SELECT id FROM point WHERE x=27 AND y=68 AND ninstance = (SELECT id FROM instance WHERE nom = 'P-n016-k08')), (SELECT id FROM point WHERE x=37 AND y=69 AND ninstance = (SELECT id FROM instance WHERE nom = 'P-n016-k08')), 10.04);
INSERT INTO route(ndepart, narrivee, distance) VALUES ( (SELECT id FROM point WHERE x=43 AND y=67 AND ninstance = (SELECT id FROM instance WHERE nom = 'P-n016-k08')), (SELECT id FROM point WHERE x=30 AND y=40 AND ninstance = (SELECT id FROM instance WHERE nom = 'P-n016-k08')), 29.96);
INSERT INTO route(ndepart, narrivee, distance) VALUES ( (SELECT id FROM point WHERE x=43 AND y=67 AND ninstance = (SELECT id FROM instance WHERE nom = 'P-n016-k08')), (SELECT id FROM point WHERE x=37 AND y=52 AND ninstance = (SELECT id FROM instance WHERE nom = 'P-n016-k08')), 16.15);
INSERT INTO route(ndepart, narrivee, distance) VALUES ( (SELECT id FROM point WHERE x=43 AND y=67 AND ninstance = (SELECT id FROM instance WHERE nom = 'P-n016-k08')), (SELECT id FROM point WHERE x=49 AND y=49 AND ninstance = (SELECT id FROM instance WHERE nom = 'P-n016-k08')), 18.97);
INSERT INTO route(ndepart, narrivee, distance) VALUES ( (SELECT id FROM point WHERE x=43 AND y=67 AND ninstance = (SELECT id FROM instance WHERE nom = 'P-n016-k08')), (SELECT id FROM point WHERE x=52 AND y=64 AND ninstance = (SELECT id FROM instance WHERE nom = 'P-n016-k08')), 9.48);
INSERT INTO route(ndepart, narrivee, distance) VALUES ( (SELECT id FROM point WHERE x=43 AND y=67 AND ninstance = (SELECT id FROM instance WHERE nom = 'P-n016-k08')), (SELECT id FROM point WHERE x=31 AND y=62 AND ninstance = (SELECT id FROM instance WHERE nom = 'P-n016-k08')), 13.0);
INSERT INTO route(ndepart, narrivee, distance) VALUES ( (SELECT id FROM point WHERE x=43 AND y=67 AND ninstance = (SELECT id FROM instance WHERE nom = 'P-n016-k08')), (SELECT id FROM point WHERE x=52 AND y=33 AND ninstance = (SELECT id FROM instance WHERE nom = 'P-n016-k08')), 35.17);
INSERT INTO route(ndepart, narrivee, distance) VALUES ( (SELECT id FROM point WHERE x=43 AND y=67 AND ninstance = (SELECT id FROM instance WHERE nom = 'P-n016-k08')), (SELECT id FROM point WHERE x=42 AND y=41 AND ninstance = (SELECT id FROM instance WHERE nom = 'P-n016-k08')), 26.01);
INSERT INTO route(ndepart, narrivee, distance) VALUES ( (SELECT id FROM point WHERE x=43 AND y=67 AND ninstance = (SELECT id FROM instance WHERE nom = 'P-n016-k08')), (SELECT id FROM point WHERE x=52 AND y=41 AND ninstance = (SELECT id FROM instance WHERE nom = 'P-n016-k08')), 27.51);
INSERT INTO route(ndepart, narrivee, distance) VALUES ( (SELECT id FROM point WHERE x=43 AND y=67 AND ninstance = (SELECT id FROM instance WHERE nom = 'P-n016-k08')), (SELECT id FROM point WHERE x=57 AND y=58 AND ninstance = (SELECT id FROM instance WHERE nom = 'P-n016-k08')), 16.64);
INSERT INTO route(ndepart, narrivee, distance) VALUES ( (SELECT id FROM point WHERE x=43 AND y=67 AND ninstance = (SELECT id FROM instance WHERE nom = 'P-n016-k08')), (SELECT id FROM point WHERE x=62 AND y=42 AND ninstance = (SELECT id FROM instance WHERE nom = 'P-n016-k08')), 31.4);
INSERT INTO route(ndepart, narrivee, distance) VALUES ( (SELECT id FROM point WHERE x=43 AND y=67 AND ninstance = (SELECT id FROM instance WHERE nom = 'P-n016-k08')), (SELECT id FROM point WHERE x=42 AND y=57 AND ninstance = (SELECT id FROM instance WHERE nom = 'P-n016-k08')), 10.04);
INSERT INTO route(ndepart, narrivee, distance) VALUES ( (SELECT id FROM point WHERE x=43 AND y=67 AND ninstance = (SELECT id FROM instance WHERE nom = 'P-n016-k08')), (SELECT id FROM point WHERE x=27 AND y=68 AND ninstance = (SELECT id FROM instance WHERE nom = 'P-n016-k08')), 16.03);
INSERT INTO route(ndepart, narrivee, distance) VALUES ( (SELECT id FROM point WHERE x=43 AND y=67 AND ninstance = (SELECT id FROM instance WHERE nom = 'P-n016-k08')), (SELECT id FROM point WHERE x=58 AND y=48 AND ninstance = (SELECT id FROM instance WHERE nom = 'P-n016-k08')), 24.2);
INSERT INTO route(ndepart, narrivee, distance) VALUES ( (SELECT id FROM point WHERE x=43 AND y=67 AND ninstance = (SELECT id FROM instance WHERE nom = 'P-n016-k08')), (SELECT id FROM point WHERE x=58 AND y=27 AND ninstance = (SELECT id FROM instance WHERE nom = 'P-n016-k08')), 42.72);
INSERT INTO route(ndepart, narrivee, distance) VALUES ( (SELECT id FROM point WHERE x=43 AND y=67 AND ninstance = (SELECT id FROM instance WHERE nom = 'P-n016-k08')), (SELECT id FROM point WHERE x=37 AND y=69 AND ninstance = (SELECT id FROM instance WHERE nom = 'P-n016-k08')), 6.32);
INSERT INTO route(ndepart, narrivee, distance) VALUES ( (SELECT id FROM point WHERE x=58 AND y=48 AND ninstance = (SELECT id FROM instance WHERE nom = 'P-n016-k08')), (SELECT id FROM point WHERE x=30 AND y=40 AND ninstance = (SELECT id FROM instance WHERE nom = 'P-n016-k08')), 29.12);
INSERT INTO route(ndepart, narrivee, distance) VALUES ( (SELECT id FROM point WHERE x=58 AND y=48 AND ninstance = (SELECT id FROM instance WHERE nom = 'P-n016-k08')), (SELECT id FROM point WHERE x=37 AND y=52 AND ninstance = (SELECT id FROM instance WHERE nom = 'P-n016-k08')), 21.37);
INSERT INTO route(ndepart, narrivee, distance) VALUES ( (SELECT id FROM point WHERE x=58 AND y=48 AND ninstance = (SELECT id FROM instance WHERE nom = 'P-n016-k08')), (SELECT id FROM point WHERE x=49 AND y=49 AND ninstance = (SELECT id FROM instance WHERE nom = 'P-n016-k08')), 9.05);
INSERT INTO route(ndepart, narrivee, distance) VALUES ( (SELECT id FROM point WHERE x=58 AND y=48 AND ninstance = (SELECT id FROM instance WHERE nom = 'P-n016-k08')), (SELECT id FROM point WHERE x=52 AND y=64 AND ninstance = (SELECT id FROM instance WHERE nom = 'P-n016-k08')), 17.08);
INSERT INTO route(ndepart, narrivee, distance) VALUES ( (SELECT id FROM point WHERE x=58 AND y=48 AND ninstance = (SELECT id FROM instance WHERE nom = 'P-n016-k08')), (SELECT id FROM point WHERE x=31 AND y=62 AND ninstance = (SELECT id FROM instance WHERE nom = 'P-n016-k08')), 30.41);
INSERT INTO route(ndepart, narrivee, distance) VALUES ( (SELECT id FROM point WHERE x=58 AND y=48 AND ninstance = (SELECT id FROM instance WHERE nom = 'P-n016-k08')), (SELECT id FROM point WHERE x=52 AND y=33 AND ninstance = (SELECT id FROM instance WHERE nom = 'P-n016-k08')), 16.15);
INSERT INTO route(ndepart, narrivee, distance) VALUES ( (SELECT id FROM point WHERE x=58 AND y=48 AND ninstance = (SELECT id FROM instance WHERE nom = 'P-n016-k08')), (SELECT id FROM point WHERE x=42 AND y=41 AND ninstance = (SELECT id FROM instance WHERE nom = 'P-n016-k08')), 17.46);
INSERT INTO route(ndepart, narrivee, distance) VALUES ( (SELECT id FROM point WHERE x=58 AND y=48 AND ninstance = (SELECT id FROM instance WHERE nom = 'P-n016-k08')), (SELECT id FROM point WHERE x=52 AND y=41 AND ninstance = (SELECT id FROM instance WHERE nom = 'P-n016-k08')), 9.21);
INSERT INTO route(ndepart, narrivee, distance) VALUES ( (SELECT id FROM point WHERE x=58 AND y=48 AND ninstance = (SELECT id FROM instance WHERE nom = 'P-n016-k08')), (SELECT id FROM point WHERE x=57 AND y=58 AND ninstance = (SELECT id FROM instance WHERE nom = 'P-n016-k08')), 10.04);
INSERT INTO route(ndepart, narrivee, distance) VALUES ( (SELECT id FROM point WHERE x=58 AND y=48 AND ninstance = (SELECT id FROM instance WHERE nom = 'P-n016-k08')), (SELECT id FROM point WHERE x=62 AND y=42 AND ninstance = (SELECT id FROM instance WHERE nom = 'P-n016-k08')), 7.21);
INSERT INTO route(ndepart, narrivee, distance) VALUES ( (SELECT id FROM point WHERE x=58 AND y=48 AND ninstance = (SELECT id FROM instance WHERE nom = 'P-n016-k08')), (SELECT id FROM point WHERE x=42 AND y=57 AND ninstance = (SELECT id FROM instance WHERE nom = 'P-n016-k08')), 18.35);
INSERT INTO route(ndepart, narrivee, distance) VALUES ( (SELECT id FROM point WHERE x=58 AND y=48 AND ninstance = (SELECT id FROM instance WHERE nom = 'P-n016-k08')), (SELECT id FROM point WHERE x=27 AND y=68 AND ninstance = (SELECT id FROM instance WHERE nom = 'P-n016-k08')), 36.89);
INSERT INTO route(ndepart, narrivee, distance) VALUES ( (SELECT id FROM point WHERE x=58 AND y=48 AND ninstance = (SELECT id FROM instance WHERE nom = 'P-n016-k08')), (SELECT id FROM point WHERE x=43 AND y=67 AND ninstance = (SELECT id FROM instance WHERE nom = 'P-n016-k08')), 24.2);
INSERT INTO route(ndepart, narrivee, distance) VALUES ( (SELECT id FROM point WHERE x=58 AND y=48 AND ninstance = (SELECT id FROM instance WHERE nom = 'P-n016-k08')), (SELECT id FROM point WHERE x=58 AND y=27 AND ninstance = (SELECT id FROM instance WHERE nom = 'P-n016-k08')), 21.0);
INSERT INTO route(ndepart, narrivee, distance) VALUES ( (SELECT id FROM point WHERE x=58 AND y=48 AND ninstance = (SELECT id FROM instance WHERE nom = 'P-n016-k08')), (SELECT id FROM point WHERE x=37 AND y=69 AND ninstance = (SELECT id FROM instance WHERE nom = 'P-n016-k08')), 29.69);
INSERT INTO route(ndepart, narrivee, distance) VALUES ( (SELECT id FROM point WHERE x=58 AND y=27 AND ninstance = (SELECT id FROM instance WHERE nom = 'P-n016-k08')), (SELECT id FROM point WHERE x=30 AND y=40 AND ninstance = (SELECT id FROM instance WHERE nom = 'P-n016-k08')), 30.87);
INSERT INTO route(ndepart, narrivee, distance) VALUES ( (SELECT id FROM point WHERE x=58 AND y=27 AND ninstance = (SELECT id FROM instance WHERE nom = 'P-n016-k08')), (SELECT id FROM point WHERE x=37 AND y=52 AND ninstance = (SELECT id FROM instance WHERE nom = 'P-n016-k08')), 32.64);
INSERT INTO route(ndepart, narrivee, distance) VALUES ( (SELECT id FROM point WHERE x=58 AND y=27 AND ninstance = (SELECT id FROM instance WHERE nom = 'P-n016-k08')), (SELECT id FROM point WHERE x=49 AND y=49 AND ninstance = (SELECT id FROM instance WHERE nom = 'P-n016-k08')), 23.76);
INSERT INTO route(ndepart, narrivee, distance) VALUES ( (SELECT id FROM point WHERE x=58 AND y=27 AND ninstance = (SELECT id FROM instance WHERE nom = 'P-n016-k08')), (SELECT id FROM point WHERE x=52 AND y=64 AND ninstance = (SELECT id FROM instance WHERE nom = 'P-n016-k08')), 37.48);
INSERT INTO route(ndepart, narrivee, distance) VALUES ( (SELECT id FROM point WHERE x=58 AND y=27 AND ninstance = (SELECT id FROM instance WHERE nom = 'P-n016-k08')), (SELECT id FROM point WHERE x=31 AND y=62 AND ninstance = (SELECT id FROM instance WHERE nom = 'P-n016-k08')), 44.2);
INSERT INTO route(ndepart, narrivee, distance) VALUES ( (SELECT id FROM point WHERE x=58 AND y=27 AND ninstance = (SELECT id FROM instance WHERE nom = 'P-n016-k08')), (SELECT id FROM point WHERE x=52 AND y=33 AND ninstance = (SELECT id FROM instance WHERE nom = 'P-n016-k08')), 8.48);
INSERT INTO route(ndepart, narrivee, distance) VALUES ( (SELECT id FROM point WHERE x=58 AND y=27 AND ninstance = (SELECT id FROM instance WHERE nom = 'P-n016-k08')), (SELECT id FROM point WHERE x=42 AND y=41 AND ninstance = (SELECT id FROM instance WHERE nom = 'P-n016-k08')), 21.26);
INSERT INTO route(ndepart, narrivee, distance) VALUES ( (SELECT id FROM point WHERE x=58 AND y=27 AND ninstance = (SELECT id FROM instance WHERE nom = 'P-n016-k08')), (SELECT id FROM point WHERE x=52 AND y=41 AND ninstance = (SELECT id FROM instance WHERE nom = 'P-n016-k08')), 15.23);
INSERT INTO route(ndepart, narrivee, distance) VALUES ( (SELECT id FROM point WHERE x=58 AND y=27 AND ninstance = (SELECT id FROM instance WHERE nom = 'P-n016-k08')), (SELECT id FROM point WHERE x=57 AND y=58 AND ninstance = (SELECT id FROM instance WHERE nom = 'P-n016-k08')), 31.01);
INSERT INTO route(ndepart, narrivee, distance) VALUES ( (SELECT id FROM point WHERE x=58 AND y=27 AND ninstance = (SELECT id FROM instance WHERE nom = 'P-n016-k08')), (SELECT id FROM point WHERE x=62 AND y=42 AND ninstance = (SELECT id FROM instance WHERE nom = 'P-n016-k08')), 15.52);
INSERT INTO route(ndepart, narrivee, distance) VALUES ( (SELECT id FROM point WHERE x=58 AND y=27 AND ninstance = (SELECT id FROM instance WHERE nom = 'P-n016-k08')), (SELECT id FROM point WHERE x=42 AND y=57 AND ninstance = (SELECT id FROM instance WHERE nom = 'P-n016-k08')), 34.0);
INSERT INTO route(ndepart, narrivee, distance) VALUES ( (SELECT id FROM point WHERE x=58 AND y=27 AND ninstance = (SELECT id FROM instance WHERE nom = 'P-n016-k08')), (SELECT id FROM point WHERE x=27 AND y=68 AND ninstance = (SELECT id FROM instance WHERE nom = 'P-n016-k08')), 51.4);
INSERT INTO route(ndepart, narrivee, distance) VALUES ( (SELECT id FROM point WHERE x=58 AND y=27 AND ninstance = (SELECT id FROM instance WHERE nom = 'P-n016-k08')), (SELECT id FROM point WHERE x=43 AND y=67 AND ninstance = (SELECT id FROM instance WHERE nom = 'P-n016-k08')), 42.72);
INSERT INTO route(ndepart, narrivee, distance) VALUES ( (SELECT id FROM point WHERE x=58 AND y=27 AND ninstance = (SELECT id FROM instance WHERE nom = 'P-n016-k08')), (SELECT id FROM point WHERE x=58 AND y=48 AND ninstance = (SELECT id FROM instance WHERE nom = 'P-n016-k08')), 21.0);
INSERT INTO route(ndepart, narrivee, distance) VALUES ( (SELECT id FROM point WHERE x=58 AND y=27 AND ninstance = (SELECT id FROM instance WHERE nom = 'P-n016-k08')), (SELECT id FROM point WHERE x=37 AND y=69 AND ninstance = (SELECT id FROM instance WHERE nom = 'P-n016-k08')), 46.95);
INSERT INTO route(ndepart, narrivee, distance) VALUES ( (SELECT id FROM point WHERE x=37 AND y=69 AND ninstance = (SELECT id FROM instance WHERE nom = 'P-n016-k08')), (SELECT id FROM point WHERE x=30 AND y=40 AND ninstance = (SELECT id FROM instance WHERE nom = 'P-n016-k08')), 29.83);
INSERT INTO route(ndepart, narrivee, distance) VALUES ( (SELECT id FROM point WHERE x=37 AND y=69 AND ninstance = (SELECT id FROM instance WHERE nom = 'P-n016-k08')), (SELECT id FROM point WHERE x=37 AND y=52 AND ninstance = (SELECT id FROM instance WHERE nom = 'P-n016-k08')), 17.0);
INSERT INTO route(ndepart, narrivee, distance) VALUES ( (SELECT id FROM point WHERE x=37 AND y=69 AND ninstance = (SELECT id FROM instance WHERE nom = 'P-n016-k08')), (SELECT id FROM point WHERE x=49 AND y=49 AND ninstance = (SELECT id FROM instance WHERE nom = 'P-n016-k08')), 23.32);
INSERT INTO route(ndepart, narrivee, distance) VALUES ( (SELECT id FROM point WHERE x=37 AND y=69 AND ninstance = (SELECT id FROM instance WHERE nom = 'P-n016-k08')), (SELECT id FROM point WHERE x=52 AND y=64 AND ninstance = (SELECT id FROM instance WHERE nom = 'P-n016-k08')), 15.81);
INSERT INTO route(ndepart, narrivee, distance) VALUES ( (SELECT id FROM point WHERE x=37 AND y=69 AND ninstance = (SELECT id FROM instance WHERE nom = 'P-n016-k08')), (SELECT id FROM point WHERE x=31 AND y=62 AND ninstance = (SELECT id FROM instance WHERE nom = 'P-n016-k08')), 9.21);
INSERT INTO route(ndepart, narrivee, distance) VALUES ( (SELECT id FROM point WHERE x=37 AND y=69 AND ninstance = (SELECT id FROM instance WHERE nom = 'P-n016-k08')), (SELECT id FROM point WHERE x=52 AND y=33 AND ninstance = (SELECT id FROM instance WHERE nom = 'P-n016-k08')), 39.0);
INSERT INTO route(ndepart, narrivee, distance) VALUES ( (SELECT id FROM point WHERE x=37 AND y=69 AND ninstance = (SELECT id FROM instance WHERE nom = 'P-n016-k08')), (SELECT id FROM point WHERE x=42 AND y=41 AND ninstance = (SELECT id FROM instance WHERE nom = 'P-n016-k08')), 28.44);
INSERT INTO route(ndepart, narrivee, distance) VALUES ( (SELECT id FROM point WHERE x=37 AND y=69 AND ninstance = (SELECT id FROM instance WHERE nom = 'P-n016-k08')), (SELECT id FROM point WHERE x=52 AND y=41 AND ninstance = (SELECT id FROM instance WHERE nom = 'P-n016-k08')), 31.76);
INSERT INTO route(ndepart, narrivee, distance) VALUES ( (SELECT id FROM point WHERE x=37 AND y=69 AND ninstance = (SELECT id FROM instance WHERE nom = 'P-n016-k08')), (SELECT id FROM point WHERE x=57 AND y=58 AND ninstance = (SELECT id FROM instance WHERE nom = 'P-n016-k08')), 22.82);
INSERT INTO route(ndepart, narrivee, distance) VALUES ( (SELECT id FROM point WHERE x=37 AND y=69 AND ninstance = (SELECT id FROM instance WHERE nom = 'P-n016-k08')), (SELECT id FROM point WHERE x=62 AND y=42 AND ninstance = (SELECT id FROM instance WHERE nom = 'P-n016-k08')), 36.79);
INSERT INTO route(ndepart, narrivee, distance) VALUES ( (SELECT id FROM point WHERE x=37 AND y=69 AND ninstance = (SELECT id FROM instance WHERE nom = 'P-n016-k08')), (SELECT id FROM point WHERE x=42 AND y=57 AND ninstance = (SELECT id FROM instance WHERE nom = 'P-n016-k08')), 13.0);
INSERT INTO route(ndepart, narrivee, distance) VALUES ( (SELECT id FROM point WHERE x=37 AND y=69 AND ninstance = (SELECT id FROM instance WHERE nom = 'P-n016-k08')), (SELECT id FROM point WHERE x=27 AND y=68 AND ninstance = (SELECT id FROM instance WHERE nom = 'P-n016-k08')), 10.04);
INSERT INTO route(ndepart, narrivee, distance) VALUES ( (SELECT id FROM point WHERE x=37 AND y=69 AND ninstance = (SELECT id FROM instance WHERE nom = 'P-n016-k08')), (SELECT id FROM point WHERE x=43 AND y=67 AND ninstance = (SELECT id FROM instance WHERE nom = 'P-n016-k08')), 6.32);
INSERT INTO route(ndepart, narrivee, distance) VALUES ( (SELECT id FROM point WHERE x=37 AND y=69 AND ninstance = (SELECT id FROM instance WHERE nom = 'P-n016-k08')), (SELECT id FROM point WHERE x=58 AND y=48 AND ninstance = (SELECT id FROM instance WHERE nom = 'P-n016-k08')), 29.69);
INSERT INTO route(ndepart, narrivee, distance) VALUES ( (SELECT id FROM point WHERE x=37 AND y=69 AND ninstance = (SELECT id FROM instance WHERE nom = 'P-n016-k08')), (SELECT id FROM point WHERE x=58 AND y=27 AND ninstance = (SELECT id FROM instance WHERE nom = 'P-n016-k08')), 46.95);

INSERT INTO planning(ninstance) VALUES ((SELECT id FROM instance WHERE nom = 'P-n016-k08'));

INSERT INTO vehicule(capacite, ndepot, ninstance) VALUES(35, (SELECT id FROM point WHERE x=30 AND y=40 AND ninstance = (SELECT id FROM instance WHERE nom = 'P-n016-k08')), (SELECT id FROM instance WHERE nom = 'P-n016-k08'));
INSERT INTO vehicule(capacite, ndepot, ninstance) VALUES(35, (SELECT id FROM point WHERE x=30 AND y=40 AND ninstance = (SELECT id FROM instance WHERE nom = 'P-n016-k08')), (SELECT id FROM instance WHERE nom = 'P-n016-k08'));
INSERT INTO vehicule(capacite, ndepot, ninstance) VALUES(35, (SELECT id FROM point WHERE x=30 AND y=40 AND ninstance = (SELECT id FROM instance WHERE nom = 'P-n016-k08')), (SELECT id FROM instance WHERE nom = 'P-n016-k08'));
INSERT INTO vehicule(capacite, ndepot, ninstance) VALUES(35, (SELECT id FROM point WHERE x=30 AND y=40 AND ninstance = (SELECT id FROM instance WHERE nom = 'P-n016-k08')), (SELECT id FROM instance WHERE nom = 'P-n016-k08'));
INSERT INTO vehicule(capacite, ndepot, ninstance) VALUES(35, (SELECT id FROM point WHERE x=30 AND y=40 AND ninstance = (SELECT id FROM instance WHERE nom = 'P-n016-k08')), (SELECT id FROM instance WHERE nom = 'P-n016-k08'));
INSERT INTO vehicule(capacite, ndepot, ninstance) VALUES(35, (SELECT id FROM point WHERE x=30 AND y=40 AND ninstance = (SELECT id FROM instance WHERE nom = 'P-n016-k08')), (SELECT id FROM instance WHERE nom = 'P-n016-k08'));
INSERT INTO vehicule(capacite, ndepot, ninstance) VALUES(35, (SELECT id FROM point WHERE x=30 AND y=40 AND ninstance = (SELECT id FROM instance WHERE nom = 'P-n016-k08')), (SELECT id FROM instance WHERE nom = 'P-n016-k08'));
INSERT INTO vehicule(capacite, ndepot, ninstance) VALUES(35, (SELECT id FROM point WHERE x=30 AND y=40 AND ninstance = (SELECT id FROM instance WHERE nom = 'P-n016-k08')), (SELECT id FROM instance WHERE nom = 'P-n016-k08'));
INSERT INTO vehicule(capacite, ndepot, ninstance) VALUES(35, (SELECT id FROM point WHERE x=30 AND y=40 AND ninstance = (SELECT id FROM instance WHERE nom = 'P-n016-k08')), (SELECT id FROM instance WHERE nom = 'P-n016-k08'));
INSERT INTO vehicule(capacite, ndepot, ninstance) VALUES(35, (SELECT id FROM point WHERE x=30 AND y=40 AND ninstance = (SELECT id FROM instance WHERE nom = 'P-n016-k08')), (SELECT id FROM instance WHERE nom = 'P-n016-k08'));
INSERT INTO vehicule(capacite, ndepot, ninstance) VALUES(35, (SELECT id FROM point WHERE x=30 AND y=40 AND ninstance = (SELECT id FROM instance WHERE nom = 'P-n016-k08')), (SELECT id FROM instance WHERE nom = 'P-n016-k08'));
INSERT INTO vehicule(capacite, ndepot, ninstance) VALUES(35, (SELECT id FROM point WHERE x=30 AND y=40 AND ninstance = (SELECT id FROM instance WHERE nom = 'P-n016-k08')), (SELECT id FROM instance WHERE nom = 'P-n016-k08'));
INSERT INTO vehicule(capacite, ndepot, ninstance) VALUES(35, (SELECT id FROM point WHERE x=30 AND y=40 AND ninstance = (SELECT id FROM instance WHERE nom = 'P-n016-k08')), (SELECT id FROM instance WHERE nom = 'P-n016-k08'));
INSERT INTO vehicule(capacite, ndepot, ninstance) VALUES(35, (SELECT id FROM point WHERE x=30 AND y=40 AND ninstance = (SELECT id FROM instance WHERE nom = 'P-n016-k08')), (SELECT id FROM instance WHERE nom = 'P-n016-k08'));
INSERT INTO vehicule(capacite, ndepot, ninstance) VALUES(35, (SELECT id FROM point WHERE x=30 AND y=40 AND ninstance = (SELECT id FROM instance WHERE nom = 'P-n016-k08')), (SELECT id FROM instance WHERE nom = 'P-n016-k08'));
