INSERT INTO instance(nom) VALUES ('P-n022-k08');

INSERT INTO point(pointtype, x, y, ninstance) VALUES (1, 145, 215, (SELECT id FROM instance WHERE nom = 'P-n022-k08'));
INSERT INTO depot(id) VALUES (SELECT id FROM point WHERE x=145 AND y=215 AND ninstance = (SELECT id FROM instance WHERE nom = 'P-n022-k08'));

INSERT INTO point(pointtype, x, y, ninstance) VALUES (2, 151, 264, (SELECT id FROM instance WHERE nom = 'P-n022-k08'));
INSERT INTO client(demand, id) VALUES (1100, (SELECT id FROM point WHERE x=151 AND y=264 AND ninstance = (SELECT id FROM instance WHERE nom = 'P-n022-k08')));
INSERT INTO point(pointtype, x, y, ninstance) VALUES (2, 159, 261, (SELECT id FROM instance WHERE nom = 'P-n022-k08'));
INSERT INTO client(demand, id) VALUES (700, (SELECT id FROM point WHERE x=159 AND y=261 AND ninstance = (SELECT id FROM instance WHERE nom = 'P-n022-k08')));
INSERT INTO point(pointtype, x, y, ninstance) VALUES (2, 130, 254, (SELECT id FROM instance WHERE nom = 'P-n022-k08'));
INSERT INTO client(demand, id) VALUES (800, (SELECT id FROM point WHERE x=130 AND y=254 AND ninstance = (SELECT id FROM instance WHERE nom = 'P-n022-k08')));
INSERT INTO point(pointtype, x, y, ninstance) VALUES (2, 128, 252, (SELECT id FROM instance WHERE nom = 'P-n022-k08'));
INSERT INTO client(demand, id) VALUES (1400, (SELECT id FROM point WHERE x=128 AND y=252 AND ninstance = (SELECT id FROM instance WHERE nom = 'P-n022-k08')));
INSERT INTO point(pointtype, x, y, ninstance) VALUES (2, 163, 247, (SELECT id FROM instance WHERE nom = 'P-n022-k08'));
INSERT INTO client(demand, id) VALUES (2100, (SELECT id FROM point WHERE x=163 AND y=247 AND ninstance = (SELECT id FROM instance WHERE nom = 'P-n022-k08')));
INSERT INTO point(pointtype, x, y, ninstance) VALUES (2, 146, 246, (SELECT id FROM instance WHERE nom = 'P-n022-k08'));
INSERT INTO client(demand, id) VALUES (400, (SELECT id FROM point WHERE x=146 AND y=246 AND ninstance = (SELECT id FROM instance WHERE nom = 'P-n022-k08')));
INSERT INTO point(pointtype, x, y, ninstance) VALUES (2, 161, 242, (SELECT id FROM instance WHERE nom = 'P-n022-k08'));
INSERT INTO client(demand, id) VALUES (800, (SELECT id FROM point WHERE x=161 AND y=242 AND ninstance = (SELECT id FROM instance WHERE nom = 'P-n022-k08')));
INSERT INTO point(pointtype, x, y, ninstance) VALUES (2, 142, 239, (SELECT id FROM instance WHERE nom = 'P-n022-k08'));
INSERT INTO client(demand, id) VALUES (100, (SELECT id FROM point WHERE x=142 AND y=239 AND ninstance = (SELECT id FROM instance WHERE nom = 'P-n022-k08')));
INSERT INTO point(pointtype, x, y, ninstance) VALUES (2, 163, 236, (SELECT id FROM instance WHERE nom = 'P-n022-k08'));
INSERT INTO client(demand, id) VALUES (500, (SELECT id FROM point WHERE x=163 AND y=236 AND ninstance = (SELECT id FROM instance WHERE nom = 'P-n022-k08')));
INSERT INTO point(pointtype, x, y, ninstance) VALUES (2, 148, 232, (SELECT id FROM instance WHERE nom = 'P-n022-k08'));
INSERT INTO client(demand, id) VALUES (600, (SELECT id FROM point WHERE x=148 AND y=232 AND ninstance = (SELECT id FROM instance WHERE nom = 'P-n022-k08')));
INSERT INTO point(pointtype, x, y, ninstance) VALUES (2, 128, 231, (SELECT id FROM instance WHERE nom = 'P-n022-k08'));
INSERT INTO client(demand, id) VALUES (1200, (SELECT id FROM point WHERE x=128 AND y=231 AND ninstance = (SELECT id FROM instance WHERE nom = 'P-n022-k08')));
INSERT INTO point(pointtype, x, y, ninstance) VALUES (2, 156, 217, (SELECT id FROM instance WHERE nom = 'P-n022-k08'));
INSERT INTO client(demand, id) VALUES (1300, (SELECT id FROM point WHERE x=156 AND y=217 AND ninstance = (SELECT id FROM instance WHERE nom = 'P-n022-k08')));
INSERT INTO point(pointtype, x, y, ninstance) VALUES (2, 129, 214, (SELECT id FROM instance WHERE nom = 'P-n022-k08'));
INSERT INTO client(demand, id) VALUES (1300, (SELECT id FROM point WHERE x=129 AND y=214 AND ninstance = (SELECT id FROM instance WHERE nom = 'P-n022-k08')));
INSERT INTO point(pointtype, x, y, ninstance) VALUES (2, 146, 208, (SELECT id FROM instance WHERE nom = 'P-n022-k08'));
INSERT INTO client(demand, id) VALUES (300, (SELECT id FROM point WHERE x=146 AND y=208 AND ninstance = (SELECT id FROM instance WHERE nom = 'P-n022-k08')));
INSERT INTO point(pointtype, x, y, ninstance) VALUES (2, 164, 208, (SELECT id FROM instance WHERE nom = 'P-n022-k08'));
INSERT INTO client(demand, id) VALUES (900, (SELECT id FROM point WHERE x=164 AND y=208 AND ninstance = (SELECT id FROM instance WHERE nom = 'P-n022-k08')));
INSERT INTO point(pointtype, x, y, ninstance) VALUES (2, 141, 206, (SELECT id FROM instance WHERE nom = 'P-n022-k08'));
INSERT INTO client(demand, id) VALUES (2100, (SELECT id FROM point WHERE x=141 AND y=206 AND ninstance = (SELECT id FROM instance WHERE nom = 'P-n022-k08')));
INSERT INTO point(pointtype, x, y, ninstance) VALUES (2, 147, 193, (SELECT id FROM instance WHERE nom = 'P-n022-k08'));
INSERT INTO client(demand, id) VALUES (1000, (SELECT id FROM point WHERE x=147 AND y=193 AND ninstance = (SELECT id FROM instance WHERE nom = 'P-n022-k08')));
INSERT INTO point(pointtype, x, y, ninstance) VALUES (2, 164, 193, (SELECT id FROM instance WHERE nom = 'P-n022-k08'));
INSERT INTO client(demand, id) VALUES (900, (SELECT id FROM point WHERE x=164 AND y=193 AND ninstance = (SELECT id FROM instance WHERE nom = 'P-n022-k08')));
INSERT INTO point(pointtype, x, y, ninstance) VALUES (2, 129, 189, (SELECT id FROM instance WHERE nom = 'P-n022-k08'));
INSERT INTO client(demand, id) VALUES (2500, (SELECT id FROM point WHERE x=129 AND y=189 AND ninstance = (SELECT id FROM instance WHERE nom = 'P-n022-k08')));
INSERT INTO point(pointtype, x, y, ninstance) VALUES (2, 155, 185, (SELECT id FROM instance WHERE nom = 'P-n022-k08'));
INSERT INTO client(demand, id) VALUES (1800, (SELECT id FROM point WHERE x=155 AND y=185 AND ninstance = (SELECT id FROM instance WHERE nom = 'P-n022-k08')));
INSERT INTO point(pointtype, x, y, ninstance) VALUES (2, 139, 182, (SELECT id FROM instance WHERE nom = 'P-n022-k08'));
INSERT INTO client(demand, id) VALUES (700, (SELECT id FROM point WHERE x=139 AND y=182 AND ninstance = (SELECT id FROM instance WHERE nom = 'P-n022-k08')));

INSERT INTO route(ndepart, narrivee, distance) VALUES ( (SELECT id FROM point WHERE x=145 AND y=215 AND ninstance = (SELECT id FROM instance WHERE nom = 'P-n022-k08')), (SELECT id FROM point WHERE x=151 AND y=264 AND ninstance = (SELECT id FROM instance WHERE nom = 'P-n022-k08')), 49.36);
INSERT INTO route(ndepart, narrivee, distance) VALUES ( (SELECT id FROM point WHERE x=145 AND y=215 AND ninstance = (SELECT id FROM instance WHERE nom = 'P-n022-k08')), (SELECT id FROM point WHERE x=159 AND y=261 AND ninstance = (SELECT id FROM instance WHERE nom = 'P-n022-k08')), 48.08);
INSERT INTO route(ndepart, narrivee, distance) VALUES ( (SELECT id FROM point WHERE x=145 AND y=215 AND ninstance = (SELECT id FROM instance WHERE nom = 'P-n022-k08')), (SELECT id FROM point WHERE x=130 AND y=254 AND ninstance = (SELECT id FROM instance WHERE nom = 'P-n022-k08')), 41.78);
INSERT INTO route(ndepart, narrivee, distance) VALUES ( (SELECT id FROM point WHERE x=145 AND y=215 AND ninstance = (SELECT id FROM instance WHERE nom = 'P-n022-k08')), (SELECT id FROM point WHERE x=128 AND y=252 AND ninstance = (SELECT id FROM instance WHERE nom = 'P-n022-k08')), 40.71);
INSERT INTO route(ndepart, narrivee, distance) VALUES ( (SELECT id FROM point WHERE x=145 AND y=215 AND ninstance = (SELECT id FROM instance WHERE nom = 'P-n022-k08')), (SELECT id FROM point WHERE x=163 AND y=247 AND ninstance = (SELECT id FROM instance WHERE nom = 'P-n022-k08')), 36.71);
INSERT INTO route(ndepart, narrivee, distance) VALUES ( (SELECT id FROM point WHERE x=145 AND y=215 AND ninstance = (SELECT id FROM instance WHERE nom = 'P-n022-k08')), (SELECT id FROM point WHERE x=146 AND y=246 AND ninstance = (SELECT id FROM instance WHERE nom = 'P-n022-k08')), 31.01);
INSERT INTO route(ndepart, narrivee, distance) VALUES ( (SELECT id FROM point WHERE x=145 AND y=215 AND ninstance = (SELECT id FROM instance WHERE nom = 'P-n022-k08')), (SELECT id FROM point WHERE x=161 AND y=242 AND ninstance = (SELECT id FROM instance WHERE nom = 'P-n022-k08')), 31.38);
INSERT INTO route(ndepart, narrivee, distance) VALUES ( (SELECT id FROM point WHERE x=145 AND y=215 AND ninstance = (SELECT id FROM instance WHERE nom = 'P-n022-k08')), (SELECT id FROM point WHERE x=142 AND y=239 AND ninstance = (SELECT id FROM instance WHERE nom = 'P-n022-k08')), 24.18);
INSERT INTO route(ndepart, narrivee, distance) VALUES ( (SELECT id FROM point WHERE x=145 AND y=215 AND ninstance = (SELECT id FROM instance WHERE nom = 'P-n022-k08')), (SELECT id FROM point WHERE x=163 AND y=236 AND ninstance = (SELECT id FROM instance WHERE nom = 'P-n022-k08')), 27.65);
INSERT INTO route(ndepart, narrivee, distance) VALUES ( (SELECT id FROM point WHERE x=145 AND y=215 AND ninstance = (SELECT id FROM instance WHERE nom = 'P-n022-k08')), (SELECT id FROM point WHERE x=148 AND y=232 AND ninstance = (SELECT id FROM instance WHERE nom = 'P-n022-k08')), 17.26);
INSERT INTO route(ndepart, narrivee, distance) VALUES ( (SELECT id FROM point WHERE x=145 AND y=215 AND ninstance = (SELECT id FROM instance WHERE nom = 'P-n022-k08')), (SELECT id FROM point WHERE x=128 AND y=231 AND ninstance = (SELECT id FROM instance WHERE nom = 'P-n022-k08')), 23.34);
INSERT INTO route(ndepart, narrivee, distance) VALUES ( (SELECT id FROM point WHERE x=145 AND y=215 AND ninstance = (SELECT id FROM instance WHERE nom = 'P-n022-k08')), (SELECT id FROM point WHERE x=156 AND y=217 AND ninstance = (SELECT id FROM instance WHERE nom = 'P-n022-k08')), 11.18);
INSERT INTO route(ndepart, narrivee, distance) VALUES ( (SELECT id FROM point WHERE x=145 AND y=215 AND ninstance = (SELECT id FROM instance WHERE nom = 'P-n022-k08')), (SELECT id FROM point WHERE x=129 AND y=214 AND ninstance = (SELECT id FROM instance WHERE nom = 'P-n022-k08')), 16.03);
INSERT INTO route(ndepart, narrivee, distance) VALUES ( (SELECT id FROM point WHERE x=145 AND y=215 AND ninstance = (SELECT id FROM instance WHERE nom = 'P-n022-k08')), (SELECT id FROM point WHERE x=146 AND y=208 AND ninstance = (SELECT id FROM instance WHERE nom = 'P-n022-k08')), 7.07);
INSERT INTO route(ndepart, narrivee, distance) VALUES ( (SELECT id FROM point WHERE x=145 AND y=215 AND ninstance = (SELECT id FROM instance WHERE nom = 'P-n022-k08')), (SELECT id FROM point WHERE x=164 AND y=208 AND ninstance = (SELECT id FROM instance WHERE nom = 'P-n022-k08')), 20.24);
INSERT INTO route(ndepart, narrivee, distance) VALUES ( (SELECT id FROM point WHERE x=145 AND y=215 AND ninstance = (SELECT id FROM instance WHERE nom = 'P-n022-k08')), (SELECT id FROM point WHERE x=141 AND y=206 AND ninstance = (SELECT id FROM instance WHERE nom = 'P-n022-k08')), 9.84);
INSERT INTO route(ndepart, narrivee, distance) VALUES ( (SELECT id FROM point WHERE x=145 AND y=215 AND ninstance = (SELECT id FROM instance WHERE nom = 'P-n022-k08')), (SELECT id FROM point WHERE x=147 AND y=193 AND ninstance = (SELECT id FROM instance WHERE nom = 'P-n022-k08')), 22.09);
INSERT INTO route(ndepart, narrivee, distance) VALUES ( (SELECT id FROM point WHERE x=145 AND y=215 AND ninstance = (SELECT id FROM instance WHERE nom = 'P-n022-k08')), (SELECT id FROM point WHERE x=164 AND y=193 AND ninstance = (SELECT id FROM instance WHERE nom = 'P-n022-k08')), 29.06);
INSERT INTO route(ndepart, narrivee, distance) VALUES ( (SELECT id FROM point WHERE x=145 AND y=215 AND ninstance = (SELECT id FROM instance WHERE nom = 'P-n022-k08')), (SELECT id FROM point WHERE x=129 AND y=189 AND ninstance = (SELECT id FROM instance WHERE nom = 'P-n022-k08')), 30.52);
INSERT INTO route(ndepart, narrivee, distance) VALUES ( (SELECT id FROM point WHERE x=145 AND y=215 AND ninstance = (SELECT id FROM instance WHERE nom = 'P-n022-k08')), (SELECT id FROM point WHERE x=155 AND y=185 AND ninstance = (SELECT id FROM instance WHERE nom = 'P-n022-k08')), 31.62);
INSERT INTO route(ndepart, narrivee, distance) VALUES ( (SELECT id FROM point WHERE x=145 AND y=215 AND ninstance = (SELECT id FROM instance WHERE nom = 'P-n022-k08')), (SELECT id FROM point WHERE x=139 AND y=182 AND ninstance = (SELECT id FROM instance WHERE nom = 'P-n022-k08')), 33.54);
INSERT INTO route(ndepart, narrivee, distance) VALUES ( (SELECT id FROM point WHERE x=151 AND y=264 AND ninstance = (SELECT id FROM instance WHERE nom = 'P-n022-k08')), (SELECT id FROM point WHERE x=145 AND y=215 AND ninstance = (SELECT id FROM instance WHERE nom = 'P-n022-k08')), 49.36);
INSERT INTO route(ndepart, narrivee, distance) VALUES ( (SELECT id FROM point WHERE x=151 AND y=264 AND ninstance = (SELECT id FROM instance WHERE nom = 'P-n022-k08')), (SELECT id FROM point WHERE x=159 AND y=261 AND ninstance = (SELECT id FROM instance WHERE nom = 'P-n022-k08')), 8.54);
INSERT INTO route(ndepart, narrivee, distance) VALUES ( (SELECT id FROM point WHERE x=151 AND y=264 AND ninstance = (SELECT id FROM instance WHERE nom = 'P-n022-k08')), (SELECT id FROM point WHERE x=130 AND y=254 AND ninstance = (SELECT id FROM instance WHERE nom = 'P-n022-k08')), 23.25);
INSERT INTO route(ndepart, narrivee, distance) VALUES ( (SELECT id FROM point WHERE x=151 AND y=264 AND ninstance = (SELECT id FROM instance WHERE nom = 'P-n022-k08')), (SELECT id FROM point WHERE x=128 AND y=252 AND ninstance = (SELECT id FROM instance WHERE nom = 'P-n022-k08')), 25.94);
INSERT INTO route(ndepart, narrivee, distance) VALUES ( (SELECT id FROM point WHERE x=151 AND y=264 AND ninstance = (SELECT id FROM instance WHERE nom = 'P-n022-k08')), (SELECT id FROM point WHERE x=163 AND y=247 AND ninstance = (SELECT id FROM instance WHERE nom = 'P-n022-k08')), 20.8);
INSERT INTO route(ndepart, narrivee, distance) VALUES ( (SELECT id FROM point WHERE x=151 AND y=264 AND ninstance = (SELECT id FROM instance WHERE nom = 'P-n022-k08')), (SELECT id FROM point WHERE x=146 AND y=246 AND ninstance = (SELECT id FROM instance WHERE nom = 'P-n022-k08')), 18.68);
INSERT INTO route(ndepart, narrivee, distance) VALUES ( (SELECT id FROM point WHERE x=151 AND y=264 AND ninstance = (SELECT id FROM instance WHERE nom = 'P-n022-k08')), (SELECT id FROM point WHERE x=161 AND y=242 AND ninstance = (SELECT id FROM instance WHERE nom = 'P-n022-k08')), 24.16);
INSERT INTO route(ndepart, narrivee, distance) VALUES ( (SELECT id FROM point WHERE x=151 AND y=264 AND ninstance = (SELECT id FROM instance WHERE nom = 'P-n022-k08')), (SELECT id FROM point WHERE x=142 AND y=239 AND ninstance = (SELECT id FROM instance WHERE nom = 'P-n022-k08')), 26.57);
INSERT INTO route(ndepart, narrivee, distance) VALUES ( (SELECT id FROM point WHERE x=151 AND y=264 AND ninstance = (SELECT id FROM instance WHERE nom = 'P-n022-k08')), (SELECT id FROM point WHERE x=163 AND y=236 AND ninstance = (SELECT id FROM instance WHERE nom = 'P-n022-k08')), 30.46);
INSERT INTO route(ndepart, narrivee, distance) VALUES ( (SELECT id FROM point WHERE x=151 AND y=264 AND ninstance = (SELECT id FROM instance WHERE nom = 'P-n022-k08')), (SELECT id FROM point WHERE x=148 AND y=232 AND ninstance = (SELECT id FROM instance WHERE nom = 'P-n022-k08')), 32.14);
INSERT INTO route(ndepart, narrivee, distance) VALUES ( (SELECT id FROM point WHERE x=151 AND y=264 AND ninstance = (SELECT id FROM instance WHERE nom = 'P-n022-k08')), (SELECT id FROM point WHERE x=128 AND y=231 AND ninstance = (SELECT id FROM instance WHERE nom = 'P-n022-k08')), 40.22);
INSERT INTO route(ndepart, narrivee, distance) VALUES ( (SELECT id FROM point WHERE x=151 AND y=264 AND ninstance = (SELECT id FROM instance WHERE nom = 'P-n022-k08')), (SELECT id FROM point WHERE x=156 AND y=217 AND ninstance = (SELECT id FROM instance WHERE nom = 'P-n022-k08')), 47.26);
INSERT INTO route(ndepart, narrivee, distance) VALUES ( (SELECT id FROM point WHERE x=151 AND y=264 AND ninstance = (SELECT id FROM instance WHERE nom = 'P-n022-k08')), (SELECT id FROM point WHERE x=129 AND y=214 AND ninstance = (SELECT id FROM instance WHERE nom = 'P-n022-k08')), 54.62);
INSERT INTO route(ndepart, narrivee, distance) VALUES ( (SELECT id FROM point WHERE x=151 AND y=264 AND ninstance = (SELECT id FROM instance WHERE nom = 'P-n022-k08')), (SELECT id FROM point WHERE x=146 AND y=208 AND ninstance = (SELECT id FROM instance WHERE nom = 'P-n022-k08')), 56.22);
INSERT INTO route(ndepart, narrivee, distance) VALUES ( (SELECT id FROM point WHERE x=151 AND y=264 AND ninstance = (SELECT id FROM instance WHERE nom = 'P-n022-k08')), (SELECT id FROM point WHERE x=164 AND y=208 AND ninstance = (SELECT id FROM instance WHERE nom = 'P-n022-k08')), 57.48);
INSERT INTO route(ndepart, narrivee, distance) VALUES ( (SELECT id FROM point WHERE x=151 AND y=264 AND ninstance = (SELECT id FROM instance WHERE nom = 'P-n022-k08')), (SELECT id FROM point WHERE x=141 AND y=206 AND ninstance = (SELECT id FROM instance WHERE nom = 'P-n022-k08')), 58.85);
INSERT INTO route(ndepart, narrivee, distance) VALUES ( (SELECT id FROM point WHERE x=151 AND y=264 AND ninstance = (SELECT id FROM instance WHERE nom = 'P-n022-k08')), (SELECT id FROM point WHERE x=147 AND y=193 AND ninstance = (SELECT id FROM instance WHERE nom = 'P-n022-k08')), 71.11);
INSERT INTO route(ndepart, narrivee, distance) VALUES ( (SELECT id FROM point WHERE x=151 AND y=264 AND ninstance = (SELECT id FROM instance WHERE nom = 'P-n022-k08')), (SELECT id FROM point WHERE x=164 AND y=193 AND ninstance = (SELECT id FROM instance WHERE nom = 'P-n022-k08')), 72.18);
INSERT INTO route(ndepart, narrivee, distance) VALUES ( (SELECT id FROM point WHERE x=151 AND y=264 AND ninstance = (SELECT id FROM instance WHERE nom = 'P-n022-k08')), (SELECT id FROM point WHERE x=129 AND y=189 AND ninstance = (SELECT id FROM instance WHERE nom = 'P-n022-k08')), 78.16);
INSERT INTO route(ndepart, narrivee, distance) VALUES ( (SELECT id FROM point WHERE x=151 AND y=264 AND ninstance = (SELECT id FROM instance WHERE nom = 'P-n022-k08')), (SELECT id FROM point WHERE x=155 AND y=185 AND ninstance = (SELECT id FROM instance WHERE nom = 'P-n022-k08')), 79.1);
INSERT INTO route(ndepart, narrivee, distance) VALUES ( (SELECT id FROM point WHERE x=151 AND y=264 AND ninstance = (SELECT id FROM instance WHERE nom = 'P-n022-k08')), (SELECT id FROM point WHERE x=139 AND y=182 AND ninstance = (SELECT id FROM instance WHERE nom = 'P-n022-k08')), 82.87);
INSERT INTO route(ndepart, narrivee, distance) VALUES ( (SELECT id FROM point WHERE x=159 AND y=261 AND ninstance = (SELECT id FROM instance WHERE nom = 'P-n022-k08')), (SELECT id FROM point WHERE x=145 AND y=215 AND ninstance = (SELECT id FROM instance WHERE nom = 'P-n022-k08')), 48.08);
INSERT INTO route(ndepart, narrivee, distance) VALUES ( (SELECT id FROM point WHERE x=159 AND y=261 AND ninstance = (SELECT id FROM instance WHERE nom = 'P-n022-k08')), (SELECT id FROM point WHERE x=151 AND y=264 AND ninstance = (SELECT id FROM instance WHERE nom = 'P-n022-k08')), 8.54);
INSERT INTO route(ndepart, narrivee, distance) VALUES ( (SELECT id FROM point WHERE x=159 AND y=261 AND ninstance = (SELECT id FROM instance WHERE nom = 'P-n022-k08')), (SELECT id FROM point WHERE x=130 AND y=254 AND ninstance = (SELECT id FROM instance WHERE nom = 'P-n022-k08')), 29.83);
INSERT INTO route(ndepart, narrivee, distance) VALUES ( (SELECT id FROM point WHERE x=159 AND y=261 AND ninstance = (SELECT id FROM instance WHERE nom = 'P-n022-k08')), (SELECT id FROM point WHERE x=128 AND y=252 AND ninstance = (SELECT id FROM instance WHERE nom = 'P-n022-k08')), 32.28);
INSERT INTO route(ndepart, narrivee, distance) VALUES ( (SELECT id FROM point WHERE x=159 AND y=261 AND ninstance = (SELECT id FROM instance WHERE nom = 'P-n022-k08')), (SELECT id FROM point WHERE x=163 AND y=247 AND ninstance = (SELECT id FROM instance WHERE nom = 'P-n022-k08')), 14.56);
INSERT INTO route(ndepart, narrivee, distance) VALUES ( (SELECT id FROM point WHERE x=159 AND y=261 AND ninstance = (SELECT id FROM instance WHERE nom = 'P-n022-k08')), (SELECT id FROM point WHERE x=146 AND y=246 AND ninstance = (SELECT id FROM instance WHERE nom = 'P-n022-k08')), 19.84);
INSERT INTO route(ndepart, narrivee, distance) VALUES ( (SELECT id FROM point WHERE x=159 AND y=261 AND ninstance = (SELECT id FROM instance WHERE nom = 'P-n022-k08')), (SELECT id FROM point WHERE x=161 AND y=242 AND ninstance = (SELECT id FROM instance WHERE nom = 'P-n022-k08')), 19.1);
INSERT INTO route(ndepart, narrivee, distance) VALUES ( (SELECT id FROM point WHERE x=159 AND y=261 AND ninstance = (SELECT id FROM instance WHERE nom = 'P-n022-k08')), (SELECT id FROM point WHERE x=142 AND y=239 AND ninstance = (SELECT id FROM instance WHERE nom = 'P-n022-k08')), 27.8);
INSERT INTO route(ndepart, narrivee, distance) VALUES ( (SELECT id FROM point WHERE x=159 AND y=261 AND ninstance = (SELECT id FROM instance WHERE nom = 'P-n022-k08')), (SELECT id FROM point WHERE x=163 AND y=236 AND ninstance = (SELECT id FROM instance WHERE nom = 'P-n022-k08')), 25.31);
INSERT INTO route(ndepart, narrivee, distance) VALUES ( (SELECT id FROM point WHERE x=159 AND y=261 AND ninstance = (SELECT id FROM instance WHERE nom = 'P-n022-k08')), (SELECT id FROM point WHERE x=148 AND y=232 AND ninstance = (SELECT id FROM instance WHERE nom = 'P-n022-k08')), 31.01);
INSERT INTO route(ndepart, narrivee, distance) VALUES ( (SELECT id FROM point WHERE x=159 AND y=261 AND ninstance = (SELECT id FROM instance WHERE nom = 'P-n022-k08')), (SELECT id FROM point WHERE x=128 AND y=231 AND ninstance = (SELECT id FROM instance WHERE nom = 'P-n022-k08')), 43.13);
INSERT INTO route(ndepart, narrivee, distance) VALUES ( (SELECT id FROM point WHERE x=159 AND y=261 AND ninstance = (SELECT id FROM instance WHERE nom = 'P-n022-k08')), (SELECT id FROM point WHERE x=156 AND y=217 AND ninstance = (SELECT id FROM instance WHERE nom = 'P-n022-k08')), 44.1);
INSERT INTO route(ndepart, narrivee, distance) VALUES ( (SELECT id FROM point WHERE x=159 AND y=261 AND ninstance = (SELECT id FROM instance WHERE nom = 'P-n022-k08')), (SELECT id FROM point WHERE x=129 AND y=214 AND ninstance = (SELECT id FROM instance WHERE nom = 'P-n022-k08')), 55.75);
INSERT INTO route(ndepart, narrivee, distance) VALUES ( (SELECT id FROM point WHERE x=159 AND y=261 AND ninstance = (SELECT id FROM instance WHERE nom = 'P-n022-k08')), (SELECT id FROM point WHERE x=146 AND y=208 AND ninstance = (SELECT id FROM instance WHERE nom = 'P-n022-k08')), 54.57);
INSERT INTO route(ndepart, narrivee, distance) VALUES ( (SELECT id FROM point WHERE x=159 AND y=261 AND ninstance = (SELECT id FROM instance WHERE nom = 'P-n022-k08')), (SELECT id FROM point WHERE x=164 AND y=208 AND ninstance = (SELECT id FROM instance WHERE nom = 'P-n022-k08')), 53.23);
INSERT INTO route(ndepart, narrivee, distance) VALUES ( (SELECT id FROM point WHERE x=159 AND y=261 AND ninstance = (SELECT id FROM instance WHERE nom = 'P-n022-k08')), (SELECT id FROM point WHERE x=141 AND y=206 AND ninstance = (SELECT id FROM instance WHERE nom = 'P-n022-k08')), 57.87);
INSERT INTO route(ndepart, narrivee, distance) VALUES ( (SELECT id FROM point WHERE x=159 AND y=261 AND ninstance = (SELECT id FROM instance WHERE nom = 'P-n022-k08')), (SELECT id FROM point WHERE x=147 AND y=193 AND ninstance = (SELECT id FROM instance WHERE nom = 'P-n022-k08')), 69.05);
INSERT INTO route(ndepart, narrivee, distance) VALUES ( (SELECT id FROM point WHERE x=159 AND y=261 AND ninstance = (SELECT id FROM instance WHERE nom = 'P-n022-k08')), (SELECT id FROM point WHERE x=164 AND y=193 AND ninstance = (SELECT id FROM instance WHERE nom = 'P-n022-k08')), 68.18);
INSERT INTO route(ndepart, narrivee, distance) VALUES ( (SELECT id FROM point WHERE x=159 AND y=261 AND ninstance = (SELECT id FROM instance WHERE nom = 'P-n022-k08')), (SELECT id FROM point WHERE x=129 AND y=189 AND ninstance = (SELECT id FROM instance WHERE nom = 'P-n022-k08')), 78.0);
INSERT INTO route(ndepart, narrivee, distance) VALUES ( (SELECT id FROM point WHERE x=159 AND y=261 AND ninstance = (SELECT id FROM instance WHERE nom = 'P-n022-k08')), (SELECT id FROM point WHERE x=155 AND y=185 AND ninstance = (SELECT id FROM instance WHERE nom = 'P-n022-k08')), 76.1);
INSERT INTO route(ndepart, narrivee, distance) VALUES ( (SELECT id FROM point WHERE x=159 AND y=261 AND ninstance = (SELECT id FROM instance WHERE nom = 'P-n022-k08')), (SELECT id FROM point WHERE x=139 AND y=182 AND ninstance = (SELECT id FROM instance WHERE nom = 'P-n022-k08')), 81.49);
INSERT INTO route(ndepart, narrivee, distance) VALUES ( (SELECT id FROM point WHERE x=130 AND y=254 AND ninstance = (SELECT id FROM instance WHERE nom = 'P-n022-k08')), (SELECT id FROM point WHERE x=145 AND y=215 AND ninstance = (SELECT id FROM instance WHERE nom = 'P-n022-k08')), 41.78);
INSERT INTO route(ndepart, narrivee, distance) VALUES ( (SELECT id FROM point WHERE x=130 AND y=254 AND ninstance = (SELECT id FROM instance WHERE nom = 'P-n022-k08')), (SELECT id FROM point WHERE x=151 AND y=264 AND ninstance = (SELECT id FROM instance WHERE nom = 'P-n022-k08')), 23.25);
INSERT INTO route(ndepart, narrivee, distance) VALUES ( (SELECT id FROM point WHERE x=130 AND y=254 AND ninstance = (SELECT id FROM instance WHERE nom = 'P-n022-k08')), (SELECT id FROM point WHERE x=159 AND y=261 AND ninstance = (SELECT id FROM instance WHERE nom = 'P-n022-k08')), 29.83);
INSERT INTO route(ndepart, narrivee, distance) VALUES ( (SELECT id FROM point WHERE x=130 AND y=254 AND ninstance = (SELECT id FROM instance WHERE nom = 'P-n022-k08')), (SELECT id FROM point WHERE x=128 AND y=252 AND ninstance = (SELECT id FROM instance WHERE nom = 'P-n022-k08')), 2.82);
INSERT INTO route(ndepart, narrivee, distance) VALUES ( (SELECT id FROM point WHERE x=130 AND y=254 AND ninstance = (SELECT id FROM instance WHERE nom = 'P-n022-k08')), (SELECT id FROM point WHERE x=163 AND y=247 AND ninstance = (SELECT id FROM instance WHERE nom = 'P-n022-k08')), 33.73);
INSERT INTO route(ndepart, narrivee, distance) VALUES ( (SELECT id FROM point WHERE x=130 AND y=254 AND ninstance = (SELECT id FROM instance WHERE nom = 'P-n022-k08')), (SELECT id FROM point WHERE x=146 AND y=246 AND ninstance = (SELECT id FROM instance WHERE nom = 'P-n022-k08')), 17.88);
INSERT INTO route(ndepart, narrivee, distance) VALUES ( (SELECT id FROM point WHERE x=130 AND y=254 AND ninstance = (SELECT id FROM instance WHERE nom = 'P-n022-k08')), (SELECT id FROM point WHERE x=161 AND y=242 AND ninstance = (SELECT id FROM instance WHERE nom = 'P-n022-k08')), 33.24);
INSERT INTO route(ndepart, narrivee, distance) VALUES ( (SELECT id FROM point WHERE x=130 AND y=254 AND ninstance = (SELECT id FROM instance WHERE nom = 'P-n022-k08')), (SELECT id FROM point WHERE x=142 AND y=239 AND ninstance = (SELECT id FROM instance WHERE nom = 'P-n022-k08')), 19.2);
INSERT INTO route(ndepart, narrivee, distance) VALUES ( (SELECT id FROM point WHERE x=130 AND y=254 AND ninstance = (SELECT id FROM instance WHERE nom = 'P-n022-k08')), (SELECT id FROM point WHERE x=163 AND y=236 AND ninstance = (SELECT id FROM instance WHERE nom = 'P-n022-k08')), 37.58);
INSERT INTO route(ndepart, narrivee, distance) VALUES ( (SELECT id FROM point WHERE x=130 AND y=254 AND ninstance = (SELECT id FROM instance WHERE nom = 'P-n022-k08')), (SELECT id FROM point WHERE x=148 AND y=232 AND ninstance = (SELECT id FROM instance WHERE nom = 'P-n022-k08')), 28.42);
INSERT INTO route(ndepart, narrivee, distance) VALUES ( (SELECT id FROM point WHERE x=130 AND y=254 AND ninstance = (SELECT id FROM instance WHERE nom = 'P-n022-k08')), (SELECT id FROM point WHERE x=128 AND y=231 AND ninstance = (SELECT id FROM instance WHERE nom = 'P-n022-k08')), 23.08);
INSERT INTO route(ndepart, narrivee, distance) VALUES ( (SELECT id FROM point WHERE x=130 AND y=254 AND ninstance = (SELECT id FROM instance WHERE nom = 'P-n022-k08')), (SELECT id FROM point WHERE x=156 AND y=217 AND ninstance = (SELECT id FROM instance WHERE nom = 'P-n022-k08')), 45.22);
INSERT INTO route(ndepart, narrivee, distance) VALUES ( (SELECT id FROM point WHERE x=130 AND y=254 AND ninstance = (SELECT id FROM instance WHERE nom = 'P-n022-k08')), (SELECT id FROM point WHERE x=129 AND y=214 AND ninstance = (SELECT id FROM instance WHERE nom = 'P-n022-k08')), 40.01);
INSERT INTO route(ndepart, narrivee, distance) VALUES ( (SELECT id FROM point WHERE x=130 AND y=254 AND ninstance = (SELECT id FROM instance WHERE nom = 'P-n022-k08')), (SELECT id FROM point WHERE x=146 AND y=208 AND ninstance = (SELECT id FROM instance WHERE nom = 'P-n022-k08')), 48.7);
INSERT INTO route(ndepart, narrivee, distance) VALUES ( (SELECT id FROM point WHERE x=130 AND y=254 AND ninstance = (SELECT id FROM instance WHERE nom = 'P-n022-k08')), (SELECT id FROM point WHERE x=164 AND y=208 AND ninstance = (SELECT id FROM instance WHERE nom = 'P-n022-k08')), 57.2);
INSERT INTO route(ndepart, narrivee, distance) VALUES ( (SELECT id FROM point WHERE x=130 AND y=254 AND ninstance = (SELECT id FROM instance WHERE nom = 'P-n022-k08')), (SELECT id FROM point WHERE x=141 AND y=206 AND ninstance = (SELECT id FROM instance WHERE nom = 'P-n022-k08')), 49.24);
INSERT INTO route(ndepart, narrivee, distance) VALUES ( (SELECT id FROM point WHERE x=130 AND y=254 AND ninstance = (SELECT id FROM instance WHERE nom = 'P-n022-k08')), (SELECT id FROM point WHERE x=147 AND y=193 AND ninstance = (SELECT id FROM instance WHERE nom = 'P-n022-k08')), 63.32);
INSERT INTO route(ndepart, narrivee, distance) VALUES ( (SELECT id FROM point WHERE x=130 AND y=254 AND ninstance = (SELECT id FROM instance WHERE nom = 'P-n022-k08')), (SELECT id FROM point WHERE x=164 AND y=193 AND ninstance = (SELECT id FROM instance WHERE nom = 'P-n022-k08')), 69.83);
INSERT INTO route(ndepart, narrivee, distance) VALUES ( (SELECT id FROM point WHERE x=130 AND y=254 AND ninstance = (SELECT id FROM instance WHERE nom = 'P-n022-k08')), (SELECT id FROM point WHERE x=129 AND y=189 AND ninstance = (SELECT id FROM instance WHERE nom = 'P-n022-k08')), 65.0);
INSERT INTO route(ndepart, narrivee, distance) VALUES ( (SELECT id FROM point WHERE x=130 AND y=254 AND ninstance = (SELECT id FROM instance WHERE nom = 'P-n022-k08')), (SELECT id FROM point WHERE x=155 AND y=185 AND ninstance = (SELECT id FROM instance WHERE nom = 'P-n022-k08')), 73.38);
INSERT INTO route(ndepart, narrivee, distance) VALUES ( (SELECT id FROM point WHERE x=130 AND y=254 AND ninstance = (SELECT id FROM instance WHERE nom = 'P-n022-k08')), (SELECT id FROM point WHERE x=139 AND y=182 AND ninstance = (SELECT id FROM instance WHERE nom = 'P-n022-k08')), 72.56);
INSERT INTO route(ndepart, narrivee, distance) VALUES ( (SELECT id FROM point WHERE x=128 AND y=252 AND ninstance = (SELECT id FROM instance WHERE nom = 'P-n022-k08')), (SELECT id FROM point WHERE x=145 AND y=215 AND ninstance = (SELECT id FROM instance WHERE nom = 'P-n022-k08')), 40.71);
INSERT INTO route(ndepart, narrivee, distance) VALUES ( (SELECT id FROM point WHERE x=128 AND y=252 AND ninstance = (SELECT id FROM instance WHERE nom = 'P-n022-k08')), (SELECT id FROM point WHERE x=151 AND y=264 AND ninstance = (SELECT id FROM instance WHERE nom = 'P-n022-k08')), 25.94);
INSERT INTO route(ndepart, narrivee, distance) VALUES ( (SELECT id FROM point WHERE x=128 AND y=252 AND ninstance = (SELECT id FROM instance WHERE nom = 'P-n022-k08')), (SELECT id FROM point WHERE x=159 AND y=261 AND ninstance = (SELECT id FROM instance WHERE nom = 'P-n022-k08')), 32.28);
INSERT INTO route(ndepart, narrivee, distance) VALUES ( (SELECT id FROM point WHERE x=128 AND y=252 AND ninstance = (SELECT id FROM instance WHERE nom = 'P-n022-k08')), (SELECT id FROM point WHERE x=130 AND y=254 AND ninstance = (SELECT id FROM instance WHERE nom = 'P-n022-k08')), 2.82);
INSERT INTO route(ndepart, narrivee, distance) VALUES ( (SELECT id FROM point WHERE x=128 AND y=252 AND ninstance = (SELECT id FROM instance WHERE nom = 'P-n022-k08')), (SELECT id FROM point WHERE x=163 AND y=247 AND ninstance = (SELECT id FROM instance WHERE nom = 'P-n022-k08')), 35.35);
INSERT INTO route(ndepart, narrivee, distance) VALUES ( (SELECT id FROM point WHERE x=128 AND y=252 AND ninstance = (SELECT id FROM instance WHERE nom = 'P-n022-k08')), (SELECT id FROM point WHERE x=146 AND y=246 AND ninstance = (SELECT id FROM instance WHERE nom = 'P-n022-k08')), 18.97);
INSERT INTO route(ndepart, narrivee, distance) VALUES ( (SELECT id FROM point WHERE x=128 AND y=252 AND ninstance = (SELECT id FROM instance WHERE nom = 'P-n022-k08')), (SELECT id FROM point WHERE x=161 AND y=242 AND ninstance = (SELECT id FROM instance WHERE nom = 'P-n022-k08')), 34.48);
INSERT INTO route(ndepart, narrivee, distance) VALUES ( (SELECT id FROM point WHERE x=128 AND y=252 AND ninstance = (SELECT id FROM instance WHERE nom = 'P-n022-k08')), (SELECT id FROM point WHERE x=142 AND y=239 AND ninstance = (SELECT id FROM instance WHERE nom = 'P-n022-k08')), 19.1);
INSERT INTO route(ndepart, narrivee, distance) VALUES ( (SELECT id FROM point WHERE x=128 AND y=252 AND ninstance = (SELECT id FROM instance WHERE nom = 'P-n022-k08')), (SELECT id FROM point WHERE x=163 AND y=236 AND ninstance = (SELECT id FROM instance WHERE nom = 'P-n022-k08')), 38.48);
INSERT INTO route(ndepart, narrivee, distance) VALUES ( (SELECT id FROM point WHERE x=128 AND y=252 AND ninstance = (SELECT id FROM instance WHERE nom = 'P-n022-k08')), (SELECT id FROM point WHERE x=148 AND y=232 AND ninstance = (SELECT id FROM instance WHERE nom = 'P-n022-k08')), 28.28);
INSERT INTO route(ndepart, narrivee, distance) VALUES ( (SELECT id FROM point WHERE x=128 AND y=252 AND ninstance = (SELECT id FROM instance WHERE nom = 'P-n022-k08')), (SELECT id FROM point WHERE x=128 AND y=231 AND ninstance = (SELECT id FROM instance WHERE nom = 'P-n022-k08')), 21.0);
INSERT INTO route(ndepart, narrivee, distance) VALUES ( (SELECT id FROM point WHERE x=128 AND y=252 AND ninstance = (SELECT id FROM instance WHERE nom = 'P-n022-k08')), (SELECT id FROM point WHERE x=156 AND y=217 AND ninstance = (SELECT id FROM instance WHERE nom = 'P-n022-k08')), 44.82);
INSERT INTO route(ndepart, narrivee, distance) VALUES ( (SELECT id FROM point WHERE x=128 AND y=252 AND ninstance = (SELECT id FROM instance WHERE nom = 'P-n022-k08')), (SELECT id FROM point WHERE x=129 AND y=214 AND ninstance = (SELECT id FROM instance WHERE nom = 'P-n022-k08')), 38.01);
INSERT INTO route(ndepart, narrivee, distance) VALUES ( (SELECT id FROM point WHERE x=128 AND y=252 AND ninstance = (SELECT id FROM instance WHERE nom = 'P-n022-k08')), (SELECT id FROM point WHERE x=146 AND y=208 AND ninstance = (SELECT id FROM instance WHERE nom = 'P-n022-k08')), 47.53);
INSERT INTO route(ndepart, narrivee, distance) VALUES ( (SELECT id FROM point WHERE x=128 AND y=252 AND ninstance = (SELECT id FROM instance WHERE nom = 'P-n022-k08')), (SELECT id FROM point WHERE x=164 AND y=208 AND ninstance = (SELECT id FROM instance WHERE nom = 'P-n022-k08')), 56.85);
INSERT INTO route(ndepart, narrivee, distance) VALUES ( (SELECT id FROM point WHERE x=128 AND y=252 AND ninstance = (SELECT id FROM instance WHERE nom = 'P-n022-k08')), (SELECT id FROM point WHERE x=141 AND y=206 AND ninstance = (SELECT id FROM instance WHERE nom = 'P-n022-k08')), 47.8);
INSERT INTO route(ndepart, narrivee, distance) VALUES ( (SELECT id FROM point WHERE x=128 AND y=252 AND ninstance = (SELECT id FROM instance WHERE nom = 'P-n022-k08')), (SELECT id FROM point WHERE x=147 AND y=193 AND ninstance = (SELECT id FROM instance WHERE nom = 'P-n022-k08')), 61.98);
INSERT INTO route(ndepart, narrivee, distance) VALUES ( (SELECT id FROM point WHERE x=128 AND y=252 AND ninstance = (SELECT id FROM instance WHERE nom = 'P-n022-k08')), (SELECT id FROM point WHERE x=164 AND y=193 AND ninstance = (SELECT id FROM instance WHERE nom = 'P-n022-k08')), 69.11);
INSERT INTO route(ndepart, narrivee, distance) VALUES ( (SELECT id FROM point WHERE x=128 AND y=252 AND ninstance = (SELECT id FROM instance WHERE nom = 'P-n022-k08')), (SELECT id FROM point WHERE x=129 AND y=189 AND ninstance = (SELECT id FROM instance WHERE nom = 'P-n022-k08')), 63.0);
INSERT INTO route(ndepart, narrivee, distance) VALUES ( (SELECT id FROM point WHERE x=128 AND y=252 AND ninstance = (SELECT id FROM instance WHERE nom = 'P-n022-k08')), (SELECT id FROM point WHERE x=155 AND y=185 AND ninstance = (SELECT id FROM instance WHERE nom = 'P-n022-k08')), 72.23);
INSERT INTO route(ndepart, narrivee, distance) VALUES ( (SELECT id FROM point WHERE x=128 AND y=252 AND ninstance = (SELECT id FROM instance WHERE nom = 'P-n022-k08')), (SELECT id FROM point WHERE x=139 AND y=182 AND ninstance = (SELECT id FROM instance WHERE nom = 'P-n022-k08')), 70.85);
INSERT INTO route(ndepart, narrivee, distance) VALUES ( (SELECT id FROM point WHERE x=163 AND y=247 AND ninstance = (SELECT id FROM instance WHERE nom = 'P-n022-k08')), (SELECT id FROM point WHERE x=145 AND y=215 AND ninstance = (SELECT id FROM instance WHERE nom = 'P-n022-k08')), 36.71);
INSERT INTO route(ndepart, narrivee, distance) VALUES ( (SELECT id FROM point WHERE x=163 AND y=247 AND ninstance = (SELECT id FROM instance WHERE nom = 'P-n022-k08')), (SELECT id FROM point WHERE x=151 AND y=264 AND ninstance = (SELECT id FROM instance WHERE nom = 'P-n022-k08')), 20.8);
INSERT INTO route(ndepart, narrivee, distance) VALUES ( (SELECT id FROM point WHERE x=163 AND y=247 AND ninstance = (SELECT id FROM instance WHERE nom = 'P-n022-k08')), (SELECT id FROM point WHERE x=159 AND y=261 AND ninstance = (SELECT id FROM instance WHERE nom = 'P-n022-k08')), 14.56);
INSERT INTO route(ndepart, narrivee, distance) VALUES ( (SELECT id FROM point WHERE x=163 AND y=247 AND ninstance = (SELECT id FROM instance WHERE nom = 'P-n022-k08')), (SELECT id FROM point WHERE x=130 AND y=254 AND ninstance = (SELECT id FROM instance WHERE nom = 'P-n022-k08')), 33.73);
INSERT INTO route(ndepart, narrivee, distance) VALUES ( (SELECT id FROM point WHERE x=163 AND y=247 AND ninstance = (SELECT id FROM instance WHERE nom = 'P-n022-k08')), (SELECT id FROM point WHERE x=128 AND y=252 AND ninstance = (SELECT id FROM instance WHERE nom = 'P-n022-k08')), 35.35);
INSERT INTO route(ndepart, narrivee, distance) VALUES ( (SELECT id FROM point WHERE x=163 AND y=247 AND ninstance = (SELECT id FROM instance WHERE nom = 'P-n022-k08')), (SELECT id FROM point WHERE x=146 AND y=246 AND ninstance = (SELECT id FROM instance WHERE nom = 'P-n022-k08')), 17.02);
INSERT INTO route(ndepart, narrivee, distance) VALUES ( (SELECT id FROM point WHERE x=163 AND y=247 AND ninstance = (SELECT id FROM instance WHERE nom = 'P-n022-k08')), (SELECT id FROM point WHERE x=161 AND y=242 AND ninstance = (SELECT id FROM instance WHERE nom = 'P-n022-k08')), 5.38);
INSERT INTO route(ndepart, narrivee, distance) VALUES ( (SELECT id FROM point WHERE x=163 AND y=247 AND ninstance = (SELECT id FROM instance WHERE nom = 'P-n022-k08')), (SELECT id FROM point WHERE x=142 AND y=239 AND ninstance = (SELECT id FROM instance WHERE nom = 'P-n022-k08')), 22.47);
INSERT INTO route(ndepart, narrivee, distance) VALUES ( (SELECT id FROM point WHERE x=163 AND y=247 AND ninstance = (SELECT id FROM instance WHERE nom = 'P-n022-k08')), (SELECT id FROM point WHERE x=163 AND y=236 AND ninstance = (SELECT id FROM instance WHERE nom = 'P-n022-k08')), 11.0);
INSERT INTO route(ndepart, narrivee, distance) VALUES ( (SELECT id FROM point WHERE x=163 AND y=247 AND ninstance = (SELECT id FROM instance WHERE nom = 'P-n022-k08')), (SELECT id FROM point WHERE x=148 AND y=232 AND ninstance = (SELECT id FROM instance WHERE nom = 'P-n022-k08')), 21.21);
INSERT INTO route(ndepart, narrivee, distance) VALUES ( (SELECT id FROM point WHERE x=163 AND y=247 AND ninstance = (SELECT id FROM instance WHERE nom = 'P-n022-k08')), (SELECT id FROM point WHERE x=128 AND y=231 AND ninstance = (SELECT id FROM instance WHERE nom = 'P-n022-k08')), 38.48);
INSERT INTO route(ndepart, narrivee, distance) VALUES ( (SELECT id FROM point WHERE x=163 AND y=247 AND ninstance = (SELECT id FROM instance WHERE nom = 'P-n022-k08')), (SELECT id FROM point WHERE x=156 AND y=217 AND ninstance = (SELECT id FROM instance WHERE nom = 'P-n022-k08')), 30.8);
INSERT INTO route(ndepart, narrivee, distance) VALUES ( (SELECT id FROM point WHERE x=163 AND y=247 AND ninstance = (SELECT id FROM instance WHERE nom = 'P-n022-k08')), (SELECT id FROM point WHERE x=129 AND y=214 AND ninstance = (SELECT id FROM instance WHERE nom = 'P-n022-k08')), 47.38);
INSERT INTO route(ndepart, narrivee, distance) VALUES ( (SELECT id FROM point WHERE x=163 AND y=247 AND ninstance = (SELECT id FROM instance WHERE nom = 'P-n022-k08')), (SELECT id FROM point WHERE x=146 AND y=208 AND ninstance = (SELECT id FROM instance WHERE nom = 'P-n022-k08')), 42.54);
INSERT INTO route(ndepart, narrivee, distance) VALUES ( (SELECT id FROM point WHERE x=163 AND y=247 AND ninstance = (SELECT id FROM instance WHERE nom = 'P-n022-k08')), (SELECT id FROM point WHERE x=164 AND y=208 AND ninstance = (SELECT id FROM instance WHERE nom = 'P-n022-k08')), 39.01);
INSERT INTO route(ndepart, narrivee, distance) VALUES ( (SELECT id FROM point WHERE x=163 AND y=247 AND ninstance = (SELECT id FROM instance WHERE nom = 'P-n022-k08')), (SELECT id FROM point WHERE x=141 AND y=206 AND ninstance = (SELECT id FROM instance WHERE nom = 'P-n022-k08')), 46.52);
INSERT INTO route(ndepart, narrivee, distance) VALUES ( (SELECT id FROM point WHERE x=163 AND y=247 AND ninstance = (SELECT id FROM instance WHERE nom = 'P-n022-k08')), (SELECT id FROM point WHERE x=147 AND y=193 AND ninstance = (SELECT id FROM instance WHERE nom = 'P-n022-k08')), 56.32);
INSERT INTO route(ndepart, narrivee, distance) VALUES ( (SELECT id FROM point WHERE x=163 AND y=247 AND ninstance = (SELECT id FROM instance WHERE nom = 'P-n022-k08')), (SELECT id FROM point WHERE x=164 AND y=193 AND ninstance = (SELECT id FROM instance WHERE nom = 'P-n022-k08')), 54.0);
INSERT INTO route(ndepart, narrivee, distance) VALUES ( (SELECT id FROM point WHERE x=163 AND y=247 AND ninstance = (SELECT id FROM instance WHERE nom = 'P-n022-k08')), (SELECT id FROM point WHERE x=129 AND y=189 AND ninstance = (SELECT id FROM instance WHERE nom = 'P-n022-k08')), 67.23);
INSERT INTO route(ndepart, narrivee, distance) VALUES ( (SELECT id FROM point WHERE x=163 AND y=247 AND ninstance = (SELECT id FROM instance WHERE nom = 'P-n022-k08')), (SELECT id FROM point WHERE x=155 AND y=185 AND ninstance = (SELECT id FROM instance WHERE nom = 'P-n022-k08')), 62.51);
INSERT INTO route(ndepart, narrivee, distance) VALUES ( (SELECT id FROM point WHERE x=163 AND y=247 AND ninstance = (SELECT id FROM instance WHERE nom = 'P-n022-k08')), (SELECT id FROM point WHERE x=139 AND y=182 AND ninstance = (SELECT id FROM instance WHERE nom = 'P-n022-k08')), 69.28);
INSERT INTO route(ndepart, narrivee, distance) VALUES ( (SELECT id FROM point WHERE x=146 AND y=246 AND ninstance = (SELECT id FROM instance WHERE nom = 'P-n022-k08')), (SELECT id FROM point WHERE x=145 AND y=215 AND ninstance = (SELECT id FROM instance WHERE nom = 'P-n022-k08')), 31.01);
INSERT INTO route(ndepart, narrivee, distance) VALUES ( (SELECT id FROM point WHERE x=146 AND y=246 AND ninstance = (SELECT id FROM instance WHERE nom = 'P-n022-k08')), (SELECT id FROM point WHERE x=151 AND y=264 AND ninstance = (SELECT id FROM instance WHERE nom = 'P-n022-k08')), 18.68);
INSERT INTO route(ndepart, narrivee, distance) VALUES ( (SELECT id FROM point WHERE x=146 AND y=246 AND ninstance = (SELECT id FROM instance WHERE nom = 'P-n022-k08')), (SELECT id FROM point WHERE x=159 AND y=261 AND ninstance = (SELECT id FROM instance WHERE nom = 'P-n022-k08')), 19.84);
INSERT INTO route(ndepart, narrivee, distance) VALUES ( (SELECT id FROM point WHERE x=146 AND y=246 AND ninstance = (SELECT id FROM instance WHERE nom = 'P-n022-k08')), (SELECT id FROM point WHERE x=130 AND y=254 AND ninstance = (SELECT id FROM instance WHERE nom = 'P-n022-k08')), 17.88);
INSERT INTO route(ndepart, narrivee, distance) VALUES ( (SELECT id FROM point WHERE x=146 AND y=246 AND ninstance = (SELECT id FROM instance WHERE nom = 'P-n022-k08')), (SELECT id FROM point WHERE x=128 AND y=252 AND ninstance = (SELECT id FROM instance WHERE nom = 'P-n022-k08')), 18.97);
INSERT INTO route(ndepart, narrivee, distance) VALUES ( (SELECT id FROM point WHERE x=146 AND y=246 AND ninstance = (SELECT id FROM instance WHERE nom = 'P-n022-k08')), (SELECT id FROM point WHERE x=163 AND y=247 AND ninstance = (SELECT id FROM instance WHERE nom = 'P-n022-k08')), 17.02);
INSERT INTO route(ndepart, narrivee, distance) VALUES ( (SELECT id FROM point WHERE x=146 AND y=246 AND ninstance = (SELECT id FROM instance WHERE nom = 'P-n022-k08')), (SELECT id FROM point WHERE x=161 AND y=242 AND ninstance = (SELECT id FROM instance WHERE nom = 'P-n022-k08')), 15.52);
INSERT INTO route(ndepart, narrivee, distance) VALUES ( (SELECT id FROM point WHERE x=146 AND y=246 AND ninstance = (SELECT id FROM instance WHERE nom = 'P-n022-k08')), (SELECT id FROM point WHERE x=142 AND y=239 AND ninstance = (SELECT id FROM instance WHERE nom = 'P-n022-k08')), 8.06);
INSERT INTO route(ndepart, narrivee, distance) VALUES ( (SELECT id FROM point WHERE x=146 AND y=246 AND ninstance = (SELECT id FROM instance WHERE nom = 'P-n022-k08')), (SELECT id FROM point WHERE x=163 AND y=236 AND ninstance = (SELECT id FROM instance WHERE nom = 'P-n022-k08')), 19.72);
INSERT INTO route(ndepart, narrivee, distance) VALUES ( (SELECT id FROM point WHERE x=146 AND y=246 AND ninstance = (SELECT id FROM instance WHERE nom = 'P-n022-k08')), (SELECT id FROM point WHERE x=148 AND y=232 AND ninstance = (SELECT id FROM instance WHERE nom = 'P-n022-k08')), 14.14);
INSERT INTO route(ndepart, narrivee, distance) VALUES ( (SELECT id FROM point WHERE x=146 AND y=246 AND ninstance = (SELECT id FROM instance WHERE nom = 'P-n022-k08')), (SELECT id FROM point WHERE x=128 AND y=231 AND ninstance = (SELECT id FROM instance WHERE nom = 'P-n022-k08')), 23.43);
INSERT INTO route(ndepart, narrivee, distance) VALUES ( (SELECT id FROM point WHERE x=146 AND y=246 AND ninstance = (SELECT id FROM instance WHERE nom = 'P-n022-k08')), (SELECT id FROM point WHERE x=156 AND y=217 AND ninstance = (SELECT id FROM instance WHERE nom = 'P-n022-k08')), 30.67);
INSERT INTO route(ndepart, narrivee, distance) VALUES ( (SELECT id FROM point WHERE x=146 AND y=246 AND ninstance = (SELECT id FROM instance WHERE nom = 'P-n022-k08')), (SELECT id FROM point WHERE x=129 AND y=214 AND ninstance = (SELECT id FROM instance WHERE nom = 'P-n022-k08')), 36.23);
INSERT INTO route(ndepart, narrivee, distance) VALUES ( (SELECT id FROM point WHERE x=146 AND y=246 AND ninstance = (SELECT id FROM instance WHERE nom = 'P-n022-k08')), (SELECT id FROM point WHERE x=146 AND y=208 AND ninstance = (SELECT id FROM instance WHERE nom = 'P-n022-k08')), 38.0);
INSERT INTO route(ndepart, narrivee, distance) VALUES ( (SELECT id FROM point WHERE x=146 AND y=246 AND ninstance = (SELECT id FROM instance WHERE nom = 'P-n022-k08')), (SELECT id FROM point WHERE x=164 AND y=208 AND ninstance = (SELECT id FROM instance WHERE nom = 'P-n022-k08')), 42.04);
INSERT INTO route(ndepart, narrivee, distance) VALUES ( (SELECT id FROM point WHERE x=146 AND y=246 AND ninstance = (SELECT id FROM instance WHERE nom = 'P-n022-k08')), (SELECT id FROM point WHERE x=141 AND y=206 AND ninstance = (SELECT id FROM instance WHERE nom = 'P-n022-k08')), 40.31);
INSERT INTO route(ndepart, narrivee, distance) VALUES ( (SELECT id FROM point WHERE x=146 AND y=246 AND ninstance = (SELECT id FROM instance WHERE nom = 'P-n022-k08')), (SELECT id FROM point WHERE x=147 AND y=193 AND ninstance = (SELECT id FROM instance WHERE nom = 'P-n022-k08')), 53.0);
INSERT INTO route(ndepart, narrivee, distance) VALUES ( (SELECT id FROM point WHERE x=146 AND y=246 AND ninstance = (SELECT id FROM instance WHERE nom = 'P-n022-k08')), (SELECT id FROM point WHERE x=164 AND y=193 AND ninstance = (SELECT id FROM instance WHERE nom = 'P-n022-k08')), 55.97);
INSERT INTO route(ndepart, narrivee, distance) VALUES ( (SELECT id FROM point WHERE x=146 AND y=246 AND ninstance = (SELECT id FROM instance WHERE nom = 'P-n022-k08')), (SELECT id FROM point WHERE x=129 AND y=189 AND ninstance = (SELECT id FROM instance WHERE nom = 'P-n022-k08')), 59.48);
INSERT INTO route(ndepart, narrivee, distance) VALUES ( (SELECT id FROM point WHERE x=146 AND y=246 AND ninstance = (SELECT id FROM instance WHERE nom = 'P-n022-k08')), (SELECT id FROM point WHERE x=155 AND y=185 AND ninstance = (SELECT id FROM instance WHERE nom = 'P-n022-k08')), 61.66);
INSERT INTO route(ndepart, narrivee, distance) VALUES ( (SELECT id FROM point WHERE x=146 AND y=246 AND ninstance = (SELECT id FROM instance WHERE nom = 'P-n022-k08')), (SELECT id FROM point WHERE x=139 AND y=182 AND ninstance = (SELECT id FROM instance WHERE nom = 'P-n022-k08')), 64.38);
INSERT INTO route(ndepart, narrivee, distance) VALUES ( (SELECT id FROM point WHERE x=161 AND y=242 AND ninstance = (SELECT id FROM instance WHERE nom = 'P-n022-k08')), (SELECT id FROM point WHERE x=145 AND y=215 AND ninstance = (SELECT id FROM instance WHERE nom = 'P-n022-k08')), 31.38);
INSERT INTO route(ndepart, narrivee, distance) VALUES ( (SELECT id FROM point WHERE x=161 AND y=242 AND ninstance = (SELECT id FROM instance WHERE nom = 'P-n022-k08')), (SELECT id FROM point WHERE x=151 AND y=264 AND ninstance = (SELECT id FROM instance WHERE nom = 'P-n022-k08')), 24.16);
INSERT INTO route(ndepart, narrivee, distance) VALUES ( (SELECT id FROM point WHERE x=161 AND y=242 AND ninstance = (SELECT id FROM instance WHERE nom = 'P-n022-k08')), (SELECT id FROM point WHERE x=159 AND y=261 AND ninstance = (SELECT id FROM instance WHERE nom = 'P-n022-k08')), 19.1);
INSERT INTO route(ndepart, narrivee, distance) VALUES ( (SELECT id FROM point WHERE x=161 AND y=242 AND ninstance = (SELECT id FROM instance WHERE nom = 'P-n022-k08')), (SELECT id FROM point WHERE x=130 AND y=254 AND ninstance = (SELECT id FROM instance WHERE nom = 'P-n022-k08')), 33.24);
INSERT INTO route(ndepart, narrivee, distance) VALUES ( (SELECT id FROM point WHERE x=161 AND y=242 AND ninstance = (SELECT id FROM instance WHERE nom = 'P-n022-k08')), (SELECT id FROM point WHERE x=128 AND y=252 AND ninstance = (SELECT id FROM instance WHERE nom = 'P-n022-k08')), 34.48);
INSERT INTO route(ndepart, narrivee, distance) VALUES ( (SELECT id FROM point WHERE x=161 AND y=242 AND ninstance = (SELECT id FROM instance WHERE nom = 'P-n022-k08')), (SELECT id FROM point WHERE x=163 AND y=247 AND ninstance = (SELECT id FROM instance WHERE nom = 'P-n022-k08')), 5.38);
INSERT INTO route(ndepart, narrivee, distance) VALUES ( (SELECT id FROM point WHERE x=161 AND y=242 AND ninstance = (SELECT id FROM instance WHERE nom = 'P-n022-k08')), (SELECT id FROM point WHERE x=146 AND y=246 AND ninstance = (SELECT id FROM instance WHERE nom = 'P-n022-k08')), 15.52);
INSERT INTO route(ndepart, narrivee, distance) VALUES ( (SELECT id FROM point WHERE x=161 AND y=242 AND ninstance = (SELECT id FROM instance WHERE nom = 'P-n022-k08')), (SELECT id FROM point WHERE x=142 AND y=239 AND ninstance = (SELECT id FROM instance WHERE nom = 'P-n022-k08')), 19.23);
INSERT INTO route(ndepart, narrivee, distance) VALUES ( (SELECT id FROM point WHERE x=161 AND y=242 AND ninstance = (SELECT id FROM instance WHERE nom = 'P-n022-k08')), (SELECT id FROM point WHERE x=163 AND y=236 AND ninstance = (SELECT id FROM instance WHERE nom = 'P-n022-k08')), 6.32);
INSERT INTO route(ndepart, narrivee, distance) VALUES ( (SELECT id FROM point WHERE x=161 AND y=242 AND ninstance = (SELECT id FROM instance WHERE nom = 'P-n022-k08')), (SELECT id FROM point WHERE x=148 AND y=232 AND ninstance = (SELECT id FROM instance WHERE nom = 'P-n022-k08')), 16.4);
INSERT INTO route(ndepart, narrivee, distance) VALUES ( (SELECT id FROM point WHERE x=161 AND y=242 AND ninstance = (SELECT id FROM instance WHERE nom = 'P-n022-k08')), (SELECT id FROM point WHERE x=128 AND y=231 AND ninstance = (SELECT id FROM instance WHERE nom = 'P-n022-k08')), 34.78);
INSERT INTO route(ndepart, narrivee, distance) VALUES ( (SELECT id FROM point WHERE x=161 AND y=242 AND ninstance = (SELECT id FROM instance WHERE nom = 'P-n022-k08')), (SELECT id FROM point WHERE x=156 AND y=217 AND ninstance = (SELECT id FROM instance WHERE nom = 'P-n022-k08')), 25.49);
INSERT INTO route(ndepart, narrivee, distance) VALUES ( (SELECT id FROM point WHERE x=161 AND y=242 AND ninstance = (SELECT id FROM instance WHERE nom = 'P-n022-k08')), (SELECT id FROM point WHERE x=129 AND y=214 AND ninstance = (SELECT id FROM instance WHERE nom = 'P-n022-k08')), 42.52);
INSERT INTO route(ndepart, narrivee, distance) VALUES ( (SELECT id FROM point WHERE x=161 AND y=242 AND ninstance = (SELECT id FROM instance WHERE nom = 'P-n022-k08')), (SELECT id FROM point WHERE x=146 AND y=208 AND ninstance = (SELECT id FROM instance WHERE nom = 'P-n022-k08')), 37.16);
INSERT INTO route(ndepart, narrivee, distance) VALUES ( (SELECT id FROM point WHERE x=161 AND y=242 AND ninstance = (SELECT id FROM instance WHERE nom = 'P-n022-k08')), (SELECT id FROM point WHERE x=164 AND y=208 AND ninstance = (SELECT id FROM instance WHERE nom = 'P-n022-k08')), 34.13);
INSERT INTO route(ndepart, narrivee, distance) VALUES ( (SELECT id FROM point WHERE x=161 AND y=242 AND ninstance = (SELECT id FROM instance WHERE nom = 'P-n022-k08')), (SELECT id FROM point WHERE x=141 AND y=206 AND ninstance = (SELECT id FROM instance WHERE nom = 'P-n022-k08')), 41.18);
INSERT INTO route(ndepart, narrivee, distance) VALUES ( (SELECT id FROM point WHERE x=161 AND y=242 AND ninstance = (SELECT id FROM instance WHERE nom = 'P-n022-k08')), (SELECT id FROM point WHERE x=147 AND y=193 AND ninstance = (SELECT id FROM instance WHERE nom = 'P-n022-k08')), 50.96);
INSERT INTO route(ndepart, narrivee, distance) VALUES ( (SELECT id FROM point WHERE x=161 AND y=242 AND ninstance = (SELECT id FROM instance WHERE nom = 'P-n022-k08')), (SELECT id FROM point WHERE x=164 AND y=193 AND ninstance = (SELECT id FROM instance WHERE nom = 'P-n022-k08')), 49.09);
INSERT INTO route(ndepart, narrivee, distance) VALUES ( (SELECT id FROM point WHERE x=161 AND y=242 AND ninstance = (SELECT id FROM instance WHERE nom = 'P-n022-k08')), (SELECT id FROM point WHERE x=129 AND y=189 AND ninstance = (SELECT id FROM instance WHERE nom = 'P-n022-k08')), 61.91);
INSERT INTO route(ndepart, narrivee, distance) VALUES ( (SELECT id FROM point WHERE x=161 AND y=242 AND ninstance = (SELECT id FROM instance WHERE nom = 'P-n022-k08')), (SELECT id FROM point WHERE x=155 AND y=185 AND ninstance = (SELECT id FROM instance WHERE nom = 'P-n022-k08')), 57.31);
INSERT INTO route(ndepart, narrivee, distance) VALUES ( (SELECT id FROM point WHERE x=161 AND y=242 AND ninstance = (SELECT id FROM instance WHERE nom = 'P-n022-k08')), (SELECT id FROM point WHERE x=139 AND y=182 AND ninstance = (SELECT id FROM instance WHERE nom = 'P-n022-k08')), 63.9);
INSERT INTO route(ndepart, narrivee, distance) VALUES ( (SELECT id FROM point WHERE x=142 AND y=239 AND ninstance = (SELECT id FROM instance WHERE nom = 'P-n022-k08')), (SELECT id FROM point WHERE x=145 AND y=215 AND ninstance = (SELECT id FROM instance WHERE nom = 'P-n022-k08')), 24.18);
INSERT INTO route(ndepart, narrivee, distance) VALUES ( (SELECT id FROM point WHERE x=142 AND y=239 AND ninstance = (SELECT id FROM instance WHERE nom = 'P-n022-k08')), (SELECT id FROM point WHERE x=151 AND y=264 AND ninstance = (SELECT id FROM instance WHERE nom = 'P-n022-k08')), 26.57);
INSERT INTO route(ndepart, narrivee, distance) VALUES ( (SELECT id FROM point WHERE x=142 AND y=239 AND ninstance = (SELECT id FROM instance WHERE nom = 'P-n022-k08')), (SELECT id FROM point WHERE x=159 AND y=261 AND ninstance = (SELECT id FROM instance WHERE nom = 'P-n022-k08')), 27.8);
INSERT INTO route(ndepart, narrivee, distance) VALUES ( (SELECT id FROM point WHERE x=142 AND y=239 AND ninstance = (SELECT id FROM instance WHERE nom = 'P-n022-k08')), (SELECT id FROM point WHERE x=130 AND y=254 AND ninstance = (SELECT id FROM instance WHERE nom = 'P-n022-k08')), 19.2);
INSERT INTO route(ndepart, narrivee, distance) VALUES ( (SELECT id FROM point WHERE x=142 AND y=239 AND ninstance = (SELECT id FROM instance WHERE nom = 'P-n022-k08')), (SELECT id FROM point WHERE x=128 AND y=252 AND ninstance = (SELECT id FROM instance WHERE nom = 'P-n022-k08')), 19.1);
INSERT INTO route(ndepart, narrivee, distance) VALUES ( (SELECT id FROM point WHERE x=142 AND y=239 AND ninstance = (SELECT id FROM instance WHERE nom = 'P-n022-k08')), (SELECT id FROM point WHERE x=163 AND y=247 AND ninstance = (SELECT id FROM instance WHERE nom = 'P-n022-k08')), 22.47);
INSERT INTO route(ndepart, narrivee, distance) VALUES ( (SELECT id FROM point WHERE x=142 AND y=239 AND ninstance = (SELECT id FROM instance WHERE nom = 'P-n022-k08')), (SELECT id FROM point WHERE x=146 AND y=246 AND ninstance = (SELECT id FROM instance WHERE nom = 'P-n022-k08')), 8.06);
INSERT INTO route(ndepart, narrivee, distance) VALUES ( (SELECT id FROM point WHERE x=142 AND y=239 AND ninstance = (SELECT id FROM instance WHERE nom = 'P-n022-k08')), (SELECT id FROM point WHERE x=161 AND y=242 AND ninstance = (SELECT id FROM instance WHERE nom = 'P-n022-k08')), 19.23);
INSERT INTO route(ndepart, narrivee, distance) VALUES ( (SELECT id FROM point WHERE x=142 AND y=239 AND ninstance = (SELECT id FROM instance WHERE nom = 'P-n022-k08')), (SELECT id FROM point WHERE x=163 AND y=236 AND ninstance = (SELECT id FROM instance WHERE nom = 'P-n022-k08')), 21.21);
INSERT INTO route(ndepart, narrivee, distance) VALUES ( (SELECT id FROM point WHERE x=142 AND y=239 AND ninstance = (SELECT id FROM instance WHERE nom = 'P-n022-k08')), (SELECT id FROM point WHERE x=148 AND y=232 AND ninstance = (SELECT id FROM instance WHERE nom = 'P-n022-k08')), 9.21);
INSERT INTO route(ndepart, narrivee, distance) VALUES ( (SELECT id FROM point WHERE x=142 AND y=239 AND ninstance = (SELECT id FROM instance WHERE nom = 'P-n022-k08')), (SELECT id FROM point WHERE x=128 AND y=231 AND ninstance = (SELECT id FROM instance WHERE nom = 'P-n022-k08')), 16.12);
INSERT INTO route(ndepart, narrivee, distance) VALUES ( (SELECT id FROM point WHERE x=142 AND y=239 AND ninstance = (SELECT id FROM instance WHERE nom = 'P-n022-k08')), (SELECT id FROM point WHERE x=156 AND y=217 AND ninstance = (SELECT id FROM instance WHERE nom = 'P-n022-k08')), 26.07);
INSERT INTO route(ndepart, narrivee, distance) VALUES ( (SELECT id FROM point WHERE x=142 AND y=239 AND ninstance = (SELECT id FROM instance WHERE nom = 'P-n022-k08')), (SELECT id FROM point WHERE x=129 AND y=214 AND ninstance = (SELECT id FROM instance WHERE nom = 'P-n022-k08')), 28.17);
INSERT INTO route(ndepart, narrivee, distance) VALUES ( (SELECT id FROM point WHERE x=142 AND y=239 AND ninstance = (SELECT id FROM instance WHERE nom = 'P-n022-k08')), (SELECT id FROM point WHERE x=146 AND y=208 AND ninstance = (SELECT id FROM instance WHERE nom = 'P-n022-k08')), 31.25);
INSERT INTO route(ndepart, narrivee, distance) VALUES ( (SELECT id FROM point WHERE x=142 AND y=239 AND ninstance = (SELECT id FROM instance WHERE nom = 'P-n022-k08')), (SELECT id FROM point WHERE x=164 AND y=208 AND ninstance = (SELECT id FROM instance WHERE nom = 'P-n022-k08')), 38.01);
INSERT INTO route(ndepart, narrivee, distance) VALUES ( (SELECT id FROM point WHERE x=142 AND y=239 AND ninstance = (SELECT id FROM instance WHERE nom = 'P-n022-k08')), (SELECT id FROM point WHERE x=141 AND y=206 AND ninstance = (SELECT id FROM instance WHERE nom = 'P-n022-k08')), 33.01);
INSERT INTO route(ndepart, narrivee, distance) VALUES ( (SELECT id FROM point WHERE x=142 AND y=239 AND ninstance = (SELECT id FROM instance WHERE nom = 'P-n022-k08')), (SELECT id FROM point WHERE x=147 AND y=193 AND ninstance = (SELECT id FROM instance WHERE nom = 'P-n022-k08')), 46.27);
INSERT INTO route(ndepart, narrivee, distance) VALUES ( (SELECT id FROM point WHERE x=142 AND y=239 AND ninstance = (SELECT id FROM instance WHERE nom = 'P-n022-k08')), (SELECT id FROM point WHERE x=164 AND y=193 AND ninstance = (SELECT id FROM instance WHERE nom = 'P-n022-k08')), 50.99);
INSERT INTO route(ndepart, narrivee, distance) VALUES ( (SELECT id FROM point WHERE x=142 AND y=239 AND ninstance = (SELECT id FROM instance WHERE nom = 'P-n022-k08')), (SELECT id FROM point WHERE x=129 AND y=189 AND ninstance = (SELECT id FROM instance WHERE nom = 'P-n022-k08')), 51.66);
INSERT INTO route(ndepart, narrivee, distance) VALUES ( (SELECT id FROM point WHERE x=142 AND y=239 AND ninstance = (SELECT id FROM instance WHERE nom = 'P-n022-k08')), (SELECT id FROM point WHERE x=155 AND y=185 AND ninstance = (SELECT id FROM instance WHERE nom = 'P-n022-k08')), 55.54);
INSERT INTO route(ndepart, narrivee, distance) VALUES ( (SELECT id FROM point WHERE x=142 AND y=239 AND ninstance = (SELECT id FROM instance WHERE nom = 'P-n022-k08')), (SELECT id FROM point WHERE x=139 AND y=182 AND ninstance = (SELECT id FROM instance WHERE nom = 'P-n022-k08')), 57.07);
INSERT INTO route(ndepart, narrivee, distance) VALUES ( (SELECT id FROM point WHERE x=163 AND y=236 AND ninstance = (SELECT id FROM instance WHERE nom = 'P-n022-k08')), (SELECT id FROM point WHERE x=145 AND y=215 AND ninstance = (SELECT id FROM instance WHERE nom = 'P-n022-k08')), 27.65);
INSERT INTO route(ndepart, narrivee, distance) VALUES ( (SELECT id FROM point WHERE x=163 AND y=236 AND ninstance = (SELECT id FROM instance WHERE nom = 'P-n022-k08')), (SELECT id FROM point WHERE x=151 AND y=264 AND ninstance = (SELECT id FROM instance WHERE nom = 'P-n022-k08')), 30.46);
INSERT INTO route(ndepart, narrivee, distance) VALUES ( (SELECT id FROM point WHERE x=163 AND y=236 AND ninstance = (SELECT id FROM instance WHERE nom = 'P-n022-k08')), (SELECT id FROM point WHERE x=159 AND y=261 AND ninstance = (SELECT id FROM instance WHERE nom = 'P-n022-k08')), 25.31);
INSERT INTO route(ndepart, narrivee, distance) VALUES ( (SELECT id FROM point WHERE x=163 AND y=236 AND ninstance = (SELECT id FROM instance WHERE nom = 'P-n022-k08')), (SELECT id FROM point WHERE x=130 AND y=254 AND ninstance = (SELECT id FROM instance WHERE nom = 'P-n022-k08')), 37.58);
INSERT INTO route(ndepart, narrivee, distance) VALUES ( (SELECT id FROM point WHERE x=163 AND y=236 AND ninstance = (SELECT id FROM instance WHERE nom = 'P-n022-k08')), (SELECT id FROM point WHERE x=128 AND y=252 AND ninstance = (SELECT id FROM instance WHERE nom = 'P-n022-k08')), 38.48);
INSERT INTO route(ndepart, narrivee, distance) VALUES ( (SELECT id FROM point WHERE x=163 AND y=236 AND ninstance = (SELECT id FROM instance WHERE nom = 'P-n022-k08')), (SELECT id FROM point WHERE x=163 AND y=247 AND ninstance = (SELECT id FROM instance WHERE nom = 'P-n022-k08')), 11.0);
INSERT INTO route(ndepart, narrivee, distance) VALUES ( (SELECT id FROM point WHERE x=163 AND y=236 AND ninstance = (SELECT id FROM instance WHERE nom = 'P-n022-k08')), (SELECT id FROM point WHERE x=146 AND y=246 AND ninstance = (SELECT id FROM instance WHERE nom = 'P-n022-k08')), 19.72);
INSERT INTO route(ndepart, narrivee, distance) VALUES ( (SELECT id FROM point WHERE x=163 AND y=236 AND ninstance = (SELECT id FROM instance WHERE nom = 'P-n022-k08')), (SELECT id FROM point WHERE x=161 AND y=242 AND ninstance = (SELECT id FROM instance WHERE nom = 'P-n022-k08')), 6.32);
INSERT INTO route(ndepart, narrivee, distance) VALUES ( (SELECT id FROM point WHERE x=163 AND y=236 AND ninstance = (SELECT id FROM instance WHERE nom = 'P-n022-k08')), (SELECT id FROM point WHERE x=142 AND y=239 AND ninstance = (SELECT id FROM instance WHERE nom = 'P-n022-k08')), 21.21);
INSERT INTO route(ndepart, narrivee, distance) VALUES ( (SELECT id FROM point WHERE x=163 AND y=236 AND ninstance = (SELECT id FROM instance WHERE nom = 'P-n022-k08')), (SELECT id FROM point WHERE x=148 AND y=232 AND ninstance = (SELECT id FROM instance WHERE nom = 'P-n022-k08')), 15.52);
INSERT INTO route(ndepart, narrivee, distance) VALUES ( (SELECT id FROM point WHERE x=163 AND y=236 AND ninstance = (SELECT id FROM instance WHERE nom = 'P-n022-k08')), (SELECT id FROM point WHERE x=128 AND y=231 AND ninstance = (SELECT id FROM instance WHERE nom = 'P-n022-k08')), 35.35);
INSERT INTO route(ndepart, narrivee, distance) VALUES ( (SELECT id FROM point WHERE x=163 AND y=236 AND ninstance = (SELECT id FROM instance WHERE nom = 'P-n022-k08')), (SELECT id FROM point WHERE x=156 AND y=217 AND ninstance = (SELECT id FROM instance WHERE nom = 'P-n022-k08')), 20.24);
INSERT INTO route(ndepart, narrivee, distance) VALUES ( (SELECT id FROM point WHERE x=163 AND y=236 AND ninstance = (SELECT id FROM instance WHERE nom = 'P-n022-k08')), (SELECT id FROM point WHERE x=129 AND y=214 AND ninstance = (SELECT id FROM instance WHERE nom = 'P-n022-k08')), 40.49);
INSERT INTO route(ndepart, narrivee, distance) VALUES ( (SELECT id FROM point WHERE x=163 AND y=236 AND ninstance = (SELECT id FROM instance WHERE nom = 'P-n022-k08')), (SELECT id FROM point WHERE x=146 AND y=208 AND ninstance = (SELECT id FROM instance WHERE nom = 'P-n022-k08')), 32.75);
INSERT INTO route(ndepart, narrivee, distance) VALUES ( (SELECT id FROM point WHERE x=163 AND y=236 AND ninstance = (SELECT id FROM instance WHERE nom = 'P-n022-k08')), (SELECT id FROM point WHERE x=164 AND y=208 AND ninstance = (SELECT id FROM instance WHERE nom = 'P-n022-k08')), 28.01);
INSERT INTO route(ndepart, narrivee, distance) VALUES ( (SELECT id FROM point WHERE x=163 AND y=236 AND ninstance = (SELECT id FROM instance WHERE nom = 'P-n022-k08')), (SELECT id FROM point WHERE x=141 AND y=206 AND ninstance = (SELECT id FROM instance WHERE nom = 'P-n022-k08')), 37.2);
INSERT INTO route(ndepart, narrivee, distance) VALUES ( (SELECT id FROM point WHERE x=163 AND y=236 AND ninstance = (SELECT id FROM instance WHERE nom = 'P-n022-k08')), (SELECT id FROM point WHERE x=147 AND y=193 AND ninstance = (SELECT id FROM instance WHERE nom = 'P-n022-k08')), 45.88);
INSERT INTO route(ndepart, narrivee, distance) VALUES ( (SELECT id FROM point WHERE x=163 AND y=236 AND ninstance = (SELECT id FROM instance WHERE nom = 'P-n022-k08')), (SELECT id FROM point WHERE x=164 AND y=193 AND ninstance = (SELECT id FROM instance WHERE nom = 'P-n022-k08')), 43.01);
INSERT INTO route(ndepart, narrivee, distance) VALUES ( (SELECT id FROM point WHERE x=163 AND y=236 AND ninstance = (SELECT id FROM instance WHERE nom = 'P-n022-k08')), (SELECT id FROM point WHERE x=129 AND y=189 AND ninstance = (SELECT id FROM instance WHERE nom = 'P-n022-k08')), 58.0);
INSERT INTO route(ndepart, narrivee, distance) VALUES ( (SELECT id FROM point WHERE x=163 AND y=236 AND ninstance = (SELECT id FROM instance WHERE nom = 'P-n022-k08')), (SELECT id FROM point WHERE x=155 AND y=185 AND ninstance = (SELECT id FROM instance WHERE nom = 'P-n022-k08')), 51.62);
INSERT INTO route(ndepart, narrivee, distance) VALUES ( (SELECT id FROM point WHERE x=163 AND y=236 AND ninstance = (SELECT id FROM instance WHERE nom = 'P-n022-k08')), (SELECT id FROM point WHERE x=139 AND y=182 AND ninstance = (SELECT id FROM instance WHERE nom = 'P-n022-k08')), 59.09);
INSERT INTO route(ndepart, narrivee, distance) VALUES ( (SELECT id FROM point WHERE x=148 AND y=232 AND ninstance = (SELECT id FROM instance WHERE nom = 'P-n022-k08')), (SELECT id FROM point WHERE x=145 AND y=215 AND ninstance = (SELECT id FROM instance WHERE nom = 'P-n022-k08')), 17.26);
INSERT INTO route(ndepart, narrivee, distance) VALUES ( (SELECT id FROM point WHERE x=148 AND y=232 AND ninstance = (SELECT id FROM instance WHERE nom = 'P-n022-k08')), (SELECT id FROM point WHERE x=151 AND y=264 AND ninstance = (SELECT id FROM instance WHERE nom = 'P-n022-k08')), 32.14);
INSERT INTO route(ndepart, narrivee, distance) VALUES ( (SELECT id FROM point WHERE x=148 AND y=232 AND ninstance = (SELECT id FROM instance WHERE nom = 'P-n022-k08')), (SELECT id FROM point WHERE x=159 AND y=261 AND ninstance = (SELECT id FROM instance WHERE nom = 'P-n022-k08')), 31.01);
INSERT INTO route(ndepart, narrivee, distance) VALUES ( (SELECT id FROM point WHERE x=148 AND y=232 AND ninstance = (SELECT id FROM instance WHERE nom = 'P-n022-k08')), (SELECT id FROM point WHERE x=130 AND y=254 AND ninstance = (SELECT id FROM instance WHERE nom = 'P-n022-k08')), 28.42);
INSERT INTO route(ndepart, narrivee, distance) VALUES ( (SELECT id FROM point WHERE x=148 AND y=232 AND ninstance = (SELECT id FROM instance WHERE nom = 'P-n022-k08')), (SELECT id FROM point WHERE x=128 AND y=252 AND ninstance = (SELECT id FROM instance WHERE nom = 'P-n022-k08')), 28.28);
INSERT INTO route(ndepart, narrivee, distance) VALUES ( (SELECT id FROM point WHERE x=148 AND y=232 AND ninstance = (SELECT id FROM instance WHERE nom = 'P-n022-k08')), (SELECT id FROM point WHERE x=163 AND y=247 AND ninstance = (SELECT id FROM instance WHERE nom = 'P-n022-k08')), 21.21);
INSERT INTO route(ndepart, narrivee, distance) VALUES ( (SELECT id FROM point WHERE x=148 AND y=232 AND ninstance = (SELECT id FROM instance WHERE nom = 'P-n022-k08')), (SELECT id FROM point WHERE x=146 AND y=246 AND ninstance = (SELECT id FROM instance WHERE nom = 'P-n022-k08')), 14.14);
INSERT INTO route(ndepart, narrivee, distance) VALUES ( (SELECT id FROM point WHERE x=148 AND y=232 AND ninstance = (SELECT id FROM instance WHERE nom = 'P-n022-k08')), (SELECT id FROM point WHERE x=161 AND y=242 AND ninstance = (SELECT id FROM instance WHERE nom = 'P-n022-k08')), 16.4);
INSERT INTO route(ndepart, narrivee, distance) VALUES ( (SELECT id FROM point WHERE x=148 AND y=232 AND ninstance = (SELECT id FROM instance WHERE nom = 'P-n022-k08')), (SELECT id FROM point WHERE x=142 AND y=239 AND ninstance = (SELECT id FROM instance WHERE nom = 'P-n022-k08')), 9.21);
INSERT INTO route(ndepart, narrivee, distance) VALUES ( (SELECT id FROM point WHERE x=148 AND y=232 AND ninstance = (SELECT id FROM instance WHERE nom = 'P-n022-k08')), (SELECT id FROM point WHERE x=163 AND y=236 AND ninstance = (SELECT id FROM instance WHERE nom = 'P-n022-k08')), 15.52);
INSERT INTO route(ndepart, narrivee, distance) VALUES ( (SELECT id FROM point WHERE x=148 AND y=232 AND ninstance = (SELECT id FROM instance WHERE nom = 'P-n022-k08')), (SELECT id FROM point WHERE x=128 AND y=231 AND ninstance = (SELECT id FROM instance WHERE nom = 'P-n022-k08')), 20.02);
INSERT INTO route(ndepart, narrivee, distance) VALUES ( (SELECT id FROM point WHERE x=148 AND y=232 AND ninstance = (SELECT id FROM instance WHERE nom = 'P-n022-k08')), (SELECT id FROM point WHERE x=156 AND y=217 AND ninstance = (SELECT id FROM instance WHERE nom = 'P-n022-k08')), 17.0);
INSERT INTO route(ndepart, narrivee, distance) VALUES ( (SELECT id FROM point WHERE x=148 AND y=232 AND ninstance = (SELECT id FROM instance WHERE nom = 'P-n022-k08')), (SELECT id FROM point WHERE x=129 AND y=214 AND ninstance = (SELECT id FROM instance WHERE nom = 'P-n022-k08')), 26.17);
INSERT INTO route(ndepart, narrivee, distance) VALUES ( (SELECT id FROM point WHERE x=148 AND y=232 AND ninstance = (SELECT id FROM instance WHERE nom = 'P-n022-k08')), (SELECT id FROM point WHERE x=146 AND y=208 AND ninstance = (SELECT id FROM instance WHERE nom = 'P-n022-k08')), 24.08);
INSERT INTO route(ndepart, narrivee, distance) VALUES ( (SELECT id FROM point WHERE x=148 AND y=232 AND ninstance = (SELECT id FROM instance WHERE nom = 'P-n022-k08')), (SELECT id FROM point WHERE x=164 AND y=208 AND ninstance = (SELECT id FROM instance WHERE nom = 'P-n022-k08')), 28.84);
INSERT INTO route(ndepart, narrivee, distance) VALUES ( (SELECT id FROM point WHERE x=148 AND y=232 AND ninstance = (SELECT id FROM instance WHERE nom = 'P-n022-k08')), (SELECT id FROM point WHERE x=141 AND y=206 AND ninstance = (SELECT id FROM instance WHERE nom = 'P-n022-k08')), 26.92);
INSERT INTO route(ndepart, narrivee, distance) VALUES ( (SELECT id FROM point WHERE x=148 AND y=232 AND ninstance = (SELECT id FROM instance WHERE nom = 'P-n022-k08')), (SELECT id FROM point WHERE x=147 AND y=193 AND ninstance = (SELECT id FROM instance WHERE nom = 'P-n022-k08')), 39.01);
INSERT INTO route(ndepart, narrivee, distance) VALUES ( (SELECT id FROM point WHERE x=148 AND y=232 AND ninstance = (SELECT id FROM instance WHERE nom = 'P-n022-k08')), (SELECT id FROM point WHERE x=164 AND y=193 AND ninstance = (SELECT id FROM instance WHERE nom = 'P-n022-k08')), 42.15);
INSERT INTO route(ndepart, narrivee, distance) VALUES ( (SELECT id FROM point WHERE x=148 AND y=232 AND ninstance = (SELECT id FROM instance WHERE nom = 'P-n022-k08')), (SELECT id FROM point WHERE x=129 AND y=189 AND ninstance = (SELECT id FROM instance WHERE nom = 'P-n022-k08')), 47.01);
INSERT INTO route(ndepart, narrivee, distance) VALUES ( (SELECT id FROM point WHERE x=148 AND y=232 AND ninstance = (SELECT id FROM instance WHERE nom = 'P-n022-k08')), (SELECT id FROM point WHERE x=155 AND y=185 AND ninstance = (SELECT id FROM instance WHERE nom = 'P-n022-k08')), 47.51);
INSERT INTO route(ndepart, narrivee, distance) VALUES ( (SELECT id FROM point WHERE x=148 AND y=232 AND ninstance = (SELECT id FROM instance WHERE nom = 'P-n022-k08')), (SELECT id FROM point WHERE x=139 AND y=182 AND ninstance = (SELECT id FROM instance WHERE nom = 'P-n022-k08')), 50.8);
INSERT INTO route(ndepart, narrivee, distance) VALUES ( (SELECT id FROM point WHERE x=128 AND y=231 AND ninstance = (SELECT id FROM instance WHERE nom = 'P-n022-k08')), (SELECT id FROM point WHERE x=145 AND y=215 AND ninstance = (SELECT id FROM instance WHERE nom = 'P-n022-k08')), 23.34);
INSERT INTO route(ndepart, narrivee, distance) VALUES ( (SELECT id FROM point WHERE x=128 AND y=231 AND ninstance = (SELECT id FROM instance WHERE nom = 'P-n022-k08')), (SELECT id FROM point WHERE x=151 AND y=264 AND ninstance = (SELECT id FROM instance WHERE nom = 'P-n022-k08')), 40.22);
INSERT INTO route(ndepart, narrivee, distance) VALUES ( (SELECT id FROM point WHERE x=128 AND y=231 AND ninstance = (SELECT id FROM instance WHERE nom = 'P-n022-k08')), (SELECT id FROM point WHERE x=159 AND y=261 AND ninstance = (SELECT id FROM instance WHERE nom = 'P-n022-k08')), 43.13);
INSERT INTO route(ndepart, narrivee, distance) VALUES ( (SELECT id FROM point WHERE x=128 AND y=231 AND ninstance = (SELECT id FROM instance WHERE nom = 'P-n022-k08')), (SELECT id FROM point WHERE x=130 AND y=254 AND ninstance = (SELECT id FROM instance WHERE nom = 'P-n022-k08')), 23.08);
INSERT INTO route(ndepart, narrivee, distance) VALUES ( (SELECT id FROM point WHERE x=128 AND y=231 AND ninstance = (SELECT id FROM instance WHERE nom = 'P-n022-k08')), (SELECT id FROM point WHERE x=128 AND y=252 AND ninstance = (SELECT id FROM instance WHERE nom = 'P-n022-k08')), 21.0);
INSERT INTO route(ndepart, narrivee, distance) VALUES ( (SELECT id FROM point WHERE x=128 AND y=231 AND ninstance = (SELECT id FROM instance WHERE nom = 'P-n022-k08')), (SELECT id FROM point WHERE x=163 AND y=247 AND ninstance = (SELECT id FROM instance WHERE nom = 'P-n022-k08')), 38.48);
INSERT INTO route(ndepart, narrivee, distance) VALUES ( (SELECT id FROM point WHERE x=128 AND y=231 AND ninstance = (SELECT id FROM instance WHERE nom = 'P-n022-k08')), (SELECT id FROM point WHERE x=146 AND y=246 AND ninstance = (SELECT id FROM instance WHERE nom = 'P-n022-k08')), 23.43);
INSERT INTO route(ndepart, narrivee, distance) VALUES ( (SELECT id FROM point WHERE x=128 AND y=231 AND ninstance = (SELECT id FROM instance WHERE nom = 'P-n022-k08')), (SELECT id FROM point WHERE x=161 AND y=242 AND ninstance = (SELECT id FROM instance WHERE nom = 'P-n022-k08')), 34.78);
INSERT INTO route(ndepart, narrivee, distance) VALUES ( (SELECT id FROM point WHERE x=128 AND y=231 AND ninstance = (SELECT id FROM instance WHERE nom = 'P-n022-k08')), (SELECT id FROM point WHERE x=142 AND y=239 AND ninstance = (SELECT id FROM instance WHERE nom = 'P-n022-k08')), 16.12);
INSERT INTO route(ndepart, narrivee, distance) VALUES ( (SELECT id FROM point WHERE x=128 AND y=231 AND ninstance = (SELECT id FROM instance WHERE nom = 'P-n022-k08')), (SELECT id FROM point WHERE x=163 AND y=236 AND ninstance = (SELECT id FROM instance WHERE nom = 'P-n022-k08')), 35.35);
INSERT INTO route(ndepart, narrivee, distance) VALUES ( (SELECT id FROM point WHERE x=128 AND y=231 AND ninstance = (SELECT id FROM instance WHERE nom = 'P-n022-k08')), (SELECT id FROM point WHERE x=148 AND y=232 AND ninstance = (SELECT id FROM instance WHERE nom = 'P-n022-k08')), 20.02);
INSERT INTO route(ndepart, narrivee, distance) VALUES ( (SELECT id FROM point WHERE x=128 AND y=231 AND ninstance = (SELECT id FROM instance WHERE nom = 'P-n022-k08')), (SELECT id FROM point WHERE x=156 AND y=217 AND ninstance = (SELECT id FROM instance WHERE nom = 'P-n022-k08')), 31.3);
INSERT INTO route(ndepart, narrivee, distance) VALUES ( (SELECT id FROM point WHERE x=128 AND y=231 AND ninstance = (SELECT id FROM instance WHERE nom = 'P-n022-k08')), (SELECT id FROM point WHERE x=129 AND y=214 AND ninstance = (SELECT id FROM instance WHERE nom = 'P-n022-k08')), 17.02);
INSERT INTO route(ndepart, narrivee, distance) VALUES ( (SELECT id FROM point WHERE x=128 AND y=231 AND ninstance = (SELECT id FROM instance WHERE nom = 'P-n022-k08')), (SELECT id FROM point WHERE x=146 AND y=208 AND ninstance = (SELECT id FROM instance WHERE nom = 'P-n022-k08')), 29.2);
INSERT INTO route(ndepart, narrivee, distance) VALUES ( (SELECT id FROM point WHERE x=128 AND y=231 AND ninstance = (SELECT id FROM instance WHERE nom = 'P-n022-k08')), (SELECT id FROM point WHERE x=164 AND y=208 AND ninstance = (SELECT id FROM instance WHERE nom = 'P-n022-k08')), 42.72);
INSERT INTO route(ndepart, narrivee, distance) VALUES ( (SELECT id FROM point WHERE x=128 AND y=231 AND ninstance = (SELECT id FROM instance WHERE nom = 'P-n022-k08')), (SELECT id FROM point WHERE x=141 AND y=206 AND ninstance = (SELECT id FROM instance WHERE nom = 'P-n022-k08')), 28.17);
INSERT INTO route(ndepart, narrivee, distance) VALUES ( (SELECT id FROM point WHERE x=128 AND y=231 AND ninstance = (SELECT id FROM instance WHERE nom = 'P-n022-k08')), (SELECT id FROM point WHERE x=147 AND y=193 AND ninstance = (SELECT id FROM instance WHERE nom = 'P-n022-k08')), 42.48);
INSERT INTO route(ndepart, narrivee, distance) VALUES ( (SELECT id FROM point WHERE x=128 AND y=231 AND ninstance = (SELECT id FROM instance WHERE nom = 'P-n022-k08')), (SELECT id FROM point WHERE x=164 AND y=193 AND ninstance = (SELECT id FROM instance WHERE nom = 'P-n022-k08')), 52.34);
INSERT INTO route(ndepart, narrivee, distance) VALUES ( (SELECT id FROM point WHERE x=128 AND y=231 AND ninstance = (SELECT id FROM instance WHERE nom = 'P-n022-k08')), (SELECT id FROM point WHERE x=129 AND y=189 AND ninstance = (SELECT id FROM instance WHERE nom = 'P-n022-k08')), 42.01);
INSERT INTO route(ndepart, narrivee, distance) VALUES ( (SELECT id FROM point WHERE x=128 AND y=231 AND ninstance = (SELECT id FROM instance WHERE nom = 'P-n022-k08')), (SELECT id FROM point WHERE x=155 AND y=185 AND ninstance = (SELECT id FROM instance WHERE nom = 'P-n022-k08')), 53.33);
INSERT INTO route(ndepart, narrivee, distance) VALUES ( (SELECT id FROM point WHERE x=128 AND y=231 AND ninstance = (SELECT id FROM instance WHERE nom = 'P-n022-k08')), (SELECT id FROM point WHERE x=139 AND y=182 AND ninstance = (SELECT id FROM instance WHERE nom = 'P-n022-k08')), 50.21);
INSERT INTO route(ndepart, narrivee, distance) VALUES ( (SELECT id FROM point WHERE x=156 AND y=217 AND ninstance = (SELECT id FROM instance WHERE nom = 'P-n022-k08')), (SELECT id FROM point WHERE x=145 AND y=215 AND ninstance = (SELECT id FROM instance WHERE nom = 'P-n022-k08')), 11.18);
INSERT INTO route(ndepart, narrivee, distance) VALUES ( (SELECT id FROM point WHERE x=156 AND y=217 AND ninstance = (SELECT id FROM instance WHERE nom = 'P-n022-k08')), (SELECT id FROM point WHERE x=151 AND y=264 AND ninstance = (SELECT id FROM instance WHERE nom = 'P-n022-k08')), 47.26);
INSERT INTO route(ndepart, narrivee, distance) VALUES ( (SELECT id FROM point WHERE x=156 AND y=217 AND ninstance = (SELECT id FROM instance WHERE nom = 'P-n022-k08')), (SELECT id FROM point WHERE x=159 AND y=261 AND ninstance = (SELECT id FROM instance WHERE nom = 'P-n022-k08')), 44.1);
INSERT INTO route(ndepart, narrivee, distance) VALUES ( (SELECT id FROM point WHERE x=156 AND y=217 AND ninstance = (SELECT id FROM instance WHERE nom = 'P-n022-k08')), (SELECT id FROM point WHERE x=130 AND y=254 AND ninstance = (SELECT id FROM instance WHERE nom = 'P-n022-k08')), 45.22);
INSERT INTO route(ndepart, narrivee, distance) VALUES ( (SELECT id FROM point WHERE x=156 AND y=217 AND ninstance = (SELECT id FROM instance WHERE nom = 'P-n022-k08')), (SELECT id FROM point WHERE x=128 AND y=252 AND ninstance = (SELECT id FROM instance WHERE nom = 'P-n022-k08')), 44.82);
INSERT INTO route(ndepart, narrivee, distance) VALUES ( (SELECT id FROM point WHERE x=156 AND y=217 AND ninstance = (SELECT id FROM instance WHERE nom = 'P-n022-k08')), (SELECT id FROM point WHERE x=163 AND y=247 AND ninstance = (SELECT id FROM instance WHERE nom = 'P-n022-k08')), 30.8);
INSERT INTO route(ndepart, narrivee, distance) VALUES ( (SELECT id FROM point WHERE x=156 AND y=217 AND ninstance = (SELECT id FROM instance WHERE nom = 'P-n022-k08')), (SELECT id FROM point WHERE x=146 AND y=246 AND ninstance = (SELECT id FROM instance WHERE nom = 'P-n022-k08')), 30.67);
INSERT INTO route(ndepart, narrivee, distance) VALUES ( (SELECT id FROM point WHERE x=156 AND y=217 AND ninstance = (SELECT id FROM instance WHERE nom = 'P-n022-k08')), (SELECT id FROM point WHERE x=161 AND y=242 AND ninstance = (SELECT id FROM instance WHERE nom = 'P-n022-k08')), 25.49);
INSERT INTO route(ndepart, narrivee, distance) VALUES ( (SELECT id FROM point WHERE x=156 AND y=217 AND ninstance = (SELECT id FROM instance WHERE nom = 'P-n022-k08')), (SELECT id FROM point WHERE x=142 AND y=239 AND ninstance = (SELECT id FROM instance WHERE nom = 'P-n022-k08')), 26.07);
INSERT INTO route(ndepart, narrivee, distance) VALUES ( (SELECT id FROM point WHERE x=156 AND y=217 AND ninstance = (SELECT id FROM instance WHERE nom = 'P-n022-k08')), (SELECT id FROM point WHERE x=163 AND y=236 AND ninstance = (SELECT id FROM instance WHERE nom = 'P-n022-k08')), 20.24);
INSERT INTO route(ndepart, narrivee, distance) VALUES ( (SELECT id FROM point WHERE x=156 AND y=217 AND ninstance = (SELECT id FROM instance WHERE nom = 'P-n022-k08')), (SELECT id FROM point WHERE x=148 AND y=232 AND ninstance = (SELECT id FROM instance WHERE nom = 'P-n022-k08')), 17.0);
INSERT INTO route(ndepart, narrivee, distance) VALUES ( (SELECT id FROM point WHERE x=156 AND y=217 AND ninstance = (SELECT id FROM instance WHERE nom = 'P-n022-k08')), (SELECT id FROM point WHERE x=128 AND y=231 AND ninstance = (SELECT id FROM instance WHERE nom = 'P-n022-k08')), 31.3);
INSERT INTO route(ndepart, narrivee, distance) VALUES ( (SELECT id FROM point WHERE x=156 AND y=217 AND ninstance = (SELECT id FROM instance WHERE nom = 'P-n022-k08')), (SELECT id FROM point WHERE x=129 AND y=214 AND ninstance = (SELECT id FROM instance WHERE nom = 'P-n022-k08')), 27.16);
INSERT INTO route(ndepart, narrivee, distance) VALUES ( (SELECT id FROM point WHERE x=156 AND y=217 AND ninstance = (SELECT id FROM instance WHERE nom = 'P-n022-k08')), (SELECT id FROM point WHERE x=146 AND y=208 AND ninstance = (SELECT id FROM instance WHERE nom = 'P-n022-k08')), 13.45);
INSERT INTO route(ndepart, narrivee, distance) VALUES ( (SELECT id FROM point WHERE x=156 AND y=217 AND ninstance = (SELECT id FROM instance WHERE nom = 'P-n022-k08')), (SELECT id FROM point WHERE x=164 AND y=208 AND ninstance = (SELECT id FROM instance WHERE nom = 'P-n022-k08')), 12.04);
INSERT INTO route(ndepart, narrivee, distance) VALUES ( (SELECT id FROM point WHERE x=156 AND y=217 AND ninstance = (SELECT id FROM instance WHERE nom = 'P-n022-k08')), (SELECT id FROM point WHERE x=141 AND y=206 AND ninstance = (SELECT id FROM instance WHERE nom = 'P-n022-k08')), 18.6);
INSERT INTO route(ndepart, narrivee, distance) VALUES ( (SELECT id FROM point WHERE x=156 AND y=217 AND ninstance = (SELECT id FROM instance WHERE nom = 'P-n022-k08')), (SELECT id FROM point WHERE x=147 AND y=193 AND ninstance = (SELECT id FROM instance WHERE nom = 'P-n022-k08')), 25.63);
INSERT INTO route(ndepart, narrivee, distance) VALUES ( (SELECT id FROM point WHERE x=156 AND y=217 AND ninstance = (SELECT id FROM instance WHERE nom = 'P-n022-k08')), (SELECT id FROM point WHERE x=164 AND y=193 AND ninstance = (SELECT id FROM instance WHERE nom = 'P-n022-k08')), 25.29);
INSERT INTO route(ndepart, narrivee, distance) VALUES ( (SELECT id FROM point WHERE x=156 AND y=217 AND ninstance = (SELECT id FROM instance WHERE nom = 'P-n022-k08')), (SELECT id FROM point WHERE x=129 AND y=189 AND ninstance = (SELECT id FROM instance WHERE nom = 'P-n022-k08')), 38.89);
INSERT INTO route(ndepart, narrivee, distance) VALUES ( (SELECT id FROM point WHERE x=156 AND y=217 AND ninstance = (SELECT id FROM instance WHERE nom = 'P-n022-k08')), (SELECT id FROM point WHERE x=155 AND y=185 AND ninstance = (SELECT id FROM instance WHERE nom = 'P-n022-k08')), 32.01);
INSERT INTO route(ndepart, narrivee, distance) VALUES ( (SELECT id FROM point WHERE x=156 AND y=217 AND ninstance = (SELECT id FROM instance WHERE nom = 'P-n022-k08')), (SELECT id FROM point WHERE x=139 AND y=182 AND ninstance = (SELECT id FROM instance WHERE nom = 'P-n022-k08')), 38.91);
INSERT INTO route(ndepart, narrivee, distance) VALUES ( (SELECT id FROM point WHERE x=129 AND y=214 AND ninstance = (SELECT id FROM instance WHERE nom = 'P-n022-k08')), (SELECT id FROM point WHERE x=145 AND y=215 AND ninstance = (SELECT id FROM instance WHERE nom = 'P-n022-k08')), 16.03);
INSERT INTO route(ndepart, narrivee, distance) VALUES ( (SELECT id FROM point WHERE x=129 AND y=214 AND ninstance = (SELECT id FROM instance WHERE nom = 'P-n022-k08')), (SELECT id FROM point WHERE x=151 AND y=264 AND ninstance = (SELECT id FROM instance WHERE nom = 'P-n022-k08')), 54.62);
INSERT INTO route(ndepart, narrivee, distance) VALUES ( (SELECT id FROM point WHERE x=129 AND y=214 AND ninstance = (SELECT id FROM instance WHERE nom = 'P-n022-k08')), (SELECT id FROM point WHERE x=159 AND y=261 AND ninstance = (SELECT id FROM instance WHERE nom = 'P-n022-k08')), 55.75);
INSERT INTO route(ndepart, narrivee, distance) VALUES ( (SELECT id FROM point WHERE x=129 AND y=214 AND ninstance = (SELECT id FROM instance WHERE nom = 'P-n022-k08')), (SELECT id FROM point WHERE x=130 AND y=254 AND ninstance = (SELECT id FROM instance WHERE nom = 'P-n022-k08')), 40.01);
INSERT INTO route(ndepart, narrivee, distance) VALUES ( (SELECT id FROM point WHERE x=129 AND y=214 AND ninstance = (SELECT id FROM instance WHERE nom = 'P-n022-k08')), (SELECT id FROM point WHERE x=128 AND y=252 AND ninstance = (SELECT id FROM instance WHERE nom = 'P-n022-k08')), 38.01);
INSERT INTO route(ndepart, narrivee, distance) VALUES ( (SELECT id FROM point WHERE x=129 AND y=214 AND ninstance = (SELECT id FROM instance WHERE nom = 'P-n022-k08')), (SELECT id FROM point WHERE x=163 AND y=247 AND ninstance = (SELECT id FROM instance WHERE nom = 'P-n022-k08')), 47.38);
INSERT INTO route(ndepart, narrivee, distance) VALUES ( (SELECT id FROM point WHERE x=129 AND y=214 AND ninstance = (SELECT id FROM instance WHERE nom = 'P-n022-k08')), (SELECT id FROM point WHERE x=146 AND y=246 AND ninstance = (SELECT id FROM instance WHERE nom = 'P-n022-k08')), 36.23);
INSERT INTO route(ndepart, narrivee, distance) VALUES ( (SELECT id FROM point WHERE x=129 AND y=214 AND ninstance = (SELECT id FROM instance WHERE nom = 'P-n022-k08')), (SELECT id FROM point WHERE x=161 AND y=242 AND ninstance = (SELECT id FROM instance WHERE nom = 'P-n022-k08')), 42.52);
INSERT INTO route(ndepart, narrivee, distance) VALUES ( (SELECT id FROM point WHERE x=129 AND y=214 AND ninstance = (SELECT id FROM instance WHERE nom = 'P-n022-k08')), (SELECT id FROM point WHERE x=142 AND y=239 AND ninstance = (SELECT id FROM instance WHERE nom = 'P-n022-k08')), 28.17);
INSERT INTO route(ndepart, narrivee, distance) VALUES ( (SELECT id FROM point WHERE x=129 AND y=214 AND ninstance = (SELECT id FROM instance WHERE nom = 'P-n022-k08')), (SELECT id FROM point WHERE x=163 AND y=236 AND ninstance = (SELECT id FROM instance WHERE nom = 'P-n022-k08')), 40.49);
INSERT INTO route(ndepart, narrivee, distance) VALUES ( (SELECT id FROM point WHERE x=129 AND y=214 AND ninstance = (SELECT id FROM instance WHERE nom = 'P-n022-k08')), (SELECT id FROM point WHERE x=148 AND y=232 AND ninstance = (SELECT id FROM instance WHERE nom = 'P-n022-k08')), 26.17);
INSERT INTO route(ndepart, narrivee, distance) VALUES ( (SELECT id FROM point WHERE x=129 AND y=214 AND ninstance = (SELECT id FROM instance WHERE nom = 'P-n022-k08')), (SELECT id FROM point WHERE x=128 AND y=231 AND ninstance = (SELECT id FROM instance WHERE nom = 'P-n022-k08')), 17.02);
INSERT INTO route(ndepart, narrivee, distance) VALUES ( (SELECT id FROM point WHERE x=129 AND y=214 AND ninstance = (SELECT id FROM instance WHERE nom = 'P-n022-k08')), (SELECT id FROM point WHERE x=156 AND y=217 AND ninstance = (SELECT id FROM instance WHERE nom = 'P-n022-k08')), 27.16);
INSERT INTO route(ndepart, narrivee, distance) VALUES ( (SELECT id FROM point WHERE x=129 AND y=214 AND ninstance = (SELECT id FROM instance WHERE nom = 'P-n022-k08')), (SELECT id FROM point WHERE x=146 AND y=208 AND ninstance = (SELECT id FROM instance WHERE nom = 'P-n022-k08')), 18.02);
INSERT INTO route(ndepart, narrivee, distance) VALUES ( (SELECT id FROM point WHERE x=129 AND y=214 AND ninstance = (SELECT id FROM instance WHERE nom = 'P-n022-k08')), (SELECT id FROM point WHERE x=164 AND y=208 AND ninstance = (SELECT id FROM instance WHERE nom = 'P-n022-k08')), 35.51);
INSERT INTO route(ndepart, narrivee, distance) VALUES ( (SELECT id FROM point WHERE x=129 AND y=214 AND ninstance = (SELECT id FROM instance WHERE nom = 'P-n022-k08')), (SELECT id FROM point WHERE x=141 AND y=206 AND ninstance = (SELECT id FROM instance WHERE nom = 'P-n022-k08')), 14.42);
INSERT INTO route(ndepart, narrivee, distance) VALUES ( (SELECT id FROM point WHERE x=129 AND y=214 AND ninstance = (SELECT id FROM instance WHERE nom = 'P-n022-k08')), (SELECT id FROM point WHERE x=147 AND y=193 AND ninstance = (SELECT id FROM instance WHERE nom = 'P-n022-k08')), 27.65);
INSERT INTO route(ndepart, narrivee, distance) VALUES ( (SELECT id FROM point WHERE x=129 AND y=214 AND ninstance = (SELECT id FROM instance WHERE nom = 'P-n022-k08')), (SELECT id FROM point WHERE x=164 AND y=193 AND ninstance = (SELECT id FROM instance WHERE nom = 'P-n022-k08')), 40.81);
INSERT INTO route(ndepart, narrivee, distance) VALUES ( (SELECT id FROM point WHERE x=129 AND y=214 AND ninstance = (SELECT id FROM instance WHERE nom = 'P-n022-k08')), (SELECT id FROM point WHERE x=129 AND y=189 AND ninstance = (SELECT id FROM instance WHERE nom = 'P-n022-k08')), 25.0);
INSERT INTO route(ndepart, narrivee, distance) VALUES ( (SELECT id FROM point WHERE x=129 AND y=214 AND ninstance = (SELECT id FROM instance WHERE nom = 'P-n022-k08')), (SELECT id FROM point WHERE x=155 AND y=185 AND ninstance = (SELECT id FROM instance WHERE nom = 'P-n022-k08')), 38.94);
INSERT INTO route(ndepart, narrivee, distance) VALUES ( (SELECT id FROM point WHERE x=129 AND y=214 AND ninstance = (SELECT id FROM instance WHERE nom = 'P-n022-k08')), (SELECT id FROM point WHERE x=139 AND y=182 AND ninstance = (SELECT id FROM instance WHERE nom = 'P-n022-k08')), 33.52);
INSERT INTO route(ndepart, narrivee, distance) VALUES ( (SELECT id FROM point WHERE x=146 AND y=208 AND ninstance = (SELECT id FROM instance WHERE nom = 'P-n022-k08')), (SELECT id FROM point WHERE x=145 AND y=215 AND ninstance = (SELECT id FROM instance WHERE nom = 'P-n022-k08')), 7.07);
INSERT INTO route(ndepart, narrivee, distance) VALUES ( (SELECT id FROM point WHERE x=146 AND y=208 AND ninstance = (SELECT id FROM instance WHERE nom = 'P-n022-k08')), (SELECT id FROM point WHERE x=151 AND y=264 AND ninstance = (SELECT id FROM instance WHERE nom = 'P-n022-k08')), 56.22);
INSERT INTO route(ndepart, narrivee, distance) VALUES ( (SELECT id FROM point WHERE x=146 AND y=208 AND ninstance = (SELECT id FROM instance WHERE nom = 'P-n022-k08')), (SELECT id FROM point WHERE x=159 AND y=261 AND ninstance = (SELECT id FROM instance WHERE nom = 'P-n022-k08')), 54.57);
INSERT INTO route(ndepart, narrivee, distance) VALUES ( (SELECT id FROM point WHERE x=146 AND y=208 AND ninstance = (SELECT id FROM instance WHERE nom = 'P-n022-k08')), (SELECT id FROM point WHERE x=130 AND y=254 AND ninstance = (SELECT id FROM instance WHERE nom = 'P-n022-k08')), 48.7);
INSERT INTO route(ndepart, narrivee, distance) VALUES ( (SELECT id FROM point WHERE x=146 AND y=208 AND ninstance = (SELECT id FROM instance WHERE nom = 'P-n022-k08')), (SELECT id FROM point WHERE x=128 AND y=252 AND ninstance = (SELECT id FROM instance WHERE nom = 'P-n022-k08')), 47.53);
INSERT INTO route(ndepart, narrivee, distance) VALUES ( (SELECT id FROM point WHERE x=146 AND y=208 AND ninstance = (SELECT id FROM instance WHERE nom = 'P-n022-k08')), (SELECT id FROM point WHERE x=163 AND y=247 AND ninstance = (SELECT id FROM instance WHERE nom = 'P-n022-k08')), 42.54);
INSERT INTO route(ndepart, narrivee, distance) VALUES ( (SELECT id FROM point WHERE x=146 AND y=208 AND ninstance = (SELECT id FROM instance WHERE nom = 'P-n022-k08')), (SELECT id FROM point WHERE x=146 AND y=246 AND ninstance = (SELECT id FROM instance WHERE nom = 'P-n022-k08')), 38.0);
INSERT INTO route(ndepart, narrivee, distance) VALUES ( (SELECT id FROM point WHERE x=146 AND y=208 AND ninstance = (SELECT id FROM instance WHERE nom = 'P-n022-k08')), (SELECT id FROM point WHERE x=161 AND y=242 AND ninstance = (SELECT id FROM instance WHERE nom = 'P-n022-k08')), 37.16);
INSERT INTO route(ndepart, narrivee, distance) VALUES ( (SELECT id FROM point WHERE x=146 AND y=208 AND ninstance = (SELECT id FROM instance WHERE nom = 'P-n022-k08')), (SELECT id FROM point WHERE x=142 AND y=239 AND ninstance = (SELECT id FROM instance WHERE nom = 'P-n022-k08')), 31.25);
INSERT INTO route(ndepart, narrivee, distance) VALUES ( (SELECT id FROM point WHERE x=146 AND y=208 AND ninstance = (SELECT id FROM instance WHERE nom = 'P-n022-k08')), (SELECT id FROM point WHERE x=163 AND y=236 AND ninstance = (SELECT id FROM instance WHERE nom = 'P-n022-k08')), 32.75);
INSERT INTO route(ndepart, narrivee, distance) VALUES ( (SELECT id FROM point WHERE x=146 AND y=208 AND ninstance = (SELECT id FROM instance WHERE nom = 'P-n022-k08')), (SELECT id FROM point WHERE x=148 AND y=232 AND ninstance = (SELECT id FROM instance WHERE nom = 'P-n022-k08')), 24.08);
INSERT INTO route(ndepart, narrivee, distance) VALUES ( (SELECT id FROM point WHERE x=146 AND y=208 AND ninstance = (SELECT id FROM instance WHERE nom = 'P-n022-k08')), (SELECT id FROM point WHERE x=128 AND y=231 AND ninstance = (SELECT id FROM instance WHERE nom = 'P-n022-k08')), 29.2);
INSERT INTO route(ndepart, narrivee, distance) VALUES ( (SELECT id FROM point WHERE x=146 AND y=208 AND ninstance = (SELECT id FROM instance WHERE nom = 'P-n022-k08')), (SELECT id FROM point WHERE x=156 AND y=217 AND ninstance = (SELECT id FROM instance WHERE nom = 'P-n022-k08')), 13.45);
INSERT INTO route(ndepart, narrivee, distance) VALUES ( (SELECT id FROM point WHERE x=146 AND y=208 AND ninstance = (SELECT id FROM instance WHERE nom = 'P-n022-k08')), (SELECT id FROM point WHERE x=129 AND y=214 AND ninstance = (SELECT id FROM instance WHERE nom = 'P-n022-k08')), 18.02);
INSERT INTO route(ndepart, narrivee, distance) VALUES ( (SELECT id FROM point WHERE x=146 AND y=208 AND ninstance = (SELECT id FROM instance WHERE nom = 'P-n022-k08')), (SELECT id FROM point WHERE x=164 AND y=208 AND ninstance = (SELECT id FROM instance WHERE nom = 'P-n022-k08')), 18.0);
INSERT INTO route(ndepart, narrivee, distance) VALUES ( (SELECT id FROM point WHERE x=146 AND y=208 AND ninstance = (SELECT id FROM instance WHERE nom = 'P-n022-k08')), (SELECT id FROM point WHERE x=141 AND y=206 AND ninstance = (SELECT id FROM instance WHERE nom = 'P-n022-k08')), 5.38);
INSERT INTO route(ndepart, narrivee, distance) VALUES ( (SELECT id FROM point WHERE x=146 AND y=208 AND ninstance = (SELECT id FROM instance WHERE nom = 'P-n022-k08')), (SELECT id FROM point WHERE x=147 AND y=193 AND ninstance = (SELECT id FROM instance WHERE nom = 'P-n022-k08')), 15.03);
INSERT INTO route(ndepart, narrivee, distance) VALUES ( (SELECT id FROM point WHERE x=146 AND y=208 AND ninstance = (SELECT id FROM instance WHERE nom = 'P-n022-k08')), (SELECT id FROM point WHERE x=164 AND y=193 AND ninstance = (SELECT id FROM instance WHERE nom = 'P-n022-k08')), 23.43);
INSERT INTO route(ndepart, narrivee, distance) VALUES ( (SELECT id FROM point WHERE x=146 AND y=208 AND ninstance = (SELECT id FROM instance WHERE nom = 'P-n022-k08')), (SELECT id FROM point WHERE x=129 AND y=189 AND ninstance = (SELECT id FROM instance WHERE nom = 'P-n022-k08')), 25.49);
INSERT INTO route(ndepart, narrivee, distance) VALUES ( (SELECT id FROM point WHERE x=146 AND y=208 AND ninstance = (SELECT id FROM instance WHERE nom = 'P-n022-k08')), (SELECT id FROM point WHERE x=155 AND y=185 AND ninstance = (SELECT id FROM instance WHERE nom = 'P-n022-k08')), 24.69);
INSERT INTO route(ndepart, narrivee, distance) VALUES ( (SELECT id FROM point WHERE x=146 AND y=208 AND ninstance = (SELECT id FROM instance WHERE nom = 'P-n022-k08')), (SELECT id FROM point WHERE x=139 AND y=182 AND ninstance = (SELECT id FROM instance WHERE nom = 'P-n022-k08')), 26.92);
INSERT INTO route(ndepart, narrivee, distance) VALUES ( (SELECT id FROM point WHERE x=164 AND y=208 AND ninstance = (SELECT id FROM instance WHERE nom = 'P-n022-k08')), (SELECT id FROM point WHERE x=145 AND y=215 AND ninstance = (SELECT id FROM instance WHERE nom = 'P-n022-k08')), 20.24);
INSERT INTO route(ndepart, narrivee, distance) VALUES ( (SELECT id FROM point WHERE x=164 AND y=208 AND ninstance = (SELECT id FROM instance WHERE nom = 'P-n022-k08')), (SELECT id FROM point WHERE x=151 AND y=264 AND ninstance = (SELECT id FROM instance WHERE nom = 'P-n022-k08')), 57.48);
INSERT INTO route(ndepart, narrivee, distance) VALUES ( (SELECT id FROM point WHERE x=164 AND y=208 AND ninstance = (SELECT id FROM instance WHERE nom = 'P-n022-k08')), (SELECT id FROM point WHERE x=159 AND y=261 AND ninstance = (SELECT id FROM instance WHERE nom = 'P-n022-k08')), 53.23);
INSERT INTO route(ndepart, narrivee, distance) VALUES ( (SELECT id FROM point WHERE x=164 AND y=208 AND ninstance = (SELECT id FROM instance WHERE nom = 'P-n022-k08')), (SELECT id FROM point WHERE x=130 AND y=254 AND ninstance = (SELECT id FROM instance WHERE nom = 'P-n022-k08')), 57.2);
INSERT INTO route(ndepart, narrivee, distance) VALUES ( (SELECT id FROM point WHERE x=164 AND y=208 AND ninstance = (SELECT id FROM instance WHERE nom = 'P-n022-k08')), (SELECT id FROM point WHERE x=128 AND y=252 AND ninstance = (SELECT id FROM instance WHERE nom = 'P-n022-k08')), 56.85);
INSERT INTO route(ndepart, narrivee, distance) VALUES ( (SELECT id FROM point WHERE x=164 AND y=208 AND ninstance = (SELECT id FROM instance WHERE nom = 'P-n022-k08')), (SELECT id FROM point WHERE x=163 AND y=247 AND ninstance = (SELECT id FROM instance WHERE nom = 'P-n022-k08')), 39.01);
INSERT INTO route(ndepart, narrivee, distance) VALUES ( (SELECT id FROM point WHERE x=164 AND y=208 AND ninstance = (SELECT id FROM instance WHERE nom = 'P-n022-k08')), (SELECT id FROM point WHERE x=146 AND y=246 AND ninstance = (SELECT id FROM instance WHERE nom = 'P-n022-k08')), 42.04);
INSERT INTO route(ndepart, narrivee, distance) VALUES ( (SELECT id FROM point WHERE x=164 AND y=208 AND ninstance = (SELECT id FROM instance WHERE nom = 'P-n022-k08')), (SELECT id FROM point WHERE x=161 AND y=242 AND ninstance = (SELECT id FROM instance WHERE nom = 'P-n022-k08')), 34.13);
INSERT INTO route(ndepart, narrivee, distance) VALUES ( (SELECT id FROM point WHERE x=164 AND y=208 AND ninstance = (SELECT id FROM instance WHERE nom = 'P-n022-k08')), (SELECT id FROM point WHERE x=142 AND y=239 AND ninstance = (SELECT id FROM instance WHERE nom = 'P-n022-k08')), 38.01);
INSERT INTO route(ndepart, narrivee, distance) VALUES ( (SELECT id FROM point WHERE x=164 AND y=208 AND ninstance = (SELECT id FROM instance WHERE nom = 'P-n022-k08')), (SELECT id FROM point WHERE x=163 AND y=236 AND ninstance = (SELECT id FROM instance WHERE nom = 'P-n022-k08')), 28.01);
INSERT INTO route(ndepart, narrivee, distance) VALUES ( (SELECT id FROM point WHERE x=164 AND y=208 AND ninstance = (SELECT id FROM instance WHERE nom = 'P-n022-k08')), (SELECT id FROM point WHERE x=148 AND y=232 AND ninstance = (SELECT id FROM instance WHERE nom = 'P-n022-k08')), 28.84);
INSERT INTO route(ndepart, narrivee, distance) VALUES ( (SELECT id FROM point WHERE x=164 AND y=208 AND ninstance = (SELECT id FROM instance WHERE nom = 'P-n022-k08')), (SELECT id FROM point WHERE x=128 AND y=231 AND ninstance = (SELECT id FROM instance WHERE nom = 'P-n022-k08')), 42.72);
INSERT INTO route(ndepart, narrivee, distance) VALUES ( (SELECT id FROM point WHERE x=164 AND y=208 AND ninstance = (SELECT id FROM instance WHERE nom = 'P-n022-k08')), (SELECT id FROM point WHERE x=156 AND y=217 AND ninstance = (SELECT id FROM instance WHERE nom = 'P-n022-k08')), 12.04);
INSERT INTO route(ndepart, narrivee, distance) VALUES ( (SELECT id FROM point WHERE x=164 AND y=208 AND ninstance = (SELECT id FROM instance WHERE nom = 'P-n022-k08')), (SELECT id FROM point WHERE x=129 AND y=214 AND ninstance = (SELECT id FROM instance WHERE nom = 'P-n022-k08')), 35.51);
INSERT INTO route(ndepart, narrivee, distance) VALUES ( (SELECT id FROM point WHERE x=164 AND y=208 AND ninstance = (SELECT id FROM instance WHERE nom = 'P-n022-k08')), (SELECT id FROM point WHERE x=146 AND y=208 AND ninstance = (SELECT id FROM instance WHERE nom = 'P-n022-k08')), 18.0);
INSERT INTO route(ndepart, narrivee, distance) VALUES ( (SELECT id FROM point WHERE x=164 AND y=208 AND ninstance = (SELECT id FROM instance WHERE nom = 'P-n022-k08')), (SELECT id FROM point WHERE x=141 AND y=206 AND ninstance = (SELECT id FROM instance WHERE nom = 'P-n022-k08')), 23.08);
INSERT INTO route(ndepart, narrivee, distance) VALUES ( (SELECT id FROM point WHERE x=164 AND y=208 AND ninstance = (SELECT id FROM instance WHERE nom = 'P-n022-k08')), (SELECT id FROM point WHERE x=147 AND y=193 AND ninstance = (SELECT id FROM instance WHERE nom = 'P-n022-k08')), 22.67);
INSERT INTO route(ndepart, narrivee, distance) VALUES ( (SELECT id FROM point WHERE x=164 AND y=208 AND ninstance = (SELECT id FROM instance WHERE nom = 'P-n022-k08')), (SELECT id FROM point WHERE x=164 AND y=193 AND ninstance = (SELECT id FROM instance WHERE nom = 'P-n022-k08')), 15.0);
INSERT INTO route(ndepart, narrivee, distance) VALUES ( (SELECT id FROM point WHERE x=164 AND y=208 AND ninstance = (SELECT id FROM instance WHERE nom = 'P-n022-k08')), (SELECT id FROM point WHERE x=129 AND y=189 AND ninstance = (SELECT id FROM instance WHERE nom = 'P-n022-k08')), 39.82);
INSERT INTO route(ndepart, narrivee, distance) VALUES ( (SELECT id FROM point WHERE x=164 AND y=208 AND ninstance = (SELECT id FROM instance WHERE nom = 'P-n022-k08')), (SELECT id FROM point WHERE x=155 AND y=185 AND ninstance = (SELECT id FROM instance WHERE nom = 'P-n022-k08')), 24.69);
INSERT INTO route(ndepart, narrivee, distance) VALUES ( (SELECT id FROM point WHERE x=164 AND y=208 AND ninstance = (SELECT id FROM instance WHERE nom = 'P-n022-k08')), (SELECT id FROM point WHERE x=139 AND y=182 AND ninstance = (SELECT id FROM instance WHERE nom = 'P-n022-k08')), 36.06);
INSERT INTO route(ndepart, narrivee, distance) VALUES ( (SELECT id FROM point WHERE x=141 AND y=206 AND ninstance = (SELECT id FROM instance WHERE nom = 'P-n022-k08')), (SELECT id FROM point WHERE x=145 AND y=215 AND ninstance = (SELECT id FROM instance WHERE nom = 'P-n022-k08')), 9.84);
INSERT INTO route(ndepart, narrivee, distance) VALUES ( (SELECT id FROM point WHERE x=141 AND y=206 AND ninstance = (SELECT id FROM instance WHERE nom = 'P-n022-k08')), (SELECT id FROM point WHERE x=151 AND y=264 AND ninstance = (SELECT id FROM instance WHERE nom = 'P-n022-k08')), 58.85);
INSERT INTO route(ndepart, narrivee, distance) VALUES ( (SELECT id FROM point WHERE x=141 AND y=206 AND ninstance = (SELECT id FROM instance WHERE nom = 'P-n022-k08')), (SELECT id FROM point WHERE x=159 AND y=261 AND ninstance = (SELECT id FROM instance WHERE nom = 'P-n022-k08')), 57.87);
INSERT INTO route(ndepart, narrivee, distance) VALUES ( (SELECT id FROM point WHERE x=141 AND y=206 AND ninstance = (SELECT id FROM instance WHERE nom = 'P-n022-k08')), (SELECT id FROM point WHERE x=130 AND y=254 AND ninstance = (SELECT id FROM instance WHERE nom = 'P-n022-k08')), 49.24);
INSERT INTO route(ndepart, narrivee, distance) VALUES ( (SELECT id FROM point WHERE x=141 AND y=206 AND ninstance = (SELECT id FROM instance WHERE nom = 'P-n022-k08')), (SELECT id FROM point WHERE x=128 AND y=252 AND ninstance = (SELECT id FROM instance WHERE nom = 'P-n022-k08')), 47.8);
INSERT INTO route(ndepart, narrivee, distance) VALUES ( (SELECT id FROM point WHERE x=141 AND y=206 AND ninstance = (SELECT id FROM instance WHERE nom = 'P-n022-k08')), (SELECT id FROM point WHERE x=163 AND y=247 AND ninstance = (SELECT id FROM instance WHERE nom = 'P-n022-k08')), 46.52);
INSERT INTO route(ndepart, narrivee, distance) VALUES ( (SELECT id FROM point WHERE x=141 AND y=206 AND ninstance = (SELECT id FROM instance WHERE nom = 'P-n022-k08')), (SELECT id FROM point WHERE x=146 AND y=246 AND ninstance = (SELECT id FROM instance WHERE nom = 'P-n022-k08')), 40.31);
INSERT INTO route(ndepart, narrivee, distance) VALUES ( (SELECT id FROM point WHERE x=141 AND y=206 AND ninstance = (SELECT id FROM instance WHERE nom = 'P-n022-k08')), (SELECT id FROM point WHERE x=161 AND y=242 AND ninstance = (SELECT id FROM instance WHERE nom = 'P-n022-k08')), 41.18);
INSERT INTO route(ndepart, narrivee, distance) VALUES ( (SELECT id FROM point WHERE x=141 AND y=206 AND ninstance = (SELECT id FROM instance WHERE nom = 'P-n022-k08')), (SELECT id FROM point WHERE x=142 AND y=239 AND ninstance = (SELECT id FROM instance WHERE nom = 'P-n022-k08')), 33.01);
INSERT INTO route(ndepart, narrivee, distance) VALUES ( (SELECT id FROM point WHERE x=141 AND y=206 AND ninstance = (SELECT id FROM instance WHERE nom = 'P-n022-k08')), (SELECT id FROM point WHERE x=163 AND y=236 AND ninstance = (SELECT id FROM instance WHERE nom = 'P-n022-k08')), 37.2);
INSERT INTO route(ndepart, narrivee, distance) VALUES ( (SELECT id FROM point WHERE x=141 AND y=206 AND ninstance = (SELECT id FROM instance WHERE nom = 'P-n022-k08')), (SELECT id FROM point WHERE x=148 AND y=232 AND ninstance = (SELECT id FROM instance WHERE nom = 'P-n022-k08')), 26.92);
INSERT INTO route(ndepart, narrivee, distance) VALUES ( (SELECT id FROM point WHERE x=141 AND y=206 AND ninstance = (SELECT id FROM instance WHERE nom = 'P-n022-k08')), (SELECT id FROM point WHERE x=128 AND y=231 AND ninstance = (SELECT id FROM instance WHERE nom = 'P-n022-k08')), 28.17);
INSERT INTO route(ndepart, narrivee, distance) VALUES ( (SELECT id FROM point WHERE x=141 AND y=206 AND ninstance = (SELECT id FROM instance WHERE nom = 'P-n022-k08')), (SELECT id FROM point WHERE x=156 AND y=217 AND ninstance = (SELECT id FROM instance WHERE nom = 'P-n022-k08')), 18.6);
INSERT INTO route(ndepart, narrivee, distance) VALUES ( (SELECT id FROM point WHERE x=141 AND y=206 AND ninstance = (SELECT id FROM instance WHERE nom = 'P-n022-k08')), (SELECT id FROM point WHERE x=129 AND y=214 AND ninstance = (SELECT id FROM instance WHERE nom = 'P-n022-k08')), 14.42);
INSERT INTO route(ndepart, narrivee, distance) VALUES ( (SELECT id FROM point WHERE x=141 AND y=206 AND ninstance = (SELECT id FROM instance WHERE nom = 'P-n022-k08')), (SELECT id FROM point WHERE x=146 AND y=208 AND ninstance = (SELECT id FROM instance WHERE nom = 'P-n022-k08')), 5.38);
INSERT INTO route(ndepart, narrivee, distance) VALUES ( (SELECT id FROM point WHERE x=141 AND y=206 AND ninstance = (SELECT id FROM instance WHERE nom = 'P-n022-k08')), (SELECT id FROM point WHERE x=164 AND y=208 AND ninstance = (SELECT id FROM instance WHERE nom = 'P-n022-k08')), 23.08);
INSERT INTO route(ndepart, narrivee, distance) VALUES ( (SELECT id FROM point WHERE x=141 AND y=206 AND ninstance = (SELECT id FROM instance WHERE nom = 'P-n022-k08')), (SELECT id FROM point WHERE x=147 AND y=193 AND ninstance = (SELECT id FROM instance WHERE nom = 'P-n022-k08')), 14.31);
INSERT INTO route(ndepart, narrivee, distance) VALUES ( (SELECT id FROM point WHERE x=141 AND y=206 AND ninstance = (SELECT id FROM instance WHERE nom = 'P-n022-k08')), (SELECT id FROM point WHERE x=164 AND y=193 AND ninstance = (SELECT id FROM instance WHERE nom = 'P-n022-k08')), 26.41);
INSERT INTO route(ndepart, narrivee, distance) VALUES ( (SELECT id FROM point WHERE x=141 AND y=206 AND ninstance = (SELECT id FROM instance WHERE nom = 'P-n022-k08')), (SELECT id FROM point WHERE x=129 AND y=189 AND ninstance = (SELECT id FROM instance WHERE nom = 'P-n022-k08')), 20.8);
INSERT INTO route(ndepart, narrivee, distance) VALUES ( (SELECT id FROM point WHERE x=141 AND y=206 AND ninstance = (SELECT id FROM instance WHERE nom = 'P-n022-k08')), (SELECT id FROM point WHERE x=155 AND y=185 AND ninstance = (SELECT id FROM instance WHERE nom = 'P-n022-k08')), 25.23);
INSERT INTO route(ndepart, narrivee, distance) VALUES ( (SELECT id FROM point WHERE x=141 AND y=206 AND ninstance = (SELECT id FROM instance WHERE nom = 'P-n022-k08')), (SELECT id FROM point WHERE x=139 AND y=182 AND ninstance = (SELECT id FROM instance WHERE nom = 'P-n022-k08')), 24.08);
INSERT INTO route(ndepart, narrivee, distance) VALUES ( (SELECT id FROM point WHERE x=147 AND y=193 AND ninstance = (SELECT id FROM instance WHERE nom = 'P-n022-k08')), (SELECT id FROM point WHERE x=145 AND y=215 AND ninstance = (SELECT id FROM instance WHERE nom = 'P-n022-k08')), 22.09);
INSERT INTO route(ndepart, narrivee, distance) VALUES ( (SELECT id FROM point WHERE x=147 AND y=193 AND ninstance = (SELECT id FROM instance WHERE nom = 'P-n022-k08')), (SELECT id FROM point WHERE x=151 AND y=264 AND ninstance = (SELECT id FROM instance WHERE nom = 'P-n022-k08')), 71.11);
INSERT INTO route(ndepart, narrivee, distance) VALUES ( (SELECT id FROM point WHERE x=147 AND y=193 AND ninstance = (SELECT id FROM instance WHERE nom = 'P-n022-k08')), (SELECT id FROM point WHERE x=159 AND y=261 AND ninstance = (SELECT id FROM instance WHERE nom = 'P-n022-k08')), 69.05);
INSERT INTO route(ndepart, narrivee, distance) VALUES ( (SELECT id FROM point WHERE x=147 AND y=193 AND ninstance = (SELECT id FROM instance WHERE nom = 'P-n022-k08')), (SELECT id FROM point WHERE x=130 AND y=254 AND ninstance = (SELECT id FROM instance WHERE nom = 'P-n022-k08')), 63.32);
INSERT INTO route(ndepart, narrivee, distance) VALUES ( (SELECT id FROM point WHERE x=147 AND y=193 AND ninstance = (SELECT id FROM instance WHERE nom = 'P-n022-k08')), (SELECT id FROM point WHERE x=128 AND y=252 AND ninstance = (SELECT id FROM instance WHERE nom = 'P-n022-k08')), 61.98);
INSERT INTO route(ndepart, narrivee, distance) VALUES ( (SELECT id FROM point WHERE x=147 AND y=193 AND ninstance = (SELECT id FROM instance WHERE nom = 'P-n022-k08')), (SELECT id FROM point WHERE x=163 AND y=247 AND ninstance = (SELECT id FROM instance WHERE nom = 'P-n022-k08')), 56.32);
INSERT INTO route(ndepart, narrivee, distance) VALUES ( (SELECT id FROM point WHERE x=147 AND y=193 AND ninstance = (SELECT id FROM instance WHERE nom = 'P-n022-k08')), (SELECT id FROM point WHERE x=146 AND y=246 AND ninstance = (SELECT id FROM instance WHERE nom = 'P-n022-k08')), 53.0);
INSERT INTO route(ndepart, narrivee, distance) VALUES ( (SELECT id FROM point WHERE x=147 AND y=193 AND ninstance = (SELECT id FROM instance WHERE nom = 'P-n022-k08')), (SELECT id FROM point WHERE x=161 AND y=242 AND ninstance = (SELECT id FROM instance WHERE nom = 'P-n022-k08')), 50.96);
INSERT INTO route(ndepart, narrivee, distance) VALUES ( (SELECT id FROM point WHERE x=147 AND y=193 AND ninstance = (SELECT id FROM instance WHERE nom = 'P-n022-k08')), (SELECT id FROM point WHERE x=142 AND y=239 AND ninstance = (SELECT id FROM instance WHERE nom = 'P-n022-k08')), 46.27);
INSERT INTO route(ndepart, narrivee, distance) VALUES ( (SELECT id FROM point WHERE x=147 AND y=193 AND ninstance = (SELECT id FROM instance WHERE nom = 'P-n022-k08')), (SELECT id FROM point WHERE x=163 AND y=236 AND ninstance = (SELECT id FROM instance WHERE nom = 'P-n022-k08')), 45.88);
INSERT INTO route(ndepart, narrivee, distance) VALUES ( (SELECT id FROM point WHERE x=147 AND y=193 AND ninstance = (SELECT id FROM instance WHERE nom = 'P-n022-k08')), (SELECT id FROM point WHERE x=148 AND y=232 AND ninstance = (SELECT id FROM instance WHERE nom = 'P-n022-k08')), 39.01);
INSERT INTO route(ndepart, narrivee, distance) VALUES ( (SELECT id FROM point WHERE x=147 AND y=193 AND ninstance = (SELECT id FROM instance WHERE nom = 'P-n022-k08')), (SELECT id FROM point WHERE x=128 AND y=231 AND ninstance = (SELECT id FROM instance WHERE nom = 'P-n022-k08')), 42.48);
INSERT INTO route(ndepart, narrivee, distance) VALUES ( (SELECT id FROM point WHERE x=147 AND y=193 AND ninstance = (SELECT id FROM instance WHERE nom = 'P-n022-k08')), (SELECT id FROM point WHERE x=156 AND y=217 AND ninstance = (SELECT id FROM instance WHERE nom = 'P-n022-k08')), 25.63);
INSERT INTO route(ndepart, narrivee, distance) VALUES ( (SELECT id FROM point WHERE x=147 AND y=193 AND ninstance = (SELECT id FROM instance WHERE nom = 'P-n022-k08')), (SELECT id FROM point WHERE x=129 AND y=214 AND ninstance = (SELECT id FROM instance WHERE nom = 'P-n022-k08')), 27.65);
INSERT INTO route(ndepart, narrivee, distance) VALUES ( (SELECT id FROM point WHERE x=147 AND y=193 AND ninstance = (SELECT id FROM instance WHERE nom = 'P-n022-k08')), (SELECT id FROM point WHERE x=146 AND y=208 AND ninstance = (SELECT id FROM instance WHERE nom = 'P-n022-k08')), 15.03);
INSERT INTO route(ndepart, narrivee, distance) VALUES ( (SELECT id FROM point WHERE x=147 AND y=193 AND ninstance = (SELECT id FROM instance WHERE nom = 'P-n022-k08')), (SELECT id FROM point WHERE x=164 AND y=208 AND ninstance = (SELECT id FROM instance WHERE nom = 'P-n022-k08')), 22.67);
INSERT INTO route(ndepart, narrivee, distance) VALUES ( (SELECT id FROM point WHERE x=147 AND y=193 AND ninstance = (SELECT id FROM instance WHERE nom = 'P-n022-k08')), (SELECT id FROM point WHERE x=141 AND y=206 AND ninstance = (SELECT id FROM instance WHERE nom = 'P-n022-k08')), 14.31);
INSERT INTO route(ndepart, narrivee, distance) VALUES ( (SELECT id FROM point WHERE x=147 AND y=193 AND ninstance = (SELECT id FROM instance WHERE nom = 'P-n022-k08')), (SELECT id FROM point WHERE x=164 AND y=193 AND ninstance = (SELECT id FROM instance WHERE nom = 'P-n022-k08')), 17.0);
INSERT INTO route(ndepart, narrivee, distance) VALUES ( (SELECT id FROM point WHERE x=147 AND y=193 AND ninstance = (SELECT id FROM instance WHERE nom = 'P-n022-k08')), (SELECT id FROM point WHERE x=129 AND y=189 AND ninstance = (SELECT id FROM instance WHERE nom = 'P-n022-k08')), 18.43);
INSERT INTO route(ndepart, narrivee, distance) VALUES ( (SELECT id FROM point WHERE x=147 AND y=193 AND ninstance = (SELECT id FROM instance WHERE nom = 'P-n022-k08')), (SELECT id FROM point WHERE x=155 AND y=185 AND ninstance = (SELECT id FROM instance WHERE nom = 'P-n022-k08')), 11.31);
INSERT INTO route(ndepart, narrivee, distance) VALUES ( (SELECT id FROM point WHERE x=147 AND y=193 AND ninstance = (SELECT id FROM instance WHERE nom = 'P-n022-k08')), (SELECT id FROM point WHERE x=139 AND y=182 AND ninstance = (SELECT id FROM instance WHERE nom = 'P-n022-k08')), 13.6);
INSERT INTO route(ndepart, narrivee, distance) VALUES ( (SELECT id FROM point WHERE x=164 AND y=193 AND ninstance = (SELECT id FROM instance WHERE nom = 'P-n022-k08')), (SELECT id FROM point WHERE x=145 AND y=215 AND ninstance = (SELECT id FROM instance WHERE nom = 'P-n022-k08')), 29.06);
INSERT INTO route(ndepart, narrivee, distance) VALUES ( (SELECT id FROM point WHERE x=164 AND y=193 AND ninstance = (SELECT id FROM instance WHERE nom = 'P-n022-k08')), (SELECT id FROM point WHERE x=151 AND y=264 AND ninstance = (SELECT id FROM instance WHERE nom = 'P-n022-k08')), 72.18);
INSERT INTO route(ndepart, narrivee, distance) VALUES ( (SELECT id FROM point WHERE x=164 AND y=193 AND ninstance = (SELECT id FROM instance WHERE nom = 'P-n022-k08')), (SELECT id FROM point WHERE x=159 AND y=261 AND ninstance = (SELECT id FROM instance WHERE nom = 'P-n022-k08')), 68.18);
INSERT INTO route(ndepart, narrivee, distance) VALUES ( (SELECT id FROM point WHERE x=164 AND y=193 AND ninstance = (SELECT id FROM instance WHERE nom = 'P-n022-k08')), (SELECT id FROM point WHERE x=130 AND y=254 AND ninstance = (SELECT id FROM instance WHERE nom = 'P-n022-k08')), 69.83);
INSERT INTO route(ndepart, narrivee, distance) VALUES ( (SELECT id FROM point WHERE x=164 AND y=193 AND ninstance = (SELECT id FROM instance WHERE nom = 'P-n022-k08')), (SELECT id FROM point WHERE x=128 AND y=252 AND ninstance = (SELECT id FROM instance WHERE nom = 'P-n022-k08')), 69.11);
INSERT INTO route(ndepart, narrivee, distance) VALUES ( (SELECT id FROM point WHERE x=164 AND y=193 AND ninstance = (SELECT id FROM instance WHERE nom = 'P-n022-k08')), (SELECT id FROM point WHERE x=163 AND y=247 AND ninstance = (SELECT id FROM instance WHERE nom = 'P-n022-k08')), 54.0);
INSERT INTO route(ndepart, narrivee, distance) VALUES ( (SELECT id FROM point WHERE x=164 AND y=193 AND ninstance = (SELECT id FROM instance WHERE nom = 'P-n022-k08')), (SELECT id FROM point WHERE x=146 AND y=246 AND ninstance = (SELECT id FROM instance WHERE nom = 'P-n022-k08')), 55.97);
INSERT INTO route(ndepart, narrivee, distance) VALUES ( (SELECT id FROM point WHERE x=164 AND y=193 AND ninstance = (SELECT id FROM instance WHERE nom = 'P-n022-k08')), (SELECT id FROM point WHERE x=161 AND y=242 AND ninstance = (SELECT id FROM instance WHERE nom = 'P-n022-k08')), 49.09);
INSERT INTO route(ndepart, narrivee, distance) VALUES ( (SELECT id FROM point WHERE x=164 AND y=193 AND ninstance = (SELECT id FROM instance WHERE nom = 'P-n022-k08')), (SELECT id FROM point WHERE x=142 AND y=239 AND ninstance = (SELECT id FROM instance WHERE nom = 'P-n022-k08')), 50.99);
INSERT INTO route(ndepart, narrivee, distance) VALUES ( (SELECT id FROM point WHERE x=164 AND y=193 AND ninstance = (SELECT id FROM instance WHERE nom = 'P-n022-k08')), (SELECT id FROM point WHERE x=163 AND y=236 AND ninstance = (SELECT id FROM instance WHERE nom = 'P-n022-k08')), 43.01);
INSERT INTO route(ndepart, narrivee, distance) VALUES ( (SELECT id FROM point WHERE x=164 AND y=193 AND ninstance = (SELECT id FROM instance WHERE nom = 'P-n022-k08')), (SELECT id FROM point WHERE x=148 AND y=232 AND ninstance = (SELECT id FROM instance WHERE nom = 'P-n022-k08')), 42.15);
INSERT INTO route(ndepart, narrivee, distance) VALUES ( (SELECT id FROM point WHERE x=164 AND y=193 AND ninstance = (SELECT id FROM instance WHERE nom = 'P-n022-k08')), (SELECT id FROM point WHERE x=128 AND y=231 AND ninstance = (SELECT id FROM instance WHERE nom = 'P-n022-k08')), 52.34);
INSERT INTO route(ndepart, narrivee, distance) VALUES ( (SELECT id FROM point WHERE x=164 AND y=193 AND ninstance = (SELECT id FROM instance WHERE nom = 'P-n022-k08')), (SELECT id FROM point WHERE x=156 AND y=217 AND ninstance = (SELECT id FROM instance WHERE nom = 'P-n022-k08')), 25.29);
INSERT INTO route(ndepart, narrivee, distance) VALUES ( (SELECT id FROM point WHERE x=164 AND y=193 AND ninstance = (SELECT id FROM instance WHERE nom = 'P-n022-k08')), (SELECT id FROM point WHERE x=129 AND y=214 AND ninstance = (SELECT id FROM instance WHERE nom = 'P-n022-k08')), 40.81);
INSERT INTO route(ndepart, narrivee, distance) VALUES ( (SELECT id FROM point WHERE x=164 AND y=193 AND ninstance = (SELECT id FROM instance WHERE nom = 'P-n022-k08')), (SELECT id FROM point WHERE x=146 AND y=208 AND ninstance = (SELECT id FROM instance WHERE nom = 'P-n022-k08')), 23.43);
INSERT INTO route(ndepart, narrivee, distance) VALUES ( (SELECT id FROM point WHERE x=164 AND y=193 AND ninstance = (SELECT id FROM instance WHERE nom = 'P-n022-k08')), (SELECT id FROM point WHERE x=164 AND y=208 AND ninstance = (SELECT id FROM instance WHERE nom = 'P-n022-k08')), 15.0);
INSERT INTO route(ndepart, narrivee, distance) VALUES ( (SELECT id FROM point WHERE x=164 AND y=193 AND ninstance = (SELECT id FROM instance WHERE nom = 'P-n022-k08')), (SELECT id FROM point WHERE x=141 AND y=206 AND ninstance = (SELECT id FROM instance WHERE nom = 'P-n022-k08')), 26.41);
INSERT INTO route(ndepart, narrivee, distance) VALUES ( (SELECT id FROM point WHERE x=164 AND y=193 AND ninstance = (SELECT id FROM instance WHERE nom = 'P-n022-k08')), (SELECT id FROM point WHERE x=147 AND y=193 AND ninstance = (SELECT id FROM instance WHERE nom = 'P-n022-k08')), 17.0);
INSERT INTO route(ndepart, narrivee, distance) VALUES ( (SELECT id FROM point WHERE x=164 AND y=193 AND ninstance = (SELECT id FROM instance WHERE nom = 'P-n022-k08')), (SELECT id FROM point WHERE x=129 AND y=189 AND ninstance = (SELECT id FROM instance WHERE nom = 'P-n022-k08')), 35.22);
INSERT INTO route(ndepart, narrivee, distance) VALUES ( (SELECT id FROM point WHERE x=164 AND y=193 AND ninstance = (SELECT id FROM instance WHERE nom = 'P-n022-k08')), (SELECT id FROM point WHERE x=155 AND y=185 AND ninstance = (SELECT id FROM instance WHERE nom = 'P-n022-k08')), 12.04);
INSERT INTO route(ndepart, narrivee, distance) VALUES ( (SELECT id FROM point WHERE x=164 AND y=193 AND ninstance = (SELECT id FROM instance WHERE nom = 'P-n022-k08')), (SELECT id FROM point WHERE x=139 AND y=182 AND ninstance = (SELECT id FROM instance WHERE nom = 'P-n022-k08')), 27.31);
INSERT INTO route(ndepart, narrivee, distance) VALUES ( (SELECT id FROM point WHERE x=129 AND y=189 AND ninstance = (SELECT id FROM instance WHERE nom = 'P-n022-k08')), (SELECT id FROM point WHERE x=145 AND y=215 AND ninstance = (SELECT id FROM instance WHERE nom = 'P-n022-k08')), 30.52);
INSERT INTO route(ndepart, narrivee, distance) VALUES ( (SELECT id FROM point WHERE x=129 AND y=189 AND ninstance = (SELECT id FROM instance WHERE nom = 'P-n022-k08')), (SELECT id FROM point WHERE x=151 AND y=264 AND ninstance = (SELECT id FROM instance WHERE nom = 'P-n022-k08')), 78.16);
INSERT INTO route(ndepart, narrivee, distance) VALUES ( (SELECT id FROM point WHERE x=129 AND y=189 AND ninstance = (SELECT id FROM instance WHERE nom = 'P-n022-k08')), (SELECT id FROM point WHERE x=159 AND y=261 AND ninstance = (SELECT id FROM instance WHERE nom = 'P-n022-k08')), 78.0);
INSERT INTO route(ndepart, narrivee, distance) VALUES ( (SELECT id FROM point WHERE x=129 AND y=189 AND ninstance = (SELECT id FROM instance WHERE nom = 'P-n022-k08')), (SELECT id FROM point WHERE x=130 AND y=254 AND ninstance = (SELECT id FROM instance WHERE nom = 'P-n022-k08')), 65.0);
INSERT INTO route(ndepart, narrivee, distance) VALUES ( (SELECT id FROM point WHERE x=129 AND y=189 AND ninstance = (SELECT id FROM instance WHERE nom = 'P-n022-k08')), (SELECT id FROM point WHERE x=128 AND y=252 AND ninstance = (SELECT id FROM instance WHERE nom = 'P-n022-k08')), 63.0);
INSERT INTO route(ndepart, narrivee, distance) VALUES ( (SELECT id FROM point WHERE x=129 AND y=189 AND ninstance = (SELECT id FROM instance WHERE nom = 'P-n022-k08')), (SELECT id FROM point WHERE x=163 AND y=247 AND ninstance = (SELECT id FROM instance WHERE nom = 'P-n022-k08')), 67.23);
INSERT INTO route(ndepart, narrivee, distance) VALUES ( (SELECT id FROM point WHERE x=129 AND y=189 AND ninstance = (SELECT id FROM instance WHERE nom = 'P-n022-k08')), (SELECT id FROM point WHERE x=146 AND y=246 AND ninstance = (SELECT id FROM instance WHERE nom = 'P-n022-k08')), 59.48);
INSERT INTO route(ndepart, narrivee, distance) VALUES ( (SELECT id FROM point WHERE x=129 AND y=189 AND ninstance = (SELECT id FROM instance WHERE nom = 'P-n022-k08')), (SELECT id FROM point WHERE x=161 AND y=242 AND ninstance = (SELECT id FROM instance WHERE nom = 'P-n022-k08')), 61.91);
INSERT INTO route(ndepart, narrivee, distance) VALUES ( (SELECT id FROM point WHERE x=129 AND y=189 AND ninstance = (SELECT id FROM instance WHERE nom = 'P-n022-k08')), (SELECT id FROM point WHERE x=142 AND y=239 AND ninstance = (SELECT id FROM instance WHERE nom = 'P-n022-k08')), 51.66);
INSERT INTO route(ndepart, narrivee, distance) VALUES ( (SELECT id FROM point WHERE x=129 AND y=189 AND ninstance = (SELECT id FROM instance WHERE nom = 'P-n022-k08')), (SELECT id FROM point WHERE x=163 AND y=236 AND ninstance = (SELECT id FROM instance WHERE nom = 'P-n022-k08')), 58.0);
INSERT INTO route(ndepart, narrivee, distance) VALUES ( (SELECT id FROM point WHERE x=129 AND y=189 AND ninstance = (SELECT id FROM instance WHERE nom = 'P-n022-k08')), (SELECT id FROM point WHERE x=148 AND y=232 AND ninstance = (SELECT id FROM instance WHERE nom = 'P-n022-k08')), 47.01);
INSERT INTO route(ndepart, narrivee, distance) VALUES ( (SELECT id FROM point WHERE x=129 AND y=189 AND ninstance = (SELECT id FROM instance WHERE nom = 'P-n022-k08')), (SELECT id FROM point WHERE x=128 AND y=231 AND ninstance = (SELECT id FROM instance WHERE nom = 'P-n022-k08')), 42.01);
INSERT INTO route(ndepart, narrivee, distance) VALUES ( (SELECT id FROM point WHERE x=129 AND y=189 AND ninstance = (SELECT id FROM instance WHERE nom = 'P-n022-k08')), (SELECT id FROM point WHERE x=156 AND y=217 AND ninstance = (SELECT id FROM instance WHERE nom = 'P-n022-k08')), 38.89);
INSERT INTO route(ndepart, narrivee, distance) VALUES ( (SELECT id FROM point WHERE x=129 AND y=189 AND ninstance = (SELECT id FROM instance WHERE nom = 'P-n022-k08')), (SELECT id FROM point WHERE x=129 AND y=214 AND ninstance = (SELECT id FROM instance WHERE nom = 'P-n022-k08')), 25.0);
INSERT INTO route(ndepart, narrivee, distance) VALUES ( (SELECT id FROM point WHERE x=129 AND y=189 AND ninstance = (SELECT id FROM instance WHERE nom = 'P-n022-k08')), (SELECT id FROM point WHERE x=146 AND y=208 AND ninstance = (SELECT id FROM instance WHERE nom = 'P-n022-k08')), 25.49);
INSERT INTO route(ndepart, narrivee, distance) VALUES ( (SELECT id FROM point WHERE x=129 AND y=189 AND ninstance = (SELECT id FROM instance WHERE nom = 'P-n022-k08')), (SELECT id FROM point WHERE x=164 AND y=208 AND ninstance = (SELECT id FROM instance WHERE nom = 'P-n022-k08')), 39.82);
INSERT INTO route(ndepart, narrivee, distance) VALUES ( (SELECT id FROM point WHERE x=129 AND y=189 AND ninstance = (SELECT id FROM instance WHERE nom = 'P-n022-k08')), (SELECT id FROM point WHERE x=141 AND y=206 AND ninstance = (SELECT id FROM instance WHERE nom = 'P-n022-k08')), 20.8);
INSERT INTO route(ndepart, narrivee, distance) VALUES ( (SELECT id FROM point WHERE x=129 AND y=189 AND ninstance = (SELECT id FROM instance WHERE nom = 'P-n022-k08')), (SELECT id FROM point WHERE x=147 AND y=193 AND ninstance = (SELECT id FROM instance WHERE nom = 'P-n022-k08')), 18.43);
INSERT INTO route(ndepart, narrivee, distance) VALUES ( (SELECT id FROM point WHERE x=129 AND y=189 AND ninstance = (SELECT id FROM instance WHERE nom = 'P-n022-k08')), (SELECT id FROM point WHERE x=164 AND y=193 AND ninstance = (SELECT id FROM instance WHERE nom = 'P-n022-k08')), 35.22);
INSERT INTO route(ndepart, narrivee, distance) VALUES ( (SELECT id FROM point WHERE x=129 AND y=189 AND ninstance = (SELECT id FROM instance WHERE nom = 'P-n022-k08')), (SELECT id FROM point WHERE x=155 AND y=185 AND ninstance = (SELECT id FROM instance WHERE nom = 'P-n022-k08')), 26.3);
INSERT INTO route(ndepart, narrivee, distance) VALUES ( (SELECT id FROM point WHERE x=129 AND y=189 AND ninstance = (SELECT id FROM instance WHERE nom = 'P-n022-k08')), (SELECT id FROM point WHERE x=139 AND y=182 AND ninstance = (SELECT id FROM instance WHERE nom = 'P-n022-k08')), 12.2);
INSERT INTO route(ndepart, narrivee, distance) VALUES ( (SELECT id FROM point WHERE x=155 AND y=185 AND ninstance = (SELECT id FROM instance WHERE nom = 'P-n022-k08')), (SELECT id FROM point WHERE x=145 AND y=215 AND ninstance = (SELECT id FROM instance WHERE nom = 'P-n022-k08')), 31.62);
INSERT INTO route(ndepart, narrivee, distance) VALUES ( (SELECT id FROM point WHERE x=155 AND y=185 AND ninstance = (SELECT id FROM instance WHERE nom = 'P-n022-k08')), (SELECT id FROM point WHERE x=151 AND y=264 AND ninstance = (SELECT id FROM instance WHERE nom = 'P-n022-k08')), 79.1);
INSERT INTO route(ndepart, narrivee, distance) VALUES ( (SELECT id FROM point WHERE x=155 AND y=185 AND ninstance = (SELECT id FROM instance WHERE nom = 'P-n022-k08')), (SELECT id FROM point WHERE x=159 AND y=261 AND ninstance = (SELECT id FROM instance WHERE nom = 'P-n022-k08')), 76.1);
INSERT INTO route(ndepart, narrivee, distance) VALUES ( (SELECT id FROM point WHERE x=155 AND y=185 AND ninstance = (SELECT id FROM instance WHERE nom = 'P-n022-k08')), (SELECT id FROM point WHERE x=130 AND y=254 AND ninstance = (SELECT id FROM instance WHERE nom = 'P-n022-k08')), 73.38);
INSERT INTO route(ndepart, narrivee, distance) VALUES ( (SELECT id FROM point WHERE x=155 AND y=185 AND ninstance = (SELECT id FROM instance WHERE nom = 'P-n022-k08')), (SELECT id FROM point WHERE x=128 AND y=252 AND ninstance = (SELECT id FROM instance WHERE nom = 'P-n022-k08')), 72.23);
INSERT INTO route(ndepart, narrivee, distance) VALUES ( (SELECT id FROM point WHERE x=155 AND y=185 AND ninstance = (SELECT id FROM instance WHERE nom = 'P-n022-k08')), (SELECT id FROM point WHERE x=163 AND y=247 AND ninstance = (SELECT id FROM instance WHERE nom = 'P-n022-k08')), 62.51);
INSERT INTO route(ndepart, narrivee, distance) VALUES ( (SELECT id FROM point WHERE x=155 AND y=185 AND ninstance = (SELECT id FROM instance WHERE nom = 'P-n022-k08')), (SELECT id FROM point WHERE x=146 AND y=246 AND ninstance = (SELECT id FROM instance WHERE nom = 'P-n022-k08')), 61.66);
INSERT INTO route(ndepart, narrivee, distance) VALUES ( (SELECT id FROM point WHERE x=155 AND y=185 AND ninstance = (SELECT id FROM instance WHERE nom = 'P-n022-k08')), (SELECT id FROM point WHERE x=161 AND y=242 AND ninstance = (SELECT id FROM instance WHERE nom = 'P-n022-k08')), 57.31);
INSERT INTO route(ndepart, narrivee, distance) VALUES ( (SELECT id FROM point WHERE x=155 AND y=185 AND ninstance = (SELECT id FROM instance WHERE nom = 'P-n022-k08')), (SELECT id FROM point WHERE x=142 AND y=239 AND ninstance = (SELECT id FROM instance WHERE nom = 'P-n022-k08')), 55.54);
INSERT INTO route(ndepart, narrivee, distance) VALUES ( (SELECT id FROM point WHERE x=155 AND y=185 AND ninstance = (SELECT id FROM instance WHERE nom = 'P-n022-k08')), (SELECT id FROM point WHERE x=163 AND y=236 AND ninstance = (SELECT id FROM instance WHERE nom = 'P-n022-k08')), 51.62);
INSERT INTO route(ndepart, narrivee, distance) VALUES ( (SELECT id FROM point WHERE x=155 AND y=185 AND ninstance = (SELECT id FROM instance WHERE nom = 'P-n022-k08')), (SELECT id FROM point WHERE x=148 AND y=232 AND ninstance = (SELECT id FROM instance WHERE nom = 'P-n022-k08')), 47.51);
INSERT INTO route(ndepart, narrivee, distance) VALUES ( (SELECT id FROM point WHERE x=155 AND y=185 AND ninstance = (SELECT id FROM instance WHERE nom = 'P-n022-k08')), (SELECT id FROM point WHERE x=128 AND y=231 AND ninstance = (SELECT id FROM instance WHERE nom = 'P-n022-k08')), 53.33);
INSERT INTO route(ndepart, narrivee, distance) VALUES ( (SELECT id FROM point WHERE x=155 AND y=185 AND ninstance = (SELECT id FROM instance WHERE nom = 'P-n022-k08')), (SELECT id FROM point WHERE x=156 AND y=217 AND ninstance = (SELECT id FROM instance WHERE nom = 'P-n022-k08')), 32.01);
INSERT INTO route(ndepart, narrivee, distance) VALUES ( (SELECT id FROM point WHERE x=155 AND y=185 AND ninstance = (SELECT id FROM instance WHERE nom = 'P-n022-k08')), (SELECT id FROM point WHERE x=129 AND y=214 AND ninstance = (SELECT id FROM instance WHERE nom = 'P-n022-k08')), 38.94);
INSERT INTO route(ndepart, narrivee, distance) VALUES ( (SELECT id FROM point WHERE x=155 AND y=185 AND ninstance = (SELECT id FROM instance WHERE nom = 'P-n022-k08')), (SELECT id FROM point WHERE x=146 AND y=208 AND ninstance = (SELECT id FROM instance WHERE nom = 'P-n022-k08')), 24.69);
INSERT INTO route(ndepart, narrivee, distance) VALUES ( (SELECT id FROM point WHERE x=155 AND y=185 AND ninstance = (SELECT id FROM instance WHERE nom = 'P-n022-k08')), (SELECT id FROM point WHERE x=164 AND y=208 AND ninstance = (SELECT id FROM instance WHERE nom = 'P-n022-k08')), 24.69);
INSERT INTO route(ndepart, narrivee, distance) VALUES ( (SELECT id FROM point WHERE x=155 AND y=185 AND ninstance = (SELECT id FROM instance WHERE nom = 'P-n022-k08')), (SELECT id FROM point WHERE x=141 AND y=206 AND ninstance = (SELECT id FROM instance WHERE nom = 'P-n022-k08')), 25.23);
INSERT INTO route(ndepart, narrivee, distance) VALUES ( (SELECT id FROM point WHERE x=155 AND y=185 AND ninstance = (SELECT id FROM instance WHERE nom = 'P-n022-k08')), (SELECT id FROM point WHERE x=147 AND y=193 AND ninstance = (SELECT id FROM instance WHERE nom = 'P-n022-k08')), 11.31);
INSERT INTO route(ndepart, narrivee, distance) VALUES ( (SELECT id FROM point WHERE x=155 AND y=185 AND ninstance = (SELECT id FROM instance WHERE nom = 'P-n022-k08')), (SELECT id FROM point WHERE x=164 AND y=193 AND ninstance = (SELECT id FROM instance WHERE nom = 'P-n022-k08')), 12.04);
INSERT INTO route(ndepart, narrivee, distance) VALUES ( (SELECT id FROM point WHERE x=155 AND y=185 AND ninstance = (SELECT id FROM instance WHERE nom = 'P-n022-k08')), (SELECT id FROM point WHERE x=129 AND y=189 AND ninstance = (SELECT id FROM instance WHERE nom = 'P-n022-k08')), 26.3);
INSERT INTO route(ndepart, narrivee, distance) VALUES ( (SELECT id FROM point WHERE x=155 AND y=185 AND ninstance = (SELECT id FROM instance WHERE nom = 'P-n022-k08')), (SELECT id FROM point WHERE x=139 AND y=182 AND ninstance = (SELECT id FROM instance WHERE nom = 'P-n022-k08')), 16.27);
INSERT INTO route(ndepart, narrivee, distance) VALUES ( (SELECT id FROM point WHERE x=139 AND y=182 AND ninstance = (SELECT id FROM instance WHERE nom = 'P-n022-k08')), (SELECT id FROM point WHERE x=145 AND y=215 AND ninstance = (SELECT id FROM instance WHERE nom = 'P-n022-k08')), 33.54);
INSERT INTO route(ndepart, narrivee, distance) VALUES ( (SELECT id FROM point WHERE x=139 AND y=182 AND ninstance = (SELECT id FROM instance WHERE nom = 'P-n022-k08')), (SELECT id FROM point WHERE x=151 AND y=264 AND ninstance = (SELECT id FROM instance WHERE nom = 'P-n022-k08')), 82.87);
INSERT INTO route(ndepart, narrivee, distance) VALUES ( (SELECT id FROM point WHERE x=139 AND y=182 AND ninstance = (SELECT id FROM instance WHERE nom = 'P-n022-k08')), (SELECT id FROM point WHERE x=159 AND y=261 AND ninstance = (SELECT id FROM instance WHERE nom = 'P-n022-k08')), 81.49);
INSERT INTO route(ndepart, narrivee, distance) VALUES ( (SELECT id FROM point WHERE x=139 AND y=182 AND ninstance = (SELECT id FROM instance WHERE nom = 'P-n022-k08')), (SELECT id FROM point WHERE x=130 AND y=254 AND ninstance = (SELECT id FROM instance WHERE nom = 'P-n022-k08')), 72.56);
INSERT INTO route(ndepart, narrivee, distance) VALUES ( (SELECT id FROM point WHERE x=139 AND y=182 AND ninstance = (SELECT id FROM instance WHERE nom = 'P-n022-k08')), (SELECT id FROM point WHERE x=128 AND y=252 AND ninstance = (SELECT id FROM instance WHERE nom = 'P-n022-k08')), 70.85);
INSERT INTO route(ndepart, narrivee, distance) VALUES ( (SELECT id FROM point WHERE x=139 AND y=182 AND ninstance = (SELECT id FROM instance WHERE nom = 'P-n022-k08')), (SELECT id FROM point WHERE x=163 AND y=247 AND ninstance = (SELECT id FROM instance WHERE nom = 'P-n022-k08')), 69.28);
INSERT INTO route(ndepart, narrivee, distance) VALUES ( (SELECT id FROM point WHERE x=139 AND y=182 AND ninstance = (SELECT id FROM instance WHERE nom = 'P-n022-k08')), (SELECT id FROM point WHERE x=146 AND y=246 AND ninstance = (SELECT id FROM instance WHERE nom = 'P-n022-k08')), 64.38);
INSERT INTO route(ndepart, narrivee, distance) VALUES ( (SELECT id FROM point WHERE x=139 AND y=182 AND ninstance = (SELECT id FROM instance WHERE nom = 'P-n022-k08')), (SELECT id FROM point WHERE x=161 AND y=242 AND ninstance = (SELECT id FROM instance WHERE nom = 'P-n022-k08')), 63.9);
INSERT INTO route(ndepart, narrivee, distance) VALUES ( (SELECT id FROM point WHERE x=139 AND y=182 AND ninstance = (SELECT id FROM instance WHERE nom = 'P-n022-k08')), (SELECT id FROM point WHERE x=142 AND y=239 AND ninstance = (SELECT id FROM instance WHERE nom = 'P-n022-k08')), 57.07);
INSERT INTO route(ndepart, narrivee, distance) VALUES ( (SELECT id FROM point WHERE x=139 AND y=182 AND ninstance = (SELECT id FROM instance WHERE nom = 'P-n022-k08')), (SELECT id FROM point WHERE x=163 AND y=236 AND ninstance = (SELECT id FROM instance WHERE nom = 'P-n022-k08')), 59.09);
INSERT INTO route(ndepart, narrivee, distance) VALUES ( (SELECT id FROM point WHERE x=139 AND y=182 AND ninstance = (SELECT id FROM instance WHERE nom = 'P-n022-k08')), (SELECT id FROM point WHERE x=148 AND y=232 AND ninstance = (SELECT id FROM instance WHERE nom = 'P-n022-k08')), 50.8);
INSERT INTO route(ndepart, narrivee, distance) VALUES ( (SELECT id FROM point WHERE x=139 AND y=182 AND ninstance = (SELECT id FROM instance WHERE nom = 'P-n022-k08')), (SELECT id FROM point WHERE x=128 AND y=231 AND ninstance = (SELECT id FROM instance WHERE nom = 'P-n022-k08')), 50.21);
INSERT INTO route(ndepart, narrivee, distance) VALUES ( (SELECT id FROM point WHERE x=139 AND y=182 AND ninstance = (SELECT id FROM instance WHERE nom = 'P-n022-k08')), (SELECT id FROM point WHERE x=156 AND y=217 AND ninstance = (SELECT id FROM instance WHERE nom = 'P-n022-k08')), 38.91);
INSERT INTO route(ndepart, narrivee, distance) VALUES ( (SELECT id FROM point WHERE x=139 AND y=182 AND ninstance = (SELECT id FROM instance WHERE nom = 'P-n022-k08')), (SELECT id FROM point WHERE x=129 AND y=214 AND ninstance = (SELECT id FROM instance WHERE nom = 'P-n022-k08')), 33.52);
INSERT INTO route(ndepart, narrivee, distance) VALUES ( (SELECT id FROM point WHERE x=139 AND y=182 AND ninstance = (SELECT id FROM instance WHERE nom = 'P-n022-k08')), (SELECT id FROM point WHERE x=146 AND y=208 AND ninstance = (SELECT id FROM instance WHERE nom = 'P-n022-k08')), 26.92);
INSERT INTO route(ndepart, narrivee, distance) VALUES ( (SELECT id FROM point WHERE x=139 AND y=182 AND ninstance = (SELECT id FROM instance WHERE nom = 'P-n022-k08')), (SELECT id FROM point WHERE x=164 AND y=208 AND ninstance = (SELECT id FROM instance WHERE nom = 'P-n022-k08')), 36.06);
INSERT INTO route(ndepart, narrivee, distance) VALUES ( (SELECT id FROM point WHERE x=139 AND y=182 AND ninstance = (SELECT id FROM instance WHERE nom = 'P-n022-k08')), (SELECT id FROM point WHERE x=141 AND y=206 AND ninstance = (SELECT id FROM instance WHERE nom = 'P-n022-k08')), 24.08);
INSERT INTO route(ndepart, narrivee, distance) VALUES ( (SELECT id FROM point WHERE x=139 AND y=182 AND ninstance = (SELECT id FROM instance WHERE nom = 'P-n022-k08')), (SELECT id FROM point WHERE x=147 AND y=193 AND ninstance = (SELECT id FROM instance WHERE nom = 'P-n022-k08')), 13.6);
INSERT INTO route(ndepart, narrivee, distance) VALUES ( (SELECT id FROM point WHERE x=139 AND y=182 AND ninstance = (SELECT id FROM instance WHERE nom = 'P-n022-k08')), (SELECT id FROM point WHERE x=164 AND y=193 AND ninstance = (SELECT id FROM instance WHERE nom = 'P-n022-k08')), 27.31);
INSERT INTO route(ndepart, narrivee, distance) VALUES ( (SELECT id FROM point WHERE x=139 AND y=182 AND ninstance = (SELECT id FROM instance WHERE nom = 'P-n022-k08')), (SELECT id FROM point WHERE x=129 AND y=189 AND ninstance = (SELECT id FROM instance WHERE nom = 'P-n022-k08')), 12.2);
INSERT INTO route(ndepart, narrivee, distance) VALUES ( (SELECT id FROM point WHERE x=139 AND y=182 AND ninstance = (SELECT id FROM instance WHERE nom = 'P-n022-k08')), (SELECT id FROM point WHERE x=155 AND y=185 AND ninstance = (SELECT id FROM instance WHERE nom = 'P-n022-k08')), 16.27);

INSERT INTO planning(ninstance) VALUES ((SELECT id FROM instance WHERE nom = 'P-n022-k08'));

INSERT INTO vehicule(capacite, ndepot, ninstance) VALUES(3000, (SELECT id FROM point WHERE x=145 AND y=215 AND ninstance = (SELECT id FROM instance WHERE nom = 'P-n022-k08')), (SELECT id FROM instance WHERE nom = 'P-n022-k08'));
INSERT INTO vehicule(capacite, ndepot, ninstance) VALUES(3000, (SELECT id FROM point WHERE x=145 AND y=215 AND ninstance = (SELECT id FROM instance WHERE nom = 'P-n022-k08')), (SELECT id FROM instance WHERE nom = 'P-n022-k08'));
INSERT INTO vehicule(capacite, ndepot, ninstance) VALUES(3000, (SELECT id FROM point WHERE x=145 AND y=215 AND ninstance = (SELECT id FROM instance WHERE nom = 'P-n022-k08')), (SELECT id FROM instance WHERE nom = 'P-n022-k08'));
INSERT INTO vehicule(capacite, ndepot, ninstance) VALUES(3000, (SELECT id FROM point WHERE x=145 AND y=215 AND ninstance = (SELECT id FROM instance WHERE nom = 'P-n022-k08')), (SELECT id FROM instance WHERE nom = 'P-n022-k08'));
INSERT INTO vehicule(capacite, ndepot, ninstance) VALUES(3000, (SELECT id FROM point WHERE x=145 AND y=215 AND ninstance = (SELECT id FROM instance WHERE nom = 'P-n022-k08')), (SELECT id FROM instance WHERE nom = 'P-n022-k08'));
INSERT INTO vehicule(capacite, ndepot, ninstance) VALUES(3000, (SELECT id FROM point WHERE x=145 AND y=215 AND ninstance = (SELECT id FROM instance WHERE nom = 'P-n022-k08')), (SELECT id FROM instance WHERE nom = 'P-n022-k08'));
INSERT INTO vehicule(capacite, ndepot, ninstance) VALUES(3000, (SELECT id FROM point WHERE x=145 AND y=215 AND ninstance = (SELECT id FROM instance WHERE nom = 'P-n022-k08')), (SELECT id FROM instance WHERE nom = 'P-n022-k08'));
INSERT INTO vehicule(capacite, ndepot, ninstance) VALUES(3000, (SELECT id FROM point WHERE x=145 AND y=215 AND ninstance = (SELECT id FROM instance WHERE nom = 'P-n022-k08')), (SELECT id FROM instance WHERE nom = 'P-n022-k08'));
INSERT INTO vehicule(capacite, ndepot, ninstance) VALUES(3000, (SELECT id FROM point WHERE x=145 AND y=215 AND ninstance = (SELECT id FROM instance WHERE nom = 'P-n022-k08')), (SELECT id FROM instance WHERE nom = 'P-n022-k08'));
INSERT INTO vehicule(capacite, ndepot, ninstance) VALUES(3000, (SELECT id FROM point WHERE x=145 AND y=215 AND ninstance = (SELECT id FROM instance WHERE nom = 'P-n022-k08')), (SELECT id FROM instance WHERE nom = 'P-n022-k08'));
INSERT INTO vehicule(capacite, ndepot, ninstance) VALUES(3000, (SELECT id FROM point WHERE x=145 AND y=215 AND ninstance = (SELECT id FROM instance WHERE nom = 'P-n022-k08')), (SELECT id FROM instance WHERE nom = 'P-n022-k08'));
INSERT INTO vehicule(capacite, ndepot, ninstance) VALUES(3000, (SELECT id FROM point WHERE x=145 AND y=215 AND ninstance = (SELECT id FROM instance WHERE nom = 'P-n022-k08')), (SELECT id FROM instance WHERE nom = 'P-n022-k08'));
INSERT INTO vehicule(capacite, ndepot, ninstance) VALUES(3000, (SELECT id FROM point WHERE x=145 AND y=215 AND ninstance = (SELECT id FROM instance WHERE nom = 'P-n022-k08')), (SELECT id FROM instance WHERE nom = 'P-n022-k08'));
INSERT INTO vehicule(capacite, ndepot, ninstance) VALUES(3000, (SELECT id FROM point WHERE x=145 AND y=215 AND ninstance = (SELECT id FROM instance WHERE nom = 'P-n022-k08')), (SELECT id FROM instance WHERE nom = 'P-n022-k08'));
INSERT INTO vehicule(capacite, ndepot, ninstance) VALUES(3000, (SELECT id FROM point WHERE x=145 AND y=215 AND ninstance = (SELECT id FROM instance WHERE nom = 'P-n022-k08')), (SELECT id FROM instance WHERE nom = 'P-n022-k08'));
INSERT INTO vehicule(capacite, ndepot, ninstance) VALUES(3000, (SELECT id FROM point WHERE x=145 AND y=215 AND ninstance = (SELECT id FROM instance WHERE nom = 'P-n022-k08')), (SELECT id FROM instance WHERE nom = 'P-n022-k08'));
INSERT INTO vehicule(capacite, ndepot, ninstance) VALUES(3000, (SELECT id FROM point WHERE x=145 AND y=215 AND ninstance = (SELECT id FROM instance WHERE nom = 'P-n022-k08')), (SELECT id FROM instance WHERE nom = 'P-n022-k08'));
INSERT INTO vehicule(capacite, ndepot, ninstance) VALUES(3000, (SELECT id FROM point WHERE x=145 AND y=215 AND ninstance = (SELECT id FROM instance WHERE nom = 'P-n022-k08')), (SELECT id FROM instance WHERE nom = 'P-n022-k08'));
INSERT INTO vehicule(capacite, ndepot, ninstance) VALUES(3000, (SELECT id FROM point WHERE x=145 AND y=215 AND ninstance = (SELECT id FROM instance WHERE nom = 'P-n022-k08')), (SELECT id FROM instance WHERE nom = 'P-n022-k08'));
INSERT INTO vehicule(capacite, ndepot, ninstance) VALUES(3000, (SELECT id FROM point WHERE x=145 AND y=215 AND ninstance = (SELECT id FROM instance WHERE nom = 'P-n022-k08')), (SELECT id FROM instance WHERE nom = 'P-n022-k08'));
INSERT INTO vehicule(capacite, ndepot, ninstance) VALUES(3000, (SELECT id FROM point WHERE x=145 AND y=215 AND ninstance = (SELECT id FROM instance WHERE nom = 'P-n022-k08')), (SELECT id FROM instance WHERE nom = 'P-n022-k08'));
